Blender 4.0.2
Fra:1 Mem:24.38M (Peak 24.38M) | Time:00:00.01 | Mem:0.00M, Peak:0.00M | Scene, ViewLayer | Synchronizing object | Pedestal_Concreto_1
Fra:1 Mem:24.39M (Peak 24.39M) | Time:00:00.02 | Mem:0.00M, Peak:0.00M | Scene, ViewLayer | Synchronizing object | Pilar_Eucalipto_1
Fra:1 Mem:24.39M (Peak 24.39M) | Time:00:00.02 | Mem:0.00M, Peak:0.00M | Scene, ViewLayer | Synchronizing object | Pedestal_Concreto_2
Fra:1 Mem:24.40M (Peak 24.40M) | Time:00:00.02 | Mem:0.00M, Peak:0.00M | Scene, ViewLayer | Synchronizing object | Pilar_Eucalipto_2
Fra:1 Mem:24.41M (Peak 24.41M) | Time:00:00.02 | Mem:0.00M, Peak:0.00M | Scene, ViewLayer | Synchronizing object | Pedestal_Concreto_3
Fra:1 Mem:24.41M (Peak 24.41M) | Time:00:00.02 | Mem:0.00M, Peak:0.00M | Scene, ViewLayer | Synchronizing object | Pedestal_Concreto_4
Fra:1 Mem:24.43M (Peak 24.43M) | Time:00:00.02 | Mem:0.00M, Peak:0.00M | Scene, ViewLayer | Synchronizing object | Pilar_Eucalipto_4
Fra:1 Mem:24.43M (Peak 24.43M) | Time:00:00.02 | Mem:0.00M, Peak:0.00M | Scene, ViewLayer | Synchronizing object | Pilar_Eucalipto_5
Fra:1 Mem:24.45M (Peak 24.45M) | Time:00:00.02 | Mem:0.00M, Peak:0.00M | Scene, ViewLayer | Synchronizing object | Pedestal_Concreto_6
Fra:1 Mem:24.45M (Peak 24.45M) | Time:00:00.02 | Mem:0.00M, Peak:0.00M | Scene, ViewLayer | Synchronizing object | Pilar_Eucalipto_7
Fra:1 Mem:24.45M (Peak 24.46M) | Time:00:00.02 | Mem:0.00M, Peak:0.00M | Scene, ViewLayer | Synchronizing object | Pedestal_Concreto_8
Fra:1 Mem:24.49M (Peak 24.49M) | Time:00:00.02 | Mem:0.00M, Peak:0.00M | Scene, ViewLayer | Synchronizing object | Pilar_Eucalipto_8
Fra:1 Mem:24.49M (Peak 24.49M) | Time:00:00.02 | Mem:0.00M, Peak:0.00M | Scene, ViewLayer | Synchronizing object | Pedestal_Concreto_10
Fra:1 Mem:24.51M (Peak 24.51M) | Time:00:00.02 | Mem:0.00M, Peak:0.00M | Scene, ViewLayer | Synchronizing object | Pilar_Eucalipto_10
Fra:1 Mem:24.52M (Peak 24.52M) | Time:00:00.02 | Mem:0.00M, Peak:0.00M | Scene, ViewLayer | Synchronizing object | Banheiro_Parede_Oeste_1_a
Fra:1 Mem:24.53M (Peak 24.53M) | Time:00:00.02 | Mem:0.00M, Peak:0.00M | Scene, ViewLayer | Synchronizing object | Banheiro_Parede_Oeste_1_b
Fra:1 Mem:24.53M (Peak 24.53M) | Time:00:00.02 | Mem:0.00M, Peak:0.00M | Scene, ViewLayer | Synchronizing object | Banheiro_Parede_Oeste_1_Porta
Fra:1 Mem:24.53M (Peak 24.53M) | Time:00:00.02 | Mem:0.00M, Peak:0.00M | Scene, ViewLayer | Synchronizing object | Banheiro_Parede_Oeste_2_a
Fra:1 Mem:24.53M (Peak 24.53M) | Time:00:00.02 | Mem:0.00M, Peak:0.00M | Scene, ViewLayer | Synchronizing object | Banheiro_Parede_Leste_1_a
Fra:1 Mem:24.53M (Peak 24.53M) | Time:00:00.02 | Mem:0.00M, Peak:0.00M | Scene, ViewLayer | Synchronizing object | Banheiro_Parede_Leste_1_b
Fra:1 Mem:24.53M (Peak 24.53M) | Time:00:00.02 | Mem:0.00M, Peak:0.00M | Scene, ViewLayer | Synchronizing object | Banheiro_Parede_Leste_1_Porta
Fra:1 Mem:24.53M (Peak 24.53M) | Time:00:00.02 | Mem:0.00M, Peak:0.00M | Scene, ViewLayer | Synchronizing object | Banheiro_Parede_Leste_2_a
Fra:1 Mem:24.54M (Peak 24.54M) | Time:00:00.02 | Mem:0.00M, Peak:0.00M | Scene, ViewLayer | Synchronizing object | Banheiro_Parede_Leste_2_Porta
Fra:1 Mem:24.54M (Peak 24.54M) | Time:00:00.02 | Mem:0.00M, Peak:0.00M | Scene, ViewLayer | Synchronizing object | Banheiro_Parede_Norte
Fra:1 Mem:24.54M (Peak 24.54M) | Time:00:00.02 | Mem:0.00M, Peak:0.00M | Scene, ViewLayer | Synchronizing object | Banheiro_Parede_Central
Fra:1 Mem:24.54M (Peak 24.54M) | Time:00:00.02 | Mem:0.00M, Peak:0.00M | Scene, ViewLayer | Synchronizing object | Banheiro_Particao_Ducha
Fra:1 Mem:24.54M (Peak 24.54M) | Time:00:00.02 | Mem:0.00M, Peak:0.00M | Scene, ViewLayer | Synchronizing object | Banheiro_Piso
Fra:1 Mem:24.54M (Peak 24.54M) | Time:00:00.02 | Mem:0.00M, Peak:0.00M | Scene, ViewLayer | Synchronizing object | Ducha_1_Base
Fra:1 Mem:24.54M (Peak 24.54M) | Time:00:00.02 | Mem:0.00M, Peak:0.00M | Scene, ViewLayer | Synchronizing object | Ducha_1_Coluna
Fra:1 Mem:24.54M (Peak 24.54M) | Time:00:00.02 | Mem:0.00M, Peak:0.00M | Scene, ViewLayer | Synchronizing object | Ducha_1_Registro
Fra:1 Mem:24.55M (Peak 24.55M) | Time:00:00.02 | Mem:0.00M, Peak:0.00M | Scene, ViewLayer | Synchronizing object | Ducha_2_Coluna
Fra:1 Mem:24.55M (Peak 24.55M) | Time:00:00.02 | Mem:0.00M, Peak:0.00M | Scene, ViewLayer | Synchronizing object | Ducha_2_Registro
Fra:1 Mem:24.56M (Peak 24.56M) | Time:00:00.02 | Mem:0.00M, Peak:0.00M | Scene, ViewLayer | Synchronizing object | Lavabo_1_Caixa
Fra:1 Mem:24.57M (Peak 24.57M) | Time:00:00.02 | Mem:0.00M, Peak:0.00M | Scene, ViewLayer | Synchronizing object | Lavabo_1_Pia
Fra:1 Mem:24.57M (Peak 24.57M) | Time:00:00.02 | Mem:0.00M, Peak:0.00M | Scene, ViewLayer | Synchronizing object | Lavabo_2_Caixa
Fra:1 Mem:24.57M (Peak 24.57M) | Time:00:00.02 | Mem:0.00M, Peak:0.00M | Scene, ViewLayer | Synchronizing object | Lavabo_2_Pia
Fra:1 Mem:24.57M (Peak 24.57M) | Time:00:00.02 | Mem:0.00M, Peak:0.00M | Scene, ViewLayer | Synchronizing object | Bancada_Base
Fra:1 Mem:24.57M (Peak 24.57M) | Time:00:00.02 | Mem:0.00M, Peak:0.00M | Scene, ViewLayer | Synchronizing object | Bancada_Tampo_Sul
Fra:1 Mem:24.58M (Peak 24.58M) | Time:00:00.02 | Mem:0.00M, Peak:0.00M | Scene, ViewLayer | Synchronizing object | Bancada_Tampo_Norte
Fra:1 Mem:24.58M (Peak 24.58M) | Time:00:00.02 | Mem:0.00M, Peak:0.00M | Scene, ViewLayer | Synchronizing object | Bancada_Pia_Cuba
Fra:1 Mem:24.58M (Peak 24.58M) | Time:00:00.02 | Mem:0.00M, Peak:0.00M | Scene, ViewLayer | Synchronizing object | Bancada_Pia_Coluna_Torneira
Fra:1 Mem:24.58M (Peak 24.58M) | Time:00:00.02 | Mem:0.00M, Peak:0.00M | Scene, ViewLayer | Synchronizing object | Bancada_Pia_Bico_Torneira
Fra:1 Mem:24.60M (Peak 24.60M) | Time:00:00.02 | Mem:0.00M, Peak:0.00M | Scene, ViewLayer | Synchronizing object | Churrasqueira_Barra_2
Fra:1 Mem:24.61M (Peak 24.61M) | Time:00:00.02 | Mem:0.00M, Peak:0.00M | Scene, ViewLayer | Synchronizing object | Churrasqueira_Barra_3
Fra:1 Mem:24.61M (Peak 24.61M) | Time:00:00.02 | Mem:0.00M, Peak:0.00M | Scene, ViewLayer | Synchronizing object | Churrasqueira_Barra_5
Fra:1 Mem:24.62M (Peak 24.62M) | Time:00:00.02 | Mem:0.00M, Peak:0.00M | Scene, ViewLayer | Synchronizing object | Churrasqueira_Barra_6
Fra:1 Mem:24.62M (Peak 24.62M) | Time:00:00.02 | Mem:0.00M, Peak:0.00M | Scene, ViewLayer | Synchronizing object | Churrasqueira_Brasa
Fra:1 Mem:24.63M (Peak 24.63M) | Time:00:00.02 | Mem:0.00M, Peak:0.00M | Scene, ViewLayer | Synchronizing object | Churrasqueira_Chamine
Fra:1 Mem:24.63M (Peak 24.63M) | Time:00:00.02 | Mem:0.00M, Peak:0.00M | Scene, ViewLayer | Synchronizing object | Mesa_Tampo
Fra:1 Mem:24.63M (Peak 24.63M) | Time:00:00.02 | Mem:0.00M, Peak:0.00M | Scene, ViewLayer | Synchronizing object | Mesa_Pe_-1_1
Fra:1 Mem:24.65M (Peak 24.65M) | Time:00:00.02 | Mem:0.00M, Peak:0.00M | Scene, ViewLayer | Synchronizing object | Mesa_Pe_1_-1
Fra:1 Mem:24.65M (Peak 24.65M) | Time:00:00.02 | Mem:0.00M, Peak:0.00M | Scene, ViewLayer | Synchronizing object | Banco_Oeste_Assento
Fra:1 Mem:24.65M (Peak 24.65M) | Time:00:00.02 | Mem:0.00M, Peak:0.00M | Scene, ViewLayer | Synchronizing object | Banco_Oeste_Pe_-1
Fra:1 Mem:24.65M (Peak 24.65M) | Time:00:00.02 | Mem:0.00M, Peak:0.00M | Scene, ViewLayer | Synchronizing object | Banco_Leste_Assento
Fra:1 Mem:24.65M (Peak 24.65M) | Time:00:00.02 | Mem:0.00M, Peak:0.00M | Scene, ViewLayer | Synchronizing object | Banco_Leste_Pe_-1
Fra:1 Mem:24.66M (Peak 24.66M) | Time:00:00.02 | Mem:0.00M, Peak:0.00M | Scene, ViewLayer | Synchronizing object | Banco_Leste_Pe_1
Fra:1 Mem:24.67M (Peak 24.67M) | Time:00:00.02 | Mem:0.00M, Peak:0.00M | Scene, ViewLayer | Synchronizing object | Parede_Sul_1_2
Fra:1 Mem:24.67M (Peak 24.67M) | Time:00:00.02 | Mem:0.00M, Peak:0.00M | Scene, ViewLayer | Synchronizing object | Parede_Leste_4_5
Fra:1 Mem:24.67M (Peak 24.67M) | Time:00:00.02 | Mem:0.00M, Peak:0.00M | Scene, ViewLayer | Synchronizing object | Sala_Tapete
Fra:1 Mem:24.68M (Peak 24.68M) | Time:00:00.02 | Mem:0.00M, Peak:0.00M | Scene, ViewLayer | Synchronizing object | Sofa_Sul_Assento
Fra:1 Mem:24.68M (Peak 24.68M) | Time:00:00.02 | Mem:0.00M, Peak:0.00M | Scene, ViewLayer | Synchronizing object | Sofa_Sul_Encosto
Fra:1 Mem:24.68M (Peak 24.68M) | Time:00:00.02 | Mem:0.00M, Peak:0.00M | Scene, ViewLayer | Synchronizing object | Sofa_Sul_Pe_0_-1
Fra:1 Mem:24.68M (Peak 24.68M) | Time:00:00.02 | Mem:0.00M, Peak:0.00M | Scene, ViewLayer | Synchronizing object | Sofa_Sul_Pe_0_1
Fra:1 Mem:24.68M (Peak 24.68M) | Time:00:00.02 | Mem:0.00M, Peak:0.00M | Scene, ViewLayer | Synchronizing object | Sofa_Sul_Pe_1_-1
Fra:1 Mem:24.69M (Peak 24.69M) | Time:00:00.02 | Mem:0.00M, Peak:0.00M | Scene, ViewLayer | Synchronizing object | Sofa_Sul_Pe_1_1
Fra:1 Mem:24.69M (Peak 24.69M) | Time:00:00.02 | Mem:0.00M, Peak:0.00M | Scene, ViewLayer | Synchronizing object | Sofa_Norte_Assento
Fra:1 Mem:24.69M (Peak 24.69M) | Time:00:00.02 | Mem:0.00M, Peak:0.00M | Scene, ViewLayer | Synchronizing object | Sofa_Norte_Braco_-1
Fra:1 Mem:24.69M (Peak 24.69M) | Time:00:00.02 | Mem:0.00M, Peak:0.00M | Scene, ViewLayer | Synchronizing object | Sofa_Norte_Braco_1
Fra:1 Mem:24.69M (Peak 24.69M) | Time:00:00.02 | Mem:0.00M, Peak:0.00M | Scene, ViewLayer | Synchronizing object | Sofa_Norte_Pe_0_-1
Fra:1 Mem:24.69M (Peak 24.69M) | Time:00:00.02 | Mem:0.00M, Peak:0.00M | Scene, ViewLayer | Synchronizing object | Sofa_Norte_Pe_0_1
Fra:1 Mem:24.70M (Peak 24.70M) | Time:00:00.02 | Mem:0.00M, Peak:0.00M | Scene, ViewLayer | Synchronizing object | Sofa_Norte_Pe_1_-1
Fra:1 Mem:24.70M (Peak 24.70M) | Time:00:00.02 | Mem:0.00M, Peak:0.00M | Scene, ViewLayer | Synchronizing object | Sofa_Norte_Pe_1_1
Fra:1 Mem:24.70M (Peak 24.70M) | Time:00:00.02 | Mem:0.00M, Peak:0.00M | Scene, ViewLayer | Synchronizing object | Mesa_Centro_Tampo
Fra:1 Mem:24.70M (Peak 24.70M) | Time:00:00.02 | Mem:0.00M, Peak:0.00M | Scene, ViewLayer | Synchronizing object | Mesa_Centro_Pe_-1_-1
Fra:1 Mem:24.71M (Peak 24.71M) | Time:00:00.02 | Mem:0.00M, Peak:0.00M | Scene, ViewLayer | Synchronizing object | Mesa_Centro_Pe_-1_1
Fra:1 Mem:24.71M (Peak 24.71M) | Time:00:00.02 | Mem:0.00M, Peak:0.00M | Scene, ViewLayer | Synchronizing object | Mesa_Centro_Pe_1_1
Fra:1 Mem:24.72M (Peak 24.72M) | Time:00:00.02 | Mem:0.00M, Peak:0.00M | Scene, ViewLayer | Synchronizing object | Terreno_V3
Fra:1 Mem:24.72M (Peak 24.72M) | Time:00:00.02 | Mem:0.00M, Peak:0.00M | Scene, ViewLayer | Synchronizing object | MesaBar_1_Coluna
Fra:1 Mem:24.72M (Peak 24.72M) | Time:00:00.02 | Mem:0.00M, Peak:0.00M | Scene, ViewLayer | Synchronizing object | Terca_Ala_Xm225
Fra:1 Mem:24.73M (Peak 24.73M) | Time:00:00.02 | Mem:0.00M, Peak:0.00M | Scene, ViewLayer | Synchronizing object | MesaBar_1_Base
Fra:1 Mem:24.73M (Peak 24.73M) | Time:00:00.02 | Mem:0.00M, Peak:0.00M | Scene, ViewLayer | Synchronizing object | MesaBar_1_Banqueta_1_Assento
Fra:1 Mem:24.73M (Peak 24.73M) | Time:00:00.02 | Mem:0.00M, Peak:0.00M | Scene, ViewLayer | Synchronizing object | MesaBar_1_Banqueta_1_Coluna
Fra:1 Mem:24.74M (Peak 24.74M) | Time:00:00.02 | Mem:0.00M, Peak:0.00M | Scene, ViewLayer | Synchronizing object | MesaBar_1_Banqueta_1_Base
Fra:1 Mem:24.75M (Peak 24.75M) | Time:00:00.02 | Mem:0.00M, Peak:0.00M | Scene, ViewLayer | Synchronizing object | MesaBar_1_Banqueta_2_Assento
Fra:1 Mem:24.76M (Peak 24.76M) | Time:00:00.02 | Mem:0.00M, Peak:0.00M | Scene, ViewLayer | Synchronizing object | MesaBar_1_Banqueta_2_Base
Fra:1 Mem:24.77M (Peak 24.77M) | Time:00:00.02 | Mem:0.00M, Peak:0.00M | Scene, ViewLayer | Synchronizing object | MesaBar_2_Tampo
Fra:1 Mem:24.78M (Peak 24.78M) | Time:00:00.02 | Mem:0.00M, Peak:0.00M | Scene, ViewLayer | Synchronizing object | MesaBar_2_Coluna
Fra:1 Mem:24.78M (Peak 24.78M) | Time:00:00.02 | Mem:0.00M, Peak:0.00M | Scene, ViewLayer | Synchronizing object | MesaBar_2_Banqueta_1_Coluna
Fra:1 Mem:24.78M (Peak 24.78M) | Time:00:00.02 | Mem:0.00M, Peak:0.00M | Scene, ViewLayer | Synchronizing object | MesaBar_2_Banqueta_1_Base
Fra:1 Mem:24.80M (Peak 24.80M) | Time:00:00.02 | Mem:0.00M, Peak:0.00M | Scene, ViewLayer | Synchronizing object | MesaBar_2_Banqueta_2_Assento
Fra:1 Mem:24.80M (Peak 24.80M) | Time:00:00.02 | Mem:0.00M, Peak:0.00M | Scene, ViewLayer | Synchronizing object | MesaBar_2_Banqueta_2_Coluna
Fra:1 Mem:24.81M (Peak 24.81M) | Time:00:00.02 | Mem:0.00M, Peak:0.00M | Scene, ViewLayer | Synchronizing object | MesaBar_2_Banqueta_2_Base
Fra:1 Mem:24.82M (Peak 24.82M) | Time:00:00.02 | Mem:0.00M, Peak:0.00M | Scene, ViewLayer | Synchronizing object | Terca_Leste_X4
Fra:1 Mem:24.83M (Peak 24.83M) | Time:00:00.02 | Mem:0.00M, Peak:0.00M | Scene, ViewLayer | Synchronizing object | Geladeira_Puxador_1
Fra:1 Mem:24.83M (Peak 24.83M) | Time:00:00.02 | Mem:0.00M, Peak:0.00M | Scene, ViewLayer | Synchronizing object | Geladeira_Puxador_2
Fra:1 Mem:24.83M (Peak 24.83M) | Time:00:00.02 | Mem:0.00M, Peak:0.00M | Scene, ViewLayer | Synchronizing object | Fogao_Corpo
Fra:1 Mem:24.83M (Peak 24.83M) | Time:00:00.02 | Mem:0.00M, Peak:0.00M | Scene, ViewLayer | Synchronizing object | Fogao_Cooktop
Fra:1 Mem:24.83M (Peak 24.83M) | Time:00:00.02 | Mem:0.00M, Peak:0.00M | Scene, ViewLayer | Synchronizing object | Fogao_Boca_0_1
Fra:1 Mem:24.85M (Peak 24.85M) | Time:00:00.02 | Mem:0.00M, Peak:0.00M | Scene, ViewLayer | Synchronizing object | Fogao_Boca_1_0
Fra:1 Mem:24.86M (Peak 24.86M) | Time:00:00.02 | Mem:0.00M, Peak:0.00M | Scene, ViewLayer | Synchronizing object | Fogao_Forno_Porta
Fra:1 Mem:24.86M (Peak 24.86M) | Time:00:00.02 | Mem:0.00M, Peak:0.00M | Scene, ViewLayer | Synchronizing object | TV_Suporte
Fra:1 Mem:24.87M (Peak 24.87M) | Time:00:00.02 | Mem:0.00M, Peak:0.00M | Scene, ViewLayer | Synchronizing object | TV_Moldura
Fra:1 Mem:24.88M (Peak 24.88M) | Time:00:00.02 | Mem:0.00M, Peak:0.00M | Scene, ViewLayer | Synchronizing object | TV_Tela
Fra:1 Mem:24.88M (Peak 24.88M) | Time:00:00.02 | Mem:0.00M, Peak:0.00M | Scene, ViewLayer | Synchronizing object | Montante_P2
Fra:1 Mem:24.88M (Peak 24.88M) | Time:00:00.02 | Mem:0.00M, Peak:0.00M | Scene, ViewLayer | Synchronizing object | Montante_P4
Fra:1 Mem:24.89M (Peak 24.89M) | Time:00:00.02 | Mem:0.00M, Peak:0.00M | Scene, ViewLayer | Synchronizing object | Montante_P5
Fra:1 Mem:24.89M (Peak 24.89M) | Time:00:00.02 | Mem:0.00M, Peak:0.00M | Scene, ViewLayer | Synchronizing object | Viga_Transv_Y0
Fra:1 Mem:24.91M (Peak 24.91M) | Time:00:00.02 | Mem:0.00M, Peak:0.00M | Scene, ViewLayer | Synchronizing object | Terca_Central_X2
Fra:1 Mem:24.91M (Peak 24.91M) | Time:00:00.02 | Mem:0.00M, Peak:0.00M | Scene, ViewLayer | Synchronizing object | Viga_Transv_P9_P4
Fra:1 Mem:24.91M (Peak 24.91M) | Time:00:00.02 | Mem:0.00M, Peak:0.00M | Scene, ViewLayer | Synchronizing object | Viga_Transv_Y12
Fra:1 Mem:24.93M (Peak 24.93M) | Time:00:00.02 | Mem:0.00M, Peak:0.00M | Scene, ViewLayer | Synchronizing object | Viga_Transv_Ala_Y9_5
Fra:1 Mem:24.93M (Peak 24.93M) | Time:00:00.02 | Mem:0.00M, Peak:0.00M | Scene, ViewLayer | Synchronizing object | Terca_Oeste_X0
Fra:1 Mem:25.01M (Peak 25.01M) | Time:00:00.03 | Mem:0.00M, Peak:0.00M | Scene, ViewLayer | Initializing
Fra:1 Mem:18.85M (Peak 25.01M) | Time:00:00.03 | Mem:0.00M, Peak:0.00M | Scene, ViewLayer | Waiting for render to start
Fra:1 Mem:18.85M (Peak 25.01M) | Time:00:00.03 | Mem:0.00M, Peak:0.00M | Scene, ViewLayer | Loading render kernels (may take a few minutes the first time)
Fra:1 Mem:18.85M (Peak 25.01M) | Time:00:00.03 | Mem:0.00M, Peak:0.00M | Scene, ViewLayer | Updating Scene
Fra:1 Mem:18.85M (Peak 25.01M) | Time:00:00.03 | Mem:0.00M, Peak:0.00M | Scene, ViewLayer | Updating Shaders
Fra:1 Mem:18.95M (Peak 25.01M) | Time:00:00.03 | Mem:0.02M, Peak:0.02M | Scene, ViewLayer | Updating Procedurals
Fra:1 Mem:18.95M (Peak 25.01M) | Time:00:00.03 | Mem:0.02M, Peak:0.02M | Scene, ViewLayer | Updating Background
Fra:1 Mem:18.95M (Peak 25.01M) | Time:00:00.03 | Mem:0.02M, Peak:0.02M | Scene, ViewLayer | Updating Camera
Fra:1 Mem:18.95M (Peak 25.01M) | Time:00:00.03 | Mem:0.02M, Peak:0.02M | Scene, ViewLayer | Updating Meshes Flags
Fra:1 Mem:18.95M (Peak 25.01M) | Time:00:00.03 | Mem:0.02M, Peak:0.02M | Scene, ViewLayer | Updating Objects
Fra:1 Mem:18.95M (Peak 25.01M) | Time:00:00.03 | Mem:0.02M, Peak:0.02M | Scene, ViewLayer | Updating Objects | Copying Transformations to device
Fra:1 Mem:18.99M (Peak 25.01M) | Time:00:00.03 | Mem:0.06M, Peak:0.06M | Scene, ViewLayer | Updating Objects | Applying Static Transformations
Fra:1 Mem:18.99M (Peak 25.01M) | Time:00:00.03 | Mem:0.06M, Peak:0.06M | Scene, ViewLayer | Updating Particle Systems
Fra:1 Mem:18.99M (Peak 25.01M) | Time:00:00.03 | Mem:0.06M, Peak:0.06M | Scene, ViewLayer | Updating Particle Systems | Copying Particles to device
Fra:1 Mem:18.99M (Peak 25.01M) | Time:00:00.03 | Mem:0.06M, Peak:0.06M | Scene, ViewLayer | Updating Meshes
Fra:1 Mem:19.15M (Peak 25.01M) | Time:00:00.03 | Mem:0.06M, Peak:0.06M | Scene, ViewLayer | Updating Mesh | Computing attributes
Fra:1 Mem:19.25M (Peak 25.01M) | Time:00:00.03 | Mem:0.07M, Peak:0.07M | Scene, ViewLayer | Updating Mesh | Copying Attributes to device
Fra:1 Mem:19.22M (Peak 25.01M) | Time:00:00.03 | Mem:0.13M, Peak:0.13M | Scene, ViewLayer | Updating Scene BVH | Building
Fra:1 Mem:19.22M (Peak 25.01M) | Time:00:00.03 | Mem:0.13M, Peak:0.13M | Scene, ViewLayer | Updating Scene BVH | Building BVH
Fra:1 Mem:19.22M (Peak 25.01M) | Time:00:00.03 | Mem:0.45M, Peak:0.45M | Scene, ViewLayer | Updating Scene BVH | Building BVH 0%
Fra:1 Mem:19.22M (Peak 25.01M) | Time:00:00.04 | Mem:0.84M, Peak:1.16M | Scene, ViewLayer | Updating Scene BVH | Copying BVH to device
Fra:1 Mem:19.22M (Peak 25.01M) | Time:00:00.04 | Mem:0.84M, Peak:1.16M | Scene, ViewLayer | Updating Mesh | Computing normals
Fra:1 Mem:19.59M (Peak 25.01M) | Time:00:00.04 | Mem:0.84M, Peak:1.16M | Scene, ViewLayer | Updating Mesh | Copying Mesh to device
Fra:1 Mem:19.59M (Peak 25.01M) | Time:00:00.04 | Mem:1.21M, Peak:1.21M | Scene, ViewLayer | Updating Objects Flags
Fra:1 Mem:19.59M (Peak 25.01M) | Time:00:00.04 | Mem:1.21M, Peak:1.21M | Scene, ViewLayer | Updating Primitive Offsets
Fra:1 Mem:19.60M (Peak 25.01M) | Time:00:00.04 | Mem:1.21M, Peak:1.21M | Scene, ViewLayer | Updating Images
Fra:1 Mem:19.60M (Peak 25.01M) | Time:00:00.04 | Mem:1.21M, Peak:1.21M | Scene, ViewLayer | Updating Camera Volume
Fra:1 Mem:19.60M (Peak 25.01M) | Time:00:00.04 | Mem:1.21M, Peak:1.21M | Scene, ViewLayer | Updating Lookup Tables
Fra:1 Mem:19.60M (Peak 25.01M) | Time:00:00.04 | Mem:1.29M, Peak:1.29M | Scene, ViewLayer | Updating Lights
Fra:1 Mem:19.60M (Peak 25.01M) | Time:00:00.04 | Mem:1.29M, Peak:1.29M | Scene, ViewLayer | Updating Lights | Computing distribution
Fra:1 Mem:19.60M (Peak 25.01M) | Time:00:00.04 | Mem:1.29M, Peak:1.29M | Scene, ViewLayer | Updating Lights | Computing tree
Fra:1 Mem:19.60M (Peak 25.01M) | Time:00:00.04 | Mem:1.29M, Peak:1.29M | Scene, ViewLayer | Updating Integrator
Fra:1 Mem:21.60M (Peak 25.01M) | Time:00:00.04 | Mem:3.29M, Peak:3.29M | Scene, ViewLayer | Updating Film
Fra:1 Mem:21.60M (Peak 25.01M) | Time:00:00.04 | Mem:3.21M, Peak:3.29M | Scene, ViewLayer | Updating Lookup Tables
Fra:1 Mem:21.60M (Peak 25.01M) | Time:00:00.04 | Mem:3.30M, Peak:3.30M | Scene, ViewLayer | Updating Baking
Fra:1 Mem:21.60M (Peak 25.01M) | Time:00:00.04 | Mem:3.30M, Peak:3.30M | Scene, ViewLayer | Updating Device | Writing constant memory
Fra:1 Mem:21.61M (Peak 25.01M) | Time:00:00.04 | Mem:3.30M, Peak:3.30M | Scene, ViewLayer | Sample 0/300
Fra:1 Mem:92.85M (Peak 92.85M) | Time:00:00.73 | Remaining:03:25.68 | Mem:74.49M, Peak:74.49M | Scene, ViewLayer | Sample 1/300
Fra:1 Mem:92.85M (Peak 92.85M) | Time:00:37.71 | Remaining:02:16.20 | Mem:74.49M, Peak:74.49M | Scene, ViewLayer | Sample 65/300
Fra:1 Mem:92.85M (Peak 92.85M) | Time:00:48.58 | Remaining:02:13.48 | Mem:74.49M, Peak:74.49M | Scene, ViewLayer | Sample 80/300
Fra:1 Mem:92.85M (Peak 92.85M) | Time:00:50.74 | Remaining:01:47.73 | Mem:74.49M, Peak:74.49M | Scene, ViewLayer | Sample 96/300
Fra:1 Mem:92.85M (Peak 92.85M) | Time:00:52.84 | Remaining:01:28.62 | Mem:74.49M, Peak:74.49M | Scene, ViewLayer | Sample 112/300
Fra:1 Mem:92.85M (Peak 92.85M) | Time:00:54.76 | Remaining:01:13.52 | Mem:74.49M, Peak:74.49M | Scene, ViewLayer | Sample 128/300
Fra:1 Mem:92.85M (Peak 92.85M) | Time:00:56.84 | Remaining:01:01.53 | Mem:74.49M, Peak:74.49M | Scene, ViewLayer | Sample 144/300
Fra:1 Mem:92.85M (Peak 92.85M) | Time:00:58.62 | Remaining:00:51.25 | Mem:74.49M, Peak:74.49M | Scene, ViewLayer | Sample 160/300
Fra:1 Mem:92.85M (Peak 92.85M) | Time:00:57.48 | Remaining:00:40.47 | Mem:74.49M, Peak:74.49M | Scene, ViewLayer | Sample 176/300
Fra:1 Mem:92.85M (Peak 92.85M) | Time:00:59.12 | Remaining:00:33.23 | Mem:74.49M, Peak:74.49M | Scene, ViewLayer | Sample 192/300
Fra:1 Mem:92.85M (Peak 92.85M) | Time:01:00.78 | Remaining:00:26.86 | Mem:74.49M, Peak:74.49M | Scene, ViewLayer | Sample 208/300
Fra:1 Mem:92.85M (Peak 92.85M) | Time:01:02.43 | Remaining:00:21.16 | Mem:74.49M, Peak:74.49M | Scene, ViewLayer | Sample 224/300
Fra:1 Mem:92.85M (Peak 92.85M) | Time:01:04.12 | Remaining:00:16.01 | Mem:74.49M, Peak:74.49M | Scene, ViewLayer | Sample 240/300
Fra:1 Mem:92.85M (Peak 92.85M) | Time:01:05.64 | Remaining:00:11.27 | Mem:74.49M, Peak:74.49M | Scene, ViewLayer | Sample 256/300
Fra:1 Mem:92.85M (Peak 92.85M) | Time:01:07.22 | Remaining:00:06.91 | Mem:74.49M, Peak:74.49M | Scene, ViewLayer | Sample 272/300
Fra:1 Mem:92.85M (Peak 92.85M) | Time:01:08.84 | Remaining:00:02.86 | Mem:74.49M, Peak:74.49M | Scene, ViewLayer | Sample 288/300
Fra:1 Mem:124.49M (Peak 187.77M) | Time:01:10.20 | Mem:74.49M, Peak:74.49M | Scene, ViewLayer | Sample 300/300
Fra:1 Mem:124.49M (Peak 187.77M) | Time:01:10.20 | Mem:74.49M, Peak:74.49M | Scene, ViewLayer | Finished
Saved: '/home/fac/piscina/V3/renders/projeto_render_10h.png'
Time: 01:10.56 (Saving: 00:00.33)

Fra:1 Mem:24.54M (Peak 24.54M) | Time:00:00.02 | Mem:0.00M, Peak:0.00M | Scene, ViewLayer | Synchronizing object | Pedestal_Concreto_1
Fra:1 Mem:24.54M (Peak 24.54M) | Time:00:00.02 | Mem:0.00M, Peak:0.00M | Scene, ViewLayer | Synchronizing object | Pedestal_Concreto_3
Fra:1 Mem:24.55M (Peak 24.55M) | Time:00:00.02 | Mem:0.00M, Peak:0.00M | Scene, ViewLayer | Synchronizing object | Pilar_Eucalipto_5
Fra:1 Mem:24.55M (Peak 24.55M) | Time:00:00.02 | Mem:0.00M, Peak:0.00M | Scene, ViewLayer | Synchronizing object | Pilar_Eucalipto_7
Fra:1 Mem:24.56M (Peak 24.56M) | Time:00:00.02 | Mem:0.00M, Peak:0.00M | Scene, ViewLayer | Synchronizing object | Pilar_Eucalipto_8
Fra:1 Mem:24.57M (Peak 24.57M) | Time:00:00.02 | Mem:0.00M, Peak:0.00M | Scene, ViewLayer | Synchronizing object | Pedestal_Concreto_9
Fra:1 Mem:24.58M (Peak 24.58M) | Time:00:00.02 | Mem:0.00M, Peak:0.00M | Scene, ViewLayer | Synchronizing object | Pedestal_Concreto_10
Fra:1 Mem:24.58M (Peak 24.58M) | Time:00:00.02 | Mem:0.00M, Peak:0.00M | Scene, ViewLayer | Synchronizing object | Piso_Quiosque_L
Fra:1 Mem:24.59M (Peak 24.59M) | Time:00:00.02 | Mem:0.00M, Peak:0.00M | Scene, ViewLayer | Synchronizing object | Telhado_Zinco_L
Fra:1 Mem:24.59M (Peak 24.59M) | Time:00:00.02 | Mem:0.00M, Peak:0.00M | Scene, ViewLayer | Synchronizing object | Piso_Area_Piscina
Fra:1 Mem:24.59M (Peak 24.59M) | Time:00:00.02 | Mem:0.00M, Peak:0.00M | Scene, ViewLayer | Synchronizing object | Piscina_Esmeralda_Agua
Fra:1 Mem:24.60M (Peak 24.60M) | Time:00:00.02 | Mem:0.00M, Peak:0.00M | Scene, ViewLayer | Synchronizing object | Banheiro_Parede_Oeste_1_a
Fra:1 Mem:24.61M (Peak 24.61M) | Time:00:00.02 | Mem:0.00M, Peak:0.00M | Scene, ViewLayer | Synchronizing object | Banheiro_Parede_Oeste_1_b
Fra:1 Mem:24.61M (Peak 24.61M) | Time:00:00.02 | Mem:0.00M, Peak:0.00M | Scene, ViewLayer | Synchronizing object | Banheiro_Parede_Oeste_1_Porta
Fra:1 Mem:24.62M (Peak 24.62M) | Time:00:00.02 | Mem:0.00M, Peak:0.00M | Scene, ViewLayer | Synchronizing object | Banheiro_Parede_Oeste_2_a
Fra:1 Mem:24.63M (Peak 24.63M) | Time:00:00.02 | Mem:0.00M, Peak:0.00M | Scene, ViewLayer | Synchronizing object | Banheiro_Parede_Oeste_2_b
Fra:1 Mem:24.63M (Peak 24.63M) | Time:00:00.02 | Mem:0.00M, Peak:0.00M | Scene, ViewLayer | Synchronizing object | Banheiro_Parede_Leste_1_a
Fra:1 Mem:24.64M (Peak 24.64M) | Time:00:00.02 | Mem:0.00M, Peak:0.00M | Scene, ViewLayer | Synchronizing object | Banheiro_Parede_Leste_1_b
Fra:1 Mem:24.65M (Peak 24.65M) | Time:00:00.02 | Mem:0.00M, Peak:0.00M | Scene, ViewLayer | Synchronizing object | Banheiro_Parede_Leste_1_Porta
Fra:1 Mem:24.66M (Peak 24.66M) | Time:00:00.02 | Mem:0.00M, Peak:0.00M | Scene, ViewLayer | Synchronizing object | Banheiro_Parede_Leste_2_a
Fra:1 Mem:24.66M (Peak 24.66M) | Time:00:00.02 | Mem:0.00M, Peak:0.00M | Scene, ViewLayer | Synchronizing object | Banheiro_Parede_Leste_2_b
Fra:1 Mem:24.67M (Peak 24.67M) | Time:00:00.02 | Mem:0.00M, Peak:0.00M | Scene, ViewLayer | Synchronizing object | Banheiro_Parede_Leste_2_Porta
Fra:1 Mem:24.67M (Peak 24.67M) | Time:00:00.02 | Mem:0.00M, Peak:0.00M | Scene, ViewLayer | Synchronizing object | Banheiro_Parede_Norte
Fra:1 Mem:24.68M (Peak 24.68M) | Time:00:00.02 | Mem:0.00M, Peak:0.00M | Scene, ViewLayer | Synchronizing object | Banheiro_Parede_Sul
Fra:1 Mem:24.68M (Peak 24.68M) | Time:00:00.02 | Mem:0.00M, Peak:0.00M | Scene, ViewLayer | Synchronizing object | Banheiro_Parede_Central
Fra:1 Mem:24.68M (Peak 24.68M) | Time:00:00.02 | Mem:0.00M, Peak:0.00M | Scene, ViewLayer | Synchronizing object | Banheiro_Particao_Ducha
Fra:1 Mem:24.68M (Peak 24.68M) | Time:00:00.02 | Mem:0.00M, Peak:0.00M | Scene, ViewLayer | Synchronizing object | Banheiro_Particao_Lavabo
Fra:1 Mem:24.68M (Peak 24.68M) | Time:00:00.02 | Mem:0.00M, Peak:0.00M | Scene, ViewLayer | Synchronizing object | Banheiro_Piso
Fra:1 Mem:24.68M (Peak 24.68M) | Time:00:00.02 | Mem:0.00M, Peak:0.00M | Scene, ViewLayer | Synchronizing object | Ducha_1_Base
Fra:1 Mem:24.69M (Peak 24.69M) | Time:00:00.02 | Mem:0.00M, Peak:0.00M | Scene, ViewLayer | Synchronizing object | Ducha_1_Coluna
Fra:1 Mem:24.69M (Peak 24.69M) | Time:00:00.02 | Mem:0.00M, Peak:0.00M | Scene, ViewLayer | Synchronizing object | Ducha_1_Registro
Fra:1 Mem:24.69M (Peak 24.69M) | Time:00:00.02 | Mem:0.00M, Peak:0.00M | Scene, ViewLayer | Synchronizing object | Ducha_2_Base
Fra:1 Mem:24.69M (Peak 24.69M) | Time:00:00.02 | Mem:0.00M, Peak:0.00M | Scene, ViewLayer | Synchronizing object | Ducha_2_Coluna
Fra:1 Mem:24.69M (Peak 24.69M) | Time:00:00.02 | Mem:0.00M, Peak:0.00M | Scene, ViewLayer | Synchronizing object | Ducha_2_Eletrico
Fra:1 Mem:24.70M (Peak 24.70M) | Time:00:00.02 | Mem:0.00M, Peak:0.00M | Scene, ViewLayer | Synchronizing object | Lavabo_1_Caixa
Fra:1 Mem:24.70M (Peak 24.70M) | Time:00:00.02 | Mem:0.00M, Peak:0.00M | Scene, ViewLayer | Synchronizing object | Terca_Ala_Xm225
Fra:1 Mem:24.70M (Peak 24.70M) | Time:00:00.02 | Mem:0.00M, Peak:0.00M | Scene, ViewLayer | Synchronizing object | Lavabo_1_Assento
Fra:1 Mem:24.70M (Peak 24.70M) | Time:00:00.02 | Mem:0.00M, Peak:0.00M | Scene, ViewLayer | Synchronizing object | Terca_Leste_X4
Fra:1 Mem:24.70M (Peak 24.70M) | Time:00:00.02 | Mem:0.00M, Peak:0.00M | Scene, ViewLayer | Synchronizing object | Lavabo_1_Pia
Fra:1 Mem:24.71M (Peak 24.71M) | Time:00:00.02 | Mem:0.00M, Peak:0.00M | Scene, ViewLayer | Synchronizing object | Lavabo_1_Torneira
Fra:1 Mem:24.71M (Peak 24.71M) | Time:00:00.02 | Mem:0.00M, Peak:0.00M | Scene, ViewLayer | Synchronizing object | Lavabo_2_Caixa
Fra:1 Mem:24.71M (Peak 24.71M) | Time:00:00.02 | Mem:0.00M, Peak:0.00M | Scene, ViewLayer | Synchronizing object | Lavabo_2_Bacia
Fra:1 Mem:24.71M (Peak 24.71M) | Time:00:00.02 | Mem:0.00M, Peak:0.00M | Scene, ViewLayer | Synchronizing object | Lavabo_2_Assento
Fra:1 Mem:24.71M (Peak 24.71M) | Time:00:00.02 | Mem:0.00M, Peak:0.00M | Scene, ViewLayer | Synchronizing object | Lavabo_2_Pia
Fra:1 Mem:24.71M (Peak 24.71M) | Time:00:00.02 | Mem:0.00M, Peak:0.00M | Scene, ViewLayer | Synchronizing object | Lavabo_2_Torneira
Fra:1 Mem:24.72M (Peak 24.72M) | Time:00:00.02 | Mem:0.00M, Peak:0.00M | Scene, ViewLayer | Synchronizing object | Bancada_Base
Fra:1 Mem:24.72M (Peak 24.72M) | Time:00:00.02 | Mem:0.00M, Peak:0.00M | Scene, ViewLayer | Synchronizing object | Bancada_Tampo_Sul
Fra:1 Mem:24.72M (Peak 24.72M) | Time:00:00.02 | Mem:0.00M, Peak:0.00M | Scene, ViewLayer | Synchronizing object | Bancada_Tampo_Norte
Fra:1 Mem:24.72M (Peak 24.72M) | Time:00:00.02 | Mem:0.00M, Peak:0.00M | Scene, ViewLayer | Synchronizing object | Bancada_Pia_Cuba
Fra:1 Mem:24.72M (Peak 24.72M) | Time:00:00.02 | Mem:0.00M, Peak:0.00M | Scene, ViewLayer | Synchronizing object | Bancada_Pia_Coluna_Torneira
Fra:1 Mem:24.73M (Peak 24.73M) | Time:00:00.02 | Mem:0.00M, Peak:0.00M | Scene, ViewLayer | Synchronizing object | Bancada_Pia_Bico_Torneira
Fra:1 Mem:24.73M (Peak 24.73M) | Time:00:00.02 | Mem:0.00M, Peak:0.00M | Scene, ViewLayer | Synchronizing object | Churrasqueira_Corpo
Fra:1 Mem:24.73M (Peak 24.73M) | Time:00:00.02 | Mem:0.00M, Peak:0.00M | Scene, ViewLayer | Synchronizing object | Churrasqueira_Barra_1
Fra:1 Mem:24.73M (Peak 24.73M) | Time:00:00.02 | Mem:0.00M, Peak:0.00M | Scene, ViewLayer | Synchronizing object | Churrasqueira_Barra_2
Fra:1 Mem:24.74M (Peak 24.74M) | Time:00:00.02 | Mem:0.00M, Peak:0.00M | Scene, ViewLayer | Synchronizing object | Churrasqueira_Barra_3
Fra:1 Mem:24.74M (Peak 24.74M) | Time:00:00.02 | Mem:0.00M, Peak:0.00M | Scene, ViewLayer | Synchronizing object | Churrasqueira_Barra_5
Fra:1 Mem:24.75M (Peak 24.75M) | Time:00:00.02 | Mem:0.00M, Peak:0.00M | Scene, ViewLayer | Synchronizing object | Churrasqueira_Brasa
Fra:1 Mem:24.75M (Peak 24.75M) | Time:00:00.02 | Mem:0.00M, Peak:0.00M | Scene, ViewLayer | Synchronizing object | Mesa_Tampo
Fra:1 Mem:24.75M (Peak 24.75M) | Time:00:00.02 | Mem:0.00M, Peak:0.00M | Scene, ViewLayer | Synchronizing object | Mesa_Pe_-1_-1
Fra:1 Mem:24.75M (Peak 24.75M) | Time:00:00.02 | Mem:0.00M, Peak:0.00M | Scene, ViewLayer | Synchronizing object | Mesa_Pe_-1_1
Fra:1 Mem:24.76M (Peak 24.76M) | Time:00:00.02 | Mem:0.00M, Peak:0.00M | Scene, ViewLayer | Synchronizing object | Mesa_Pe_1_-1
Fra:1 Mem:24.76M (Peak 24.76M) | Time:00:00.02 | Mem:0.00M, Peak:0.00M | Scene, ViewLayer | Synchronizing object | Mesa_Pe_1_1
Fra:1 Mem:24.76M (Peak 24.76M) | Time:00:00.02 | Mem:0.00M, Peak:0.00M | Scene, ViewLayer | Synchronizing object | Banco_Oeste_Assento
Fra:1 Mem:24.76M (Peak 24.76M) | Time:00:00.02 | Mem:0.00M, Peak:0.00M | Scene, ViewLayer | Synchronizing object | Banco_Oeste_Pe_-1
Fra:1 Mem:24.77M (Peak 24.77M) | Time:00:00.02 | Mem:0.00M, Peak:0.00M | Scene, ViewLayer | Synchronizing object | Banco_Oeste_Pe_1
Fra:1 Mem:24.77M (Peak 24.77M) | Time:00:00.02 | Mem:0.00M, Peak:0.00M | Scene, ViewLayer | Synchronizing object | Banco_Leste_Assento
Fra:1 Mem:24.77M (Peak 24.77M) | Time:00:00.02 | Mem:0.00M, Peak:0.00M | Scene, ViewLayer | Synchronizing object | Banco_Leste_Pe_-1
Fra:1 Mem:24.78M (Peak 24.78M) | Time:00:00.02 | Mem:0.00M, Peak:0.00M | Scene, ViewLayer | Synchronizing object | Banco_Leste_Pe_1
Fra:1 Mem:24.79M (Peak 24.79M) | Time:00:00.02 | Mem:0.00M, Peak:0.00M | Scene, ViewLayer | Synchronizing object | Parede_Sul_1_2
Fra:1 Mem:24.79M (Peak 24.79M) | Time:00:00.02 | Mem:0.00M, Peak:0.00M | Scene, ViewLayer | Synchronizing object | Terca_Central_X2
Fra:1 Mem:24.80M (Peak 24.80M) | Time:00:00.02 | Mem:0.00M, Peak:0.00M | Scene, ViewLayer | Synchronizing object | Parede_Leste_2_3
Fra:1 Mem:24.80M (Peak 24.80M) | Time:00:00.02 | Mem:0.00M, Peak:0.00M | Scene, ViewLayer | Synchronizing object | Parede_Leste_3_4
Fra:1 Mem:24.80M (Peak 24.80M) | Time:00:00.02 | Mem:0.00M, Peak:0.00M | Scene, ViewLayer | Synchronizing object | Parede_Leste_4_5
Fra:1 Mem:24.80M (Peak 24.80M) | Time:00:00.02 | Mem:0.00M, Peak:0.00M | Scene, ViewLayer | Synchronizing object | Sofa_Sul_Assento
Fra:1 Mem:24.80M (Peak 24.80M) | Time:00:00.02 | Mem:0.00M, Peak:0.00M | Scene, ViewLayer | Synchronizing object | Sofa_Sul_Encosto
Fra:1 Mem:24.80M (Peak 24.80M) | Time:00:00.02 | Mem:0.00M, Peak:0.00M | Scene, ViewLayer | Synchronizing object | Sofa_Sul_Braco_-1
Fra:1 Mem:24.80M (Peak 24.80M) | Time:00:00.02 | Mem:0.00M, Peak:0.00M | Scene, ViewLayer | Synchronizing object | Sofa_Sul_Braco_1
Fra:1 Mem:24.80M (Peak 24.80M) | Time:00:00.02 | Mem:0.00M, Peak:0.00M | Scene, ViewLayer | Synchronizing object | Sofa_Sul_Pe_0_-1
Fra:1 Mem:24.80M (Peak 24.80M) | Time:00:00.02 | Mem:0.00M, Peak:0.00M | Scene, ViewLayer | Synchronizing object | Sofa_Sul_Pe_0_1
Fra:1 Mem:24.81M (Peak 24.81M) | Time:00:00.02 | Mem:0.00M, Peak:0.00M | Scene, ViewLayer | Synchronizing object | Sofa_Sul_Pe_1_-1
Fra:1 Mem:24.81M (Peak 24.81M) | Time:00:00.02 | Mem:0.00M, Peak:0.00M | Scene, ViewLayer | Synchronizing object | Sofa_Sul_Pe_1_1
Fra:1 Mem:24.81M (Peak 24.81M) | Time:00:00.02 | Mem:0.00M, Peak:0.00M | Scene, ViewLayer | Synchronizing object | Sofa_Norte_Assento
Fra:1 Mem:24.81M (Peak 24.81M) | Time:00:00.02 | Mem:0.00M, Peak:0.00M | Scene, ViewLayer | Synchronizing object | Sofa_Norte_Encosto
Fra:1 Mem:24.81M (Peak 24.81M) | Time:00:00.02 | Mem:0.00M, Peak:0.00M | Scene, ViewLayer | Synchronizing object | Sofa_Norte_Braco_-1
Fra:1 Mem:24.81M (Peak 24.81M) | Time:00:00.02 | Mem:0.00M, Peak:0.00M | Scene, ViewLayer | Synchronizing object | Sofa_Norte_Braco_1
Fra:1 Mem:24.81M (Peak 24.81M) | Time:00:00.02 | Mem:0.00M, Peak:0.00M | Scene, ViewLayer | Synchronizing object | Sofa_Norte_Pe_0_1
Fra:1 Mem:24.81M (Peak 24.81M) | Time:00:00.02 | Mem:0.00M, Peak:0.00M | Scene, ViewLayer | Synchronizing object | Sofa_Norte_Pe_1_-1
Fra:1 Mem:24.82M (Peak 24.82M) | Time:00:00.02 | Mem:0.00M, Peak:0.00M | Scene, ViewLayer | Synchronizing object | Sofa_Norte_Pe_1_1
Fra:1 Mem:24.82M (Peak 24.82M) | Time:00:00.02 | Mem:0.00M, Peak:0.00M | Scene, ViewLayer | Synchronizing object | Mesa_Centro_Tampo
Fra:1 Mem:24.82M (Peak 24.82M) | Time:00:00.02 | Mem:0.00M, Peak:0.00M | Scene, ViewLayer | Synchronizing object | Mesa_Centro_Pe_-1_-1
Fra:1 Mem:24.82M (Peak 24.82M) | Time:00:00.02 | Mem:0.00M, Peak:0.00M | Scene, ViewLayer | Synchronizing object | Mesa_Centro_Pe_-1_1
Fra:1 Mem:24.82M (Peak 24.82M) | Time:00:00.02 | Mem:0.00M, Peak:0.00M | Scene, ViewLayer | Synchronizing object | Mesa_Centro_Pe_1_1
Fra:1 Mem:24.82M (Peak 24.82M) | Time:00:00.02 | Mem:0.00M, Peak:0.00M | Scene, ViewLayer | Synchronizing object | MesaBar_1_Tampo
Fra:1 Mem:24.83M (Peak 24.83M) | Time:00:00.02 | Mem:0.00M, Peak:0.00M | Scene, ViewLayer | Synchronizing object | MesaBar_1_Coluna
Fra:1 Mem:24.83M (Peak 24.83M) | Time:00:00.02 | Mem:0.00M, Peak:0.00M | Scene, ViewLayer | Synchronizing object | MesaBar_1_Banqueta_1_Assento
Fra:1 Mem:24.84M (Peak 24.84M) | Time:00:00.02 | Mem:0.00M, Peak:0.00M | Scene, ViewLayer | Synchronizing object | MesaBar_1_Banqueta_1_Base
Fra:1 Mem:24.84M (Peak 24.84M) | Time:00:00.02 | Mem:0.00M, Peak:0.00M | Scene, ViewLayer | Synchronizing object | MesaBar_1_Banqueta_2_Assento
Fra:1 Mem:24.84M (Peak 24.84M) | Time:00:00.02 | Mem:0.00M, Peak:0.00M | Scene, ViewLayer | Synchronizing object | MesaBar_1_Banqueta_2_Base
Fra:1 Mem:24.85M (Peak 24.85M) | Time:00:00.02 | Mem:0.00M, Peak:0.00M | Scene, ViewLayer | Synchronizing object | MesaBar_2_Tampo
Fra:1 Mem:24.85M (Peak 24.85M) | Time:00:00.02 | Mem:0.00M, Peak:0.00M | Scene, ViewLayer | Synchronizing object | MesaBar_2_Base
Fra:1 Mem:24.86M (Peak 24.86M) | Time:00:00.02 | Mem:0.00M, Peak:0.00M | Scene, ViewLayer | Synchronizing object | MesaBar_2_Banqueta_1_Assento
Fra:1 Mem:24.86M (Peak 24.86M) | Time:00:00.02 | Mem:0.00M, Peak:0.00M | Scene, ViewLayer | Synchronizing object | MesaBar_2_Banqueta_1_Coluna
Fra:1 Mem:24.86M (Peak 24.86M) | Time:00:00.02 | Mem:0.00M, Peak:0.00M | Scene, ViewLayer | Synchronizing object | MesaBar_2_Banqueta_1_Base
Fra:1 Mem:24.87M (Peak 24.87M) | Time:00:00.02 | Mem:0.00M, Peak:0.00M | Scene, ViewLayer | Synchronizing object | MesaBar_2_Banqueta_2_Assento
Fra:1 Mem:24.88M (Peak 24.88M) | Time:00:00.02 | Mem:0.00M, Peak:0.00M | Scene, ViewLayer | Synchronizing object | MesaBar_2_Banqueta_2_Coluna
Fra:1 Mem:24.89M (Peak 24.89M) | Time:00:00.02 | Mem:0.00M, Peak:0.00M | Scene, ViewLayer | Synchronizing object | Geladeira_Corpo
Fra:1 Mem:24.89M (Peak 24.89M) | Time:00:00.02 | Mem:0.00M, Peak:0.00M | Scene, ViewLayer | Synchronizing object | Geladeira_Linha_Divisoria
Fra:1 Mem:24.89M (Peak 24.89M) | Time:00:00.02 | Mem:0.00M, Peak:0.00M | Scene, ViewLayer | Synchronizing object | Geladeira_Puxador_1
Fra:1 Mem:24.89M (Peak 24.89M) | Time:00:00.02 | Mem:0.00M, Peak:0.00M | Scene, ViewLayer | Synchronizing object | Geladeira_Puxador_2
Fra:1 Mem:24.89M (Peak 24.89M) | Time:00:00.02 | Mem:0.00M, Peak:0.00M | Scene, ViewLayer | Synchronizing object | Fogao_Corpo
Fra:1 Mem:24.90M (Peak 24.90M) | Time:00:00.02 | Mem:0.00M, Peak:0.00M | Scene, ViewLayer | Synchronizing object | Fogao_Cooktop
Fra:1 Mem:24.90M (Peak 24.90M) | Time:00:00.02 | Mem:0.00M, Peak:0.00M | Scene, ViewLayer | Synchronizing object | Fogao_Boca_0_0
Fra:1 Mem:24.90M (Peak 24.90M) | Time:00:00.02 | Mem:0.00M, Peak:0.00M | Scene, ViewLayer | Synchronizing object | Viga_Transv_Ala_Y12
Fra:1 Mem:24.91M (Peak 24.91M) | Time:00:00.02 | Mem:0.00M, Peak:0.00M | Scene, ViewLayer | Synchronizing object | Fogao_Boca_1_1
Fra:1 Mem:24.92M (Peak 24.92M) | Time:00:00.02 | Mem:0.00M, Peak:0.00M | Scene, ViewLayer | Synchronizing object | Fogao_Forno_Porta
Fra:1 Mem:24.92M (Peak 24.92M) | Time:00:00.03 | Mem:0.00M, Peak:0.00M | Scene, ViewLayer | Synchronizing object | Viga_Transv_Ala_Y9_5
Fra:1 Mem:24.92M (Peak 24.92M) | Time:00:00.03 | Mem:0.00M, Peak:0.00M | Scene, ViewLayer | Synchronizing object | TV_Moldura
Fra:1 Mem:24.92M (Peak 24.92M) | Time:00:00.03 | Mem:0.00M, Peak:0.00M | Scene, ViewLayer | Synchronizing object | TV_Tela
Fra:1 Mem:24.93M (Peak 24.93M) | Time:00:00.03 | Mem:0.00M, Peak:0.00M | Scene, ViewLayer | Synchronizing object | Montante_P2
Fra:1 Mem:24.93M (Peak 24.93M) | Time:00:00.03 | Mem:0.00M, Peak:0.00M | Scene, ViewLayer | Synchronizing object | Montante_P3
Fra:1 Mem:24.94M (Peak 24.94M) | Time:00:00.03 | Mem:0.00M, Peak:0.00M | Scene, ViewLayer | Synchronizing object | Montante_P5
Fra:1 Mem:24.95M (Peak 24.95M) | Time:00:00.03 | Mem:0.00M, Peak:0.00M | Scene, ViewLayer | Synchronizing object | Viga_Transv_Y0
Fra:1 Mem:24.94M (Peak 24.95M) | Time:00:00.03 | Mem:0.00M, Peak:0.00M | Scene, ViewLayer | Synchronizing object | Viga_Transv_Y4
Fra:1 Mem:24.95M (Peak 24.95M) | Time:00:00.03 | Mem:0.00M, Peak:0.00M | Scene, ViewLayer | Synchronizing object | Viga_Transv_P9_P4
Fra:1 Mem:24.96M (Peak 24.96M) | Time:00:00.03 | Mem:0.00M, Peak:0.00M | Scene, ViewLayer | Synchronizing object | Viga_Transv_Y12
Fra:1 Mem:25.01M (Peak 25.01M) | Time:00:00.03 | Mem:0.00M, Peak:0.00M | Scene, ViewLayer | Initializing
Fra:1 Mem:18.85M (Peak 25.01M) | Time:00:00.03 | Mem:0.00M, Peak:0.00M | Scene, ViewLayer | Waiting for render to start
Fra:1 Mem:18.85M (Peak 25.01M) | Time:00:00.03 | Mem:0.00M, Peak:0.00M | Scene, ViewLayer | Loading render kernels (may take a few minutes the first time)
Fra:1 Mem:18.85M (Peak 25.01M) | Time:00:00.03 | Mem:0.00M, Peak:0.00M | Scene, ViewLayer | Updating Scene
Fra:1 Mem:18.85M (Peak 25.01M) | Time:00:00.03 | Mem:0.00M, Peak:0.00M | Scene, ViewLayer | Updating Shaders
Fra:1 Mem:18.95M (Peak 25.01M) | Time:00:00.03 | Mem:0.02M, Peak:0.02M | Scene, ViewLayer | Updating Procedurals
Fra:1 Mem:18.95M (Peak 25.01M) | Time:00:00.03 | Mem:0.02M, Peak:0.02M | Scene, ViewLayer | Updating Background
Fra:1 Mem:18.95M (Peak 25.01M) | Time:00:00.03 | Mem:0.02M, Peak:0.02M | Scene, ViewLayer | Updating Camera
Fra:1 Mem:18.95M (Peak 25.01M) | Time:00:00.03 | Mem:0.02M, Peak:0.02M | Scene, ViewLayer | Updating Meshes Flags
Fra:1 Mem:18.95M (Peak 25.01M) | Time:00:00.03 | Mem:0.02M, Peak:0.02M | Scene, ViewLayer | Updating Objects
Fra:1 Mem:18.95M (Peak 25.01M) | Time:00:00.03 | Mem:0.02M, Peak:0.02M | Scene, ViewLayer | Updating Objects | Copying Transformations to device
Fra:1 Mem:18.99M (Peak 25.01M) | Time:00:00.03 | Mem:0.06M, Peak:0.06M | Scene, ViewLayer | Updating Objects | Applying Static Transformations
Fra:1 Mem:18.99M (Peak 25.01M) | Time:00:00.03 | Mem:0.06M, Peak:0.06M | Scene, ViewLayer | Updating Particle Systems
Fra:1 Mem:18.99M (Peak 25.01M) | Time:00:00.03 | Mem:0.06M, Peak:0.06M | Scene, ViewLayer | Updating Particle Systems | Copying Particles to device
Fra:1 Mem:18.99M (Peak 25.01M) | Time:00:00.03 | Mem:0.06M, Peak:0.06M | Scene, ViewLayer | Updating Meshes
Fra:1 Mem:19.15M (Peak 25.01M) | Time:00:00.03 | Mem:0.06M, Peak:0.06M | Scene, ViewLayer | Updating Mesh | Computing attributes
Fra:1 Mem:19.25M (Peak 25.01M) | Time:00:00.03 | Mem:0.07M, Peak:0.07M | Scene, ViewLayer | Updating Mesh | Copying Attributes to device
Fra:1 Mem:19.22M (Peak 25.01M) | Time:00:00.03 | Mem:0.13M, Peak:0.13M | Scene, ViewLayer | Updating Scene BVH | Building
Fra:1 Mem:19.22M (Peak 25.01M) | Time:00:00.03 | Mem:0.13M, Peak:0.13M | Scene, ViewLayer | Updating Scene BVH | Building BVH
Fra:1 Mem:19.22M (Peak 25.01M) | Time:00:00.03 | Mem:0.45M, Peak:0.45M | Scene, ViewLayer | Updating Scene BVH | Building BVH 0%
Fra:1 Mem:19.22M (Peak 25.01M) | Time:00:00.04 | Mem:0.84M, Peak:1.16M | Scene, ViewLayer | Updating Scene BVH | Copying BVH to device
Fra:1 Mem:19.22M (Peak 25.01M) | Time:00:00.04 | Mem:0.84M, Peak:1.16M | Scene, ViewLayer | Updating Mesh | Computing normals
Fra:1 Mem:19.59M (Peak 25.01M) | Time:00:00.04 | Mem:0.84M, Peak:1.16M | Scene, ViewLayer | Updating Mesh | Copying Mesh to device
Fra:1 Mem:19.59M (Peak 25.01M) | Time:00:00.04 | Mem:1.21M, Peak:1.21M | Scene, ViewLayer | Updating Objects Flags
Fra:1 Mem:19.59M (Peak 25.01M) | Time:00:00.04 | Mem:1.21M, Peak:1.21M | Scene, ViewLayer | Updating Primitive Offsets
Fra:1 Mem:19.60M (Peak 25.01M) | Time:00:00.04 | Mem:1.21M, Peak:1.21M | Scene, ViewLayer | Updating Images
Fra:1 Mem:19.60M (Peak 25.01M) | Time:00:00.04 | Mem:1.21M, Peak:1.21M | Scene, ViewLayer | Updating Camera Volume
Fra:1 Mem:19.60M (Peak 25.01M) | Time:00:00.04 | Mem:1.21M, Peak:1.21M | Scene, ViewLayer | Updating Lookup Tables
Fra:1 Mem:19.60M (Peak 25.01M) | Time:00:00.04 | Mem:1.29M, Peak:1.29M | Scene, ViewLayer | Updating Lights
Fra:1 Mem:19.60M (Peak 25.01M) | Time:00:00.04 | Mem:1.29M, Peak:1.29M | Scene, ViewLayer | Updating Lights | Computing distribution
Fra:1 Mem:19.60M (Peak 25.01M) | Time:00:00.04 | Mem:1.29M, Peak:1.29M | Scene, ViewLayer | Updating Lights | Computing tree
Fra:1 Mem:19.60M (Peak 25.01M) | Time:00:00.04 | Mem:1.29M, Peak:1.29M | Scene, ViewLayer | Updating Integrator
Fra:1 Mem:21.60M (Peak 25.01M) | Time:00:00.04 | Mem:3.29M, Peak:3.29M | Scene, ViewLayer | Updating Film
Fra:1 Mem:21.60M (Peak 25.01M) | Time:00:00.04 | Mem:3.21M, Peak:3.29M | Scene, ViewLayer | Updating Lookup Tables
Fra:1 Mem:21.60M (Peak 25.01M) | Time:00:00.04 | Mem:3.30M, Peak:3.30M | Scene, ViewLayer | Updating Baking
Fra:1 Mem:21.60M (Peak 25.01M) | Time:00:00.04 | Mem:3.30M, Peak:3.30M | Scene, ViewLayer | Updating Device | Writing constant memory
Fra:1 Mem:21.61M (Peak 25.01M) | Time:00:00.04 | Mem:3.30M, Peak:3.30M | Scene, ViewLayer | Sample 0/300
Fra:1 Mem:92.85M (Peak 92.85M) | Time:00:00.94 | Remaining:04:28.76 | Mem:74.49M, Peak:74.49M | Scene, ViewLayer | Sample 1/300
Fra:1 Mem:92.85M (Peak 92.85M) | Time:00:19.88 | Remaining:02:40.52 | Mem:74.49M, Peak:74.49M | Scene, ViewLayer | Sample 33/300
Fra:1 Mem:92.85M (Peak 92.85M) | Time:00:49.88 | Remaining:02:17.06 | Mem:74.49M, Peak:74.49M | Scene, ViewLayer | Sample 80/300
Fra:1 Mem:92.85M (Peak 92.85M) | Time:00:52.10 | Remaining:01:50.63 | Mem:74.49M, Peak:74.49M | Scene, ViewLayer | Sample 96/300
Fra:1 Mem:92.85M (Peak 92.85M) | Time:00:54.03 | Remaining:01:30.63 | Mem:74.49M, Peak:74.49M | Scene, ViewLayer | Sample 112/300
Fra:1 Mem:92.85M (Peak 92.85M) | Time:00:56.06 | Remaining:01:15.26 | Mem:74.49M, Peak:74.49M | Scene, ViewLayer | Sample 128/300
Fra:1 Mem:92.85M (Peak 92.85M) | Time:00:57.91 | Remaining:01:02.69 | Mem:74.49M, Peak:74.49M | Scene, ViewLayer | Sample 144/300
Fra:1 Mem:92.85M (Peak 92.85M) | Time:00:59.80 | Remaining:00:52.28 | Mem:74.49M, Peak:74.49M | Scene, ViewLayer | Sample 160/300
Fra:1 Mem:92.85M (Peak 92.85M) | Time:01:01.67 | Remaining:00:43.41 | Mem:74.49M, Peak:74.49M | Scene, ViewLayer | Sample 176/300
Fra:1 Mem:92.85M (Peak 92.85M) | Time:01:03.45 | Remaining:00:35.66 | Mem:74.49M, Peak:74.49M | Scene, ViewLayer | Sample 192/300
Fra:1 Mem:92.85M (Peak 92.85M) | Time:01:05.43 | Remaining:00:28.92 | Mem:74.49M, Peak:74.49M | Scene, ViewLayer | Sample 208/300
Fra:1 Mem:92.85M (Peak 92.85M) | Time:01:07.33 | Remaining:00:22.83 | Mem:74.49M, Peak:74.49M | Scene, ViewLayer | Sample 224/300
Fra:1 Mem:92.85M (Peak 92.85M) | Time:01:09.00 | Remaining:00:17.23 | Mem:74.49M, Peak:74.49M | Scene, ViewLayer | Sample 240/300
Fra:1 Mem:92.85M (Peak 92.85M) | Time:01:10.70 | Remaining:00:12.14 | Mem:74.49M, Peak:74.49M | Scene, ViewLayer | Sample 256/300
Fra:1 Mem:92.85M (Peak 92.85M) | Time:01:12.37 | Remaining:00:07.44 | Mem:74.49M, Peak:74.49M | Scene, ViewLayer | Sample 272/300
Fra:1 Mem:92.85M (Peak 92.85M) | Time:01:13.89 | Remaining:00:03.07 | Mem:74.49M, Peak:74.49M | Scene, ViewLayer | Sample 288/300
Fra:1 Mem:124.49M (Peak 187.77M) | Time:01:15.21 | Mem:74.49M, Peak:74.49M | Scene, ViewLayer | Sample 300/300
Fra:1 Mem:124.49M (Peak 187.77M) | Time:01:15.21 | Mem:74.49M, Peak:74.49M | Scene, ViewLayer | Finished
Saved: '/home/fac/piscina/V3/renders/projeto_render_11h.png'
Time: 01:15.55 (Saving: 00:00.32)

Fra:1 Mem:24.54M (Peak 24.54M) | Time:00:00.01 | Mem:0.00M, Peak:0.00M | Scene, ViewLayer | Synchronizing object | Pedestal_Concreto_1
Fra:1 Mem:24.54M (Peak 24.54M) | Time:00:00.01 | Mem:0.00M, Peak:0.00M | Scene, ViewLayer | Synchronizing object | Pedestal_Concreto_6
Fra:1 Mem:24.55M (Peak 24.55M) | Time:00:00.01 | Mem:0.00M, Peak:0.00M | Scene, ViewLayer | Synchronizing object | Pedestal_Concreto_7
Fra:1 Mem:24.55M (Peak 24.55M) | Time:00:00.01 | Mem:0.00M, Peak:0.00M | Scene, ViewLayer | Synchronizing object | Pedestal_Concreto_8
Fra:1 Mem:24.56M (Peak 24.56M) | Time:00:00.01 | Mem:0.00M, Peak:0.00M | Scene, ViewLayer | Synchronizing object | Pilar_Eucalipto_8
Fra:1 Mem:24.57M (Peak 24.57M) | Time:00:00.01 | Mem:0.00M, Peak:0.00M | Scene, ViewLayer | Synchronizing object | Pedestal_Concreto_9
Fra:1 Mem:24.58M (Peak 24.58M) | Time:00:00.01 | Mem:0.00M, Peak:0.00M | Scene, ViewLayer | Synchronizing object | Pilar_Eucalipto_9
Fra:1 Mem:24.58M (Peak 24.58M) | Time:00:00.01 | Mem:0.00M, Peak:0.00M | Scene, ViewLayer | Synchronizing object | Pilar_Eucalipto_10
Fra:1 Mem:24.59M (Peak 24.59M) | Time:00:00.01 | Mem:0.00M, Peak:0.00M | Scene, ViewLayer | Synchronizing object | Piso_Quiosque_L
Fra:1 Mem:24.59M (Peak 24.59M) | Time:00:00.01 | Mem:0.00M, Peak:0.00M | Scene, ViewLayer | Synchronizing object | Telhado_Zinco_L
Fra:1 Mem:24.60M (Peak 24.60M) | Time:00:00.01 | Mem:0.00M, Peak:0.00M | Scene, ViewLayer | Synchronizing object | Piscina_Esmeralda_Casca
Fra:1 Mem:24.61M (Peak 24.61M) | Time:00:00.01 | Mem:0.00M, Peak:0.00M | Scene, ViewLayer | Synchronizing object | Piscina_Esmeralda_Agua
Fra:1 Mem:24.61M (Peak 24.61M) | Time:00:00.01 | Mem:0.00M, Peak:0.00M | Scene, ViewLayer | Synchronizing object | Banheiro_Parede_Oeste_1_a
Fra:1 Mem:24.62M (Peak 24.62M) | Time:00:00.01 | Mem:0.00M, Peak:0.00M | Scene, ViewLayer | Synchronizing object | Banheiro_Parede_Oeste_1_b
Fra:1 Mem:24.62M (Peak 24.62M) | Time:00:00.01 | Mem:0.00M, Peak:0.00M | Scene, ViewLayer | Synchronizing object | Banheiro_Parede_Oeste_1_Porta
Fra:1 Mem:24.62M (Peak 24.62M) | Time:00:00.01 | Mem:0.00M, Peak:0.00M | Scene, ViewLayer | Synchronizing object | Banheiro_Parede_Oeste_2_a
Fra:1 Mem:24.62M (Peak 24.62M) | Time:00:00.01 | Mem:0.00M, Peak:0.00M | Scene, ViewLayer | Synchronizing object | Banheiro_Parede_Oeste_2_b
Fra:1 Mem:24.63M (Peak 24.63M) | Time:00:00.01 | Mem:0.00M, Peak:0.00M | Scene, ViewLayer | Synchronizing object | Banheiro_Parede_Oeste_2_Porta
Fra:1 Mem:24.63M (Peak 24.63M) | Time:00:00.01 | Mem:0.00M, Peak:0.00M | Scene, ViewLayer | Synchronizing object | Banheiro_Parede_Leste_1_b
Fra:1 Mem:24.63M (Peak 24.63M) | Time:00:00.01 | Mem:0.00M, Peak:0.00M | Scene, ViewLayer | Synchronizing object | Banheiro_Parede_Leste_1_Porta
Fra:1 Mem:24.64M (Peak 24.64M) | Time:00:00.01 | Mem:0.00M, Peak:0.00M | Scene, ViewLayer | Synchronizing object | Banheiro_Parede_Leste_2_a
Fra:1 Mem:24.64M (Peak 24.64M) | Time:00:00.01 | Mem:0.00M, Peak:0.00M | Scene, ViewLayer | Synchronizing object | Banheiro_Parede_Leste_2_b
Fra:1 Mem:24.65M (Peak 24.65M) | Time:00:00.01 | Mem:0.00M, Peak:0.00M | Scene, ViewLayer | Synchronizing object | Banheiro_Parede_Leste_2_Porta
Fra:1 Mem:24.66M (Peak 24.66M) | Time:00:00.01 | Mem:0.00M, Peak:0.00M | Scene, ViewLayer | Synchronizing object | Banheiro_Parede_Sul
Fra:1 Mem:24.65M (Peak 24.66M) | Time:00:00.01 | Mem:0.00M, Peak:0.00M | Scene, ViewLayer | Synchronizing object | Banheiro_Particao_Ducha
Fra:1 Mem:24.65M (Peak 24.66M) | Time:00:00.01 | Mem:0.00M, Peak:0.00M | Scene, ViewLayer | Synchronizing object | Banheiro_Particao_Lavabo
Fra:1 Mem:24.65M (Peak 24.66M) | Time:00:00.01 | Mem:0.00M, Peak:0.00M | Scene, ViewLayer | Synchronizing object | Banheiro_Piso
Fra:1 Mem:24.65M (Peak 24.66M) | Time:00:00.01 | Mem:0.00M, Peak:0.00M | Scene, ViewLayer | Synchronizing object | Ducha_1_Base
Fra:1 Mem:24.65M (Peak 24.66M) | Time:00:00.01 | Mem:0.00M, Peak:0.00M | Scene, ViewLayer | Synchronizing object | Ducha_1_Eletrico
Fra:1 Mem:24.66M (Peak 24.66M) | Time:00:00.01 | Mem:0.00M, Peak:0.00M | Scene, ViewLayer | Synchronizing object | Ducha_1_Registro
Fra:1 Mem:24.67M (Peak 24.67M) | Time:00:00.01 | Mem:0.00M, Peak:0.00M | Scene, ViewLayer | Synchronizing object | Ducha_2_Base
Fra:1 Mem:24.67M (Peak 24.67M) | Time:00:00.01 | Mem:0.00M, Peak:0.00M | Scene, ViewLayer | Synchronizing object | Ducha_2_Eletrico
Fra:1 Mem:24.67M (Peak 24.67M) | Time:00:00.01 | Mem:0.00M, Peak:0.00M | Scene, ViewLayer | Synchronizing object | Ducha_2_Registro
Fra:1 Mem:24.67M (Peak 24.67M) | Time:00:00.01 | Mem:0.00M, Peak:0.00M | Scene, ViewLayer | Synchronizing object | Lavabo_1_Caixa
Fra:1 Mem:24.67M (Peak 24.67M) | Time:00:00.01 | Mem:0.00M, Peak:0.00M | Scene, ViewLayer | Synchronizing object | Lavabo_1_Bacia
Fra:1 Mem:24.68M (Peak 24.68M) | Time:00:00.01 | Mem:0.00M, Peak:0.00M | Scene, ViewLayer | Synchronizing object | Lavabo_1_Assento
Fra:1 Mem:24.68M (Peak 24.68M) | Time:00:00.01 | Mem:0.00M, Peak:0.00M | Scene, ViewLayer | Synchronizing object | Lavabo_1_Pia
Fra:1 Mem:24.68M (Peak 24.68M) | Time:00:00.01 | Mem:0.00M, Peak:0.00M | Scene, ViewLayer | Synchronizing object | Lavabo_1_Torneira
Fra:1 Mem:24.68M (Peak 24.68M) | Time:00:00.01 | Mem:0.00M, Peak:0.00M | Scene, ViewLayer | Synchronizing object | Lavabo_2_Bacia
Fra:1 Mem:24.69M (Peak 24.69M) | Time:00:00.01 | Mem:0.00M, Peak:0.00M | Scene, ViewLayer | Synchronizing object | Lavabo_2_Assento
Fra:1 Mem:24.70M (Peak 24.70M) | Time:00:00.01 | Mem:0.00M, Peak:0.00M | Scene, ViewLayer | Synchronizing object | Lavabo_2_Torneira
Fra:1 Mem:24.70M (Peak 24.70M) | Time:00:00.01 | Mem:0.00M, Peak:0.00M | Scene, ViewLayer | Synchronizing object | Bancada_Tampo_Norte
Fra:1 Mem:24.71M (Peak 24.71M) | Time:00:00.01 | Mem:0.00M, Peak:0.00M | Scene, ViewLayer | Synchronizing object | Bancada_Pia_Cuba
Fra:1 Mem:24.71M (Peak 24.71M) | Time:00:00.01 | Mem:0.00M, Peak:0.00M | Scene, ViewLayer | Synchronizing object | Bancada_Pia_Coluna_Torneira
Fra:1 Mem:24.72M (Peak 24.72M) | Time:00:00.01 | Mem:0.00M, Peak:0.00M | Scene, ViewLayer | Synchronizing object | Churrasqueira_Corpo
Fra:1 Mem:24.72M (Peak 24.72M) | Time:00:00.02 | Mem:0.00M, Peak:0.00M | Scene, ViewLayer | Synchronizing object | Churrasqueira_Barra_2
Fra:1 Mem:24.73M (Peak 24.73M) | Time:00:00.02 | Mem:0.00M, Peak:0.00M | Scene, ViewLayer | Synchronizing object | Churrasqueira_Barra_3
Fra:1 Mem:24.73M (Peak 24.73M) | Time:00:00.02 | Mem:0.00M, Peak:0.00M | Scene, ViewLayer | Synchronizing object | Churrasqueira_Barra_4
Fra:1 Mem:24.74M (Peak 24.74M) | Time:00:00.02 | Mem:0.00M, Peak:0.00M | Scene, ViewLayer | Synchronizing object | Terreno_V3
Fra:1 Mem:24.74M (Peak 24.74M) | Time:00:00.02 | Mem:0.00M, Peak:0.00M | Scene, ViewLayer | Synchronizing object | Churrasqueira_Barra_6
Fra:1 Mem:24.75M (Peak 24.75M) | Time:00:00.02 | Mem:0.00M, Peak:0.00M | Scene, ViewLayer | Synchronizing object | Churrasqueira_Brasa
Fra:1 Mem:24.75M (Peak 24.75M) | Time:00:00.02 | Mem:0.00M, Peak:0.00M | Scene, ViewLayer | Synchronizing object | Churrasqueira_Chamine
Fra:1 Mem:24.75M (Peak 24.75M) | Time:00:00.02 | Mem:0.00M, Peak:0.00M | Scene, ViewLayer | Synchronizing object | Mesa_Tampo
Fra:1 Mem:24.75M (Peak 24.75M) | Time:00:00.02 | Mem:0.00M, Peak:0.00M | Scene, ViewLayer | Synchronizing object | Mesa_Pe_-1_-1
Fra:1 Mem:24.75M (Peak 24.75M) | Time:00:00.02 | Mem:0.00M, Peak:0.00M | Scene, ViewLayer | Synchronizing object | Mesa_Pe_-1_1
Fra:1 Mem:24.76M (Peak 24.76M) | Time:00:00.02 | Mem:0.00M, Peak:0.00M | Scene, ViewLayer | Synchronizing object | Mesa_Pe_1_-1
Fra:1 Mem:24.76M (Peak 24.76M) | Time:00:00.02 | Mem:0.00M, Peak:0.00M | Scene, ViewLayer | Synchronizing object | Mesa_Pe_1_1
Fra:1 Mem:24.76M (Peak 24.76M) | Time:00:00.02 | Mem:0.00M, Peak:0.00M | Scene, ViewLayer | Synchronizing object | Banco_Oeste_Assento
Fra:1 Mem:24.76M (Peak 24.76M) | Time:00:00.02 | Mem:0.00M, Peak:0.00M | Scene, ViewLayer | Synchronizing object | Banco_Oeste_Pe_-1
Fra:1 Mem:24.76M (Peak 24.76M) | Time:00:00.02 | Mem:0.00M, Peak:0.00M | Scene, ViewLayer | Synchronizing object | Banco_Oeste_Pe_1
Fra:1 Mem:24.77M (Peak 24.77M) | Time:00:00.02 | Mem:0.00M, Peak:0.00M | Scene, ViewLayer | Synchronizing object | Banco_Leste_Pe_-1
Fra:1 Mem:24.77M (Peak 24.77M) | Time:00:00.02 | Mem:0.00M, Peak:0.00M | Scene, ViewLayer | Synchronizing object | Banco_Leste_Pe_1
Fra:1 Mem:24.77M (Peak 24.77M) | Time:00:00.02 | Mem:0.00M, Peak:0.00M | Scene, ViewLayer | Synchronizing object | Parede_Sul_1_2
Fra:1 Mem:24.78M (Peak 24.78M) | Time:00:00.02 | Mem:0.00M, Peak:0.00M | Scene, ViewLayer | Synchronizing object | Parede_Leste_2_3
Fra:1 Mem:24.78M (Peak 24.78M) | Time:00:00.02 | Mem:0.00M, Peak:0.00M | Scene, ViewLayer | Synchronizing object | Parede_Leste_4_5
Fra:1 Mem:24.78M (Peak 24.78M) | Time:00:00.02 | Mem:0.00M, Peak:0.00M | Scene, ViewLayer | Synchronizing object | Sofa_Sul_Assento
Fra:1 Mem:24.79M (Peak 24.79M) | Time:00:00.02 | Mem:0.00M, Peak:0.00M | Scene, ViewLayer | Synchronizing object | Sofa_Sul_Encosto
Fra:1 Mem:24.79M (Peak 24.79M) | Time:00:00.02 | Mem:0.00M, Peak:0.00M | Scene, ViewLayer | Synchronizing object | Sofa_Sul_Braco_-1
Fra:1 Mem:24.79M (Peak 24.79M) | Time:00:00.02 | Mem:0.00M, Peak:0.00M | Scene, ViewLayer | Synchronizing object | Sofa_Sul_Braco_1
Fra:1 Mem:24.79M (Peak 24.79M) | Time:00:00.02 | Mem:0.00M, Peak:0.00M | Scene, ViewLayer | Synchronizing object | Sofa_Sul_Pe_0_-1
Fra:1 Mem:24.79M (Peak 24.79M) | Time:00:00.02 | Mem:0.00M, Peak:0.00M | Scene, ViewLayer | Synchronizing object | Sofa_Sul_Pe_0_1
Fra:1 Mem:24.79M (Peak 24.79M) | Time:00:00.02 | Mem:0.00M, Peak:0.00M | Scene, ViewLayer | Synchronizing object | Sofa_Sul_Pe_1_1
Fra:1 Mem:24.79M (Peak 24.79M) | Time:00:00.02 | Mem:0.00M, Peak:0.00M | Scene, ViewLayer | Synchronizing object | Sofa_Norte_Assento
Fra:1 Mem:24.79M (Peak 24.79M) | Time:00:00.02 | Mem:0.00M, Peak:0.00M | Scene, ViewLayer | Synchronizing object | Sofa_Norte_Braco_-1
Fra:1 Mem:24.79M (Peak 24.79M) | Time:00:00.02 | Mem:0.00M, Peak:0.00M | Scene, ViewLayer | Synchronizing object | Sofa_Norte_Braco_1
Fra:1 Mem:24.79M (Peak 24.79M) | Time:00:00.02 | Mem:0.00M, Peak:0.00M | Scene, ViewLayer | Synchronizing object | Terca_Ala_Xm225
Fra:1 Mem:24.79M (Peak 24.79M) | Time:00:00.02 | Mem:0.00M, Peak:0.00M | Scene, ViewLayer | Synchronizing object | Sofa_Norte_Pe_0_-1
Fra:1 Mem:24.79M (Peak 24.79M) | Time:00:00.02 | Mem:0.00M, Peak:0.00M | Scene, ViewLayer | Synchronizing object | Sofa_Norte_Pe_0_1
Fra:1 Mem:24.80M (Peak 24.80M) | Time:00:00.02 | Mem:0.00M, Peak:0.00M | Scene, ViewLayer | Synchronizing object | Sofa_Norte_Pe_1_-1
Fra:1 Mem:24.80M (Peak 24.80M) | Time:00:00.02 | Mem:0.00M, Peak:0.00M | Scene, ViewLayer | Synchronizing object | Sofa_Norte_Pe_1_1
Fra:1 Mem:24.80M (Peak 24.80M) | Time:00:00.02 | Mem:0.00M, Peak:0.00M | Scene, ViewLayer | Synchronizing object | Mesa_Centro_Tampo
Fra:1 Mem:24.80M (Peak 24.80M) | Time:00:00.02 | Mem:0.00M, Peak:0.00M | Scene, ViewLayer | Synchronizing object | Mesa_Centro_Pe_-1_-1
Fra:1 Mem:24.80M (Peak 24.80M) | Time:00:00.02 | Mem:0.00M, Peak:0.00M | Scene, ViewLayer | Synchronizing object | Mesa_Centro_Pe_-1_1
Fra:1 Mem:24.80M (Peak 24.80M) | Time:00:00.02 | Mem:0.00M, Peak:0.00M | Scene, ViewLayer | Synchronizing object | Mesa_Centro_Pe_1_-1
Fra:1 Mem:24.81M (Peak 24.81M) | Time:00:00.02 | Mem:0.00M, Peak:0.00M | Scene, ViewLayer | Synchronizing object | Mesa_Centro_Pe_1_1
Fra:1 Mem:24.81M (Peak 24.81M) | Time:00:00.02 | Mem:0.00M, Peak:0.00M | Scene, ViewLayer | Synchronizing object | MesaBar_1_Coluna
Fra:1 Mem:24.82M (Peak 24.82M) | Time:00:00.02 | Mem:0.00M, Peak:0.00M | Scene, ViewLayer | Synchronizing object | MesaBar_1_Base
Fra:1 Mem:24.82M (Peak 24.82M) | Time:00:00.02 | Mem:0.00M, Peak:0.00M | Scene, ViewLayer | Synchronizing object | MesaBar_1_Banqueta_1_Coluna
Fra:1 Mem:24.82M (Peak 24.82M) | Time:00:00.02 | Mem:0.00M, Peak:0.00M | Scene, ViewLayer | Synchronizing object | MesaBar_1_Banqueta_1_Base
Fra:1 Mem:24.82M (Peak 24.82M) | Time:00:00.02 | Mem:0.00M, Peak:0.00M | Scene, ViewLayer | Synchronizing object | MesaBar_1_Banqueta_2_Assento
Fra:1 Mem:24.83M (Peak 24.83M) | Time:00:00.02 | Mem:0.00M, Peak:0.00M | Scene, ViewLayer | Synchronizing object | MesaBar_1_Banqueta_2_Coluna
Fra:1 Mem:24.83M (Peak 24.83M) | Time:00:00.02 | Mem:0.00M, Peak:0.00M | Scene, ViewLayer | Synchronizing object | Terca_Central_X2
Fra:1 Mem:24.83M (Peak 24.83M) | Time:00:00.02 | Mem:0.00M, Peak:0.00M | Scene, ViewLayer | Synchronizing object | Terca_Oeste_X0
Fra:1 Mem:24.84M (Peak 24.84M) | Time:00:00.02 | Mem:0.00M, Peak:0.00M | Scene, ViewLayer | Synchronizing object | MesaBar_1_Banqueta_2_Base
Fra:1 Mem:24.85M (Peak 24.85M) | Time:00:00.02 | Mem:0.00M, Peak:0.00M | Scene, ViewLayer | Synchronizing object | Viga_Transv_Ala_Y12
Fra:1 Mem:24.85M (Peak 24.85M) | Time:00:00.02 | Mem:0.00M, Peak:0.00M | Scene, ViewLayer | Synchronizing object | MesaBar_2_Tampo
Fra:1 Mem:24.86M (Peak 24.86M) | Time:00:00.02 | Mem:0.00M, Peak:0.00M | Scene, ViewLayer | Synchronizing object | MesaBar_2_Coluna
Fra:1 Mem:24.86M (Peak 24.86M) | Time:00:00.02 | Mem:0.00M, Peak:0.00M | Scene, ViewLayer | Synchronizing object | MesaBar_2_Base
Fra:1 Mem:24.87M (Peak 24.87M) | Time:00:00.02 | Mem:0.00M, Peak:0.00M | Scene, ViewLayer | Synchronizing object | MesaBar_2_Banqueta_1_Assento
Fra:1 Mem:24.87M (Peak 24.87M) | Time:00:00.02 | Mem:0.00M, Peak:0.00M | Scene, ViewLayer | Synchronizing object | MesaBar_2_Banqueta_1_Base
Fra:1 Mem:24.88M (Peak 24.88M) | Time:00:00.02 | Mem:0.00M, Peak:0.00M | Scene, ViewLayer | Synchronizing object | MesaBar_2_Banqueta_2_Assento
Fra:1 Mem:24.88M (Peak 24.88M) | Time:00:00.02 | Mem:0.00M, Peak:0.00M | Scene, ViewLayer | Synchronizing object | MesaBar_2_Banqueta_2_Coluna
Fra:1 Mem:24.89M (Peak 24.89M) | Time:00:00.02 | Mem:0.00M, Peak:0.00M | Scene, ViewLayer | Synchronizing object | Geladeira_Corpo
Fra:1 Mem:24.90M (Peak 24.90M) | Time:00:00.02 | Mem:0.00M, Peak:0.00M | Scene, ViewLayer | Synchronizing object | Geladeira_Linha_Divisoria
Fra:1 Mem:24.90M (Peak 24.90M) | Time:00:00.02 | Mem:0.00M, Peak:0.00M | Scene, ViewLayer | Synchronizing object | Geladeira_Puxador_1
Fra:1 Mem:24.90M (Peak 24.90M) | Time:00:00.02 | Mem:0.00M, Peak:0.00M | Scene, ViewLayer | Synchronizing object | Geladeira_Puxador_2
Fra:1 Mem:24.90M (Peak 24.90M) | Time:00:00.02 | Mem:0.00M, Peak:0.00M | Scene, ViewLayer | Synchronizing object | Fogao_Corpo
Fra:1 Mem:24.90M (Peak 24.90M) | Time:00:00.02 | Mem:0.00M, Peak:0.00M | Scene, ViewLayer | Synchronizing object | Fogao_Cooktop
Fra:1 Mem:24.90M (Peak 24.90M) | Time:00:00.02 | Mem:0.00M, Peak:0.00M | Scene, ViewLayer | Synchronizing object | Fogao_Boca_0_0
Fra:1 Mem:24.91M (Peak 24.91M) | Time:00:00.02 | Mem:0.00M, Peak:0.00M | Scene, ViewLayer | Synchronizing object | Viga_Transv_Ala_Y9_5
Fra:1 Mem:24.92M (Peak 24.92M) | Time:00:00.02 | Mem:0.00M, Peak:0.00M | Scene, ViewLayer | Synchronizing object | Fogao_Boca_0_1
Fra:1 Mem:24.92M (Peak 24.92M) | Time:00:00.02 | Mem:0.00M, Peak:0.00M | Scene, ViewLayer | Synchronizing object | Viga_Transv_Y12
Fra:1 Mem:24.92M (Peak 24.92M) | Time:00:00.02 | Mem:0.00M, Peak:0.00M | Scene, ViewLayer | Synchronizing object | Fogao_Boca_1_1
Fra:1 Mem:24.93M (Peak 24.93M) | Time:00:00.02 | Mem:0.00M, Peak:0.00M | Scene, ViewLayer | Synchronizing object | Fogao_Forno_Porta
Fra:1 Mem:24.93M (Peak 24.93M) | Time:00:00.02 | Mem:0.00M, Peak:0.00M | Scene, ViewLayer | Synchronizing object | TV_Suporte
Fra:1 Mem:24.94M (Peak 24.94M) | Time:00:00.02 | Mem:0.00M, Peak:0.00M | Scene, ViewLayer | Synchronizing object | TV_Moldura
Fra:1 Mem:24.94M (Peak 24.94M) | Time:00:00.02 | Mem:0.00M, Peak:0.00M | Scene, ViewLayer | Synchronizing object | TV_Tela
Fra:1 Mem:24.94M (Peak 24.94M) | Time:00:00.02 | Mem:0.00M, Peak:0.00M | Scene, ViewLayer | Synchronizing object | Montante_P2
Fra:1 Mem:24.94M (Peak 24.94M) | Time:00:00.02 | Mem:0.00M, Peak:0.00M | Scene, ViewLayer | Synchronizing object | Montante_P3
Fra:1 Mem:24.95M (Peak 24.95M) | Time:00:00.02 | Mem:0.00M, Peak:0.00M | Scene, ViewLayer | Synchronizing object | Montante_P5
Fra:1 Mem:24.95M (Peak 24.95M) | Time:00:00.02 | Mem:0.00M, Peak:0.00M | Scene, ViewLayer | Synchronizing object | Viga_Transv_Y0
Fra:1 Mem:24.96M (Peak 24.96M) | Time:00:00.02 | Mem:0.00M, Peak:0.00M | Scene, ViewLayer | Synchronizing object | Viga_Transv_Y4
Fra:1 Mem:24.96M (Peak 24.96M) | Time:00:00.02 | Mem:0.00M, Peak:0.00M | Scene, ViewLayer | Synchronizing object | Viga_Transv_P9_P4
Fra:1 Mem:25.01M (Peak 25.01M) | Time:00:00.02 | Mem:0.00M, Peak:0.00M | Scene, ViewLayer | Initializing
Fra:1 Mem:18.85M (Peak 25.01M) | Time:00:00.03 | Mem:0.00M, Peak:0.00M | Scene, ViewLayer | Waiting for render to start
Fra:1 Mem:18.85M (Peak 25.01M) | Time:00:00.03 | Mem:0.00M, Peak:0.00M | Scene, ViewLayer | Loading render kernels (may take a few minutes the first time)
Fra:1 Mem:18.85M (Peak 25.01M) | Time:00:00.03 | Mem:0.00M, Peak:0.00M | Scene, ViewLayer | Updating Scene
Fra:1 Mem:18.85M (Peak 25.01M) | Time:00:00.03 | Mem:0.00M, Peak:0.00M | Scene, ViewLayer | Updating Shaders
Fra:1 Mem:18.95M (Peak 25.01M) | Time:00:00.03 | Mem:0.02M, Peak:0.02M | Scene, ViewLayer | Updating Procedurals
Fra:1 Mem:18.95M (Peak 25.01M) | Time:00:00.03 | Mem:0.02M, Peak:0.02M | Scene, ViewLayer | Updating Background
Fra:1 Mem:18.95M (Peak 25.01M) | Time:00:00.03 | Mem:0.02M, Peak:0.02M | Scene, ViewLayer | Updating Camera
Fra:1 Mem:18.95M (Peak 25.01M) | Time:00:00.03 | Mem:0.02M, Peak:0.02M | Scene, ViewLayer | Updating Meshes Flags
Fra:1 Mem:18.95M (Peak 25.01M) | Time:00:00.03 | Mem:0.02M, Peak:0.02M | Scene, ViewLayer | Updating Objects
Fra:1 Mem:18.95M (Peak 25.01M) | Time:00:00.03 | Mem:0.02M, Peak:0.02M | Scene, ViewLayer | Updating Objects | Copying Transformations to device
Fra:1 Mem:18.99M (Peak 25.01M) | Time:00:00.03 | Mem:0.06M, Peak:0.06M | Scene, ViewLayer | Updating Objects | Applying Static Transformations
Fra:1 Mem:18.99M (Peak 25.01M) | Time:00:00.03 | Mem:0.06M, Peak:0.06M | Scene, ViewLayer | Updating Particle Systems
Fra:1 Mem:18.99M (Peak 25.01M) | Time:00:00.03 | Mem:0.06M, Peak:0.06M | Scene, ViewLayer | Updating Particle Systems | Copying Particles to device
Fra:1 Mem:18.99M (Peak 25.01M) | Time:00:00.03 | Mem:0.06M, Peak:0.06M | Scene, ViewLayer | Updating Meshes
Fra:1 Mem:19.15M (Peak 25.01M) | Time:00:00.03 | Mem:0.06M, Peak:0.06M | Scene, ViewLayer | Updating Mesh | Computing attributes
Fra:1 Mem:19.25M (Peak 25.01M) | Time:00:00.03 | Mem:0.07M, Peak:0.07M | Scene, ViewLayer | Updating Mesh | Copying Attributes to device
Fra:1 Mem:19.22M (Peak 25.01M) | Time:00:00.03 | Mem:0.13M, Peak:0.13M | Scene, ViewLayer | Updating Scene BVH | Building
Fra:1 Mem:19.22M (Peak 25.01M) | Time:00:00.03 | Mem:0.13M, Peak:0.13M | Scene, ViewLayer | Updating Scene BVH | Building BVH
Fra:1 Mem:19.22M (Peak 25.01M) | Time:00:00.03 | Mem:0.45M, Peak:0.45M | Scene, ViewLayer | Updating Scene BVH | Building BVH 0%
Fra:1 Mem:19.22M (Peak 25.01M) | Time:00:00.03 | Mem:0.84M, Peak:1.16M | Scene, ViewLayer | Updating Scene BVH | Copying BVH to device
Fra:1 Mem:19.22M (Peak 25.01M) | Time:00:00.03 | Mem:0.84M, Peak:1.16M | Scene, ViewLayer | Updating Mesh | Computing normals
Fra:1 Mem:19.59M (Peak 25.01M) | Time:00:00.03 | Mem:0.84M, Peak:1.16M | Scene, ViewLayer | Updating Mesh | Copying Mesh to device
Fra:1 Mem:19.59M (Peak 25.01M) | Time:00:00.03 | Mem:1.21M, Peak:1.21M | Scene, ViewLayer | Updating Objects Flags
Fra:1 Mem:19.59M (Peak 25.01M) | Time:00:00.03 | Mem:1.21M, Peak:1.21M | Scene, ViewLayer | Updating Primitive Offsets
Fra:1 Mem:19.60M (Peak 25.01M) | Time:00:00.03 | Mem:1.21M, Peak:1.21M | Scene, ViewLayer | Updating Images
Fra:1 Mem:19.60M (Peak 25.01M) | Time:00:00.03 | Mem:1.21M, Peak:1.21M | Scene, ViewLayer | Updating Camera Volume
Fra:1 Mem:19.60M (Peak 25.01M) | Time:00:00.03 | Mem:1.21M, Peak:1.21M | Scene, ViewLayer | Updating Lookup Tables
Fra:1 Mem:19.60M (Peak 25.01M) | Time:00:00.03 | Mem:1.29M, Peak:1.29M | Scene, ViewLayer | Updating Lights
Fra:1 Mem:19.60M (Peak 25.01M) | Time:00:00.03 | Mem:1.29M, Peak:1.29M | Scene, ViewLayer | Updating Lights | Computing distribution
Fra:1 Mem:19.60M (Peak 25.01M) | Time:00:00.03 | Mem:1.29M, Peak:1.29M | Scene, ViewLayer | Updating Lights | Computing tree
Fra:1 Mem:19.60M (Peak 25.01M) | Time:00:00.03 | Mem:1.29M, Peak:1.29M | Scene, ViewLayer | Updating Integrator
Fra:1 Mem:21.60M (Peak 25.01M) | Time:00:00.04 | Mem:3.29M, Peak:3.29M | Scene, ViewLayer | Updating Film
Fra:1 Mem:21.60M (Peak 25.01M) | Time:00:00.04 | Mem:3.21M, Peak:3.29M | Scene, ViewLayer | Updating Lookup Tables
Fra:1 Mem:21.60M (Peak 25.01M) | Time:00:00.04 | Mem:3.30M, Peak:3.30M | Scene, ViewLayer | Updating Baking
Fra:1 Mem:21.60M (Peak 25.01M) | Time:00:00.04 | Mem:3.30M, Peak:3.30M | Scene, ViewLayer | Updating Device | Writing constant memory
Fra:1 Mem:21.61M (Peak 25.01M) | Time:00:00.04 | Mem:3.30M, Peak:3.30M | Scene, ViewLayer | Sample 0/300
Fra:1 Mem:92.85M (Peak 92.85M) | Time:00:00.96 | Remaining:04:35.43 | Mem:74.49M, Peak:74.49M | Scene, ViewLayer | Sample 1/300
Fra:1 Mem:92.85M (Peak 92.85M) | Time:00:23.38 | Remaining:03:08.86 | Mem:74.49M, Peak:74.49M | Scene, ViewLayer | Sample 33/300
Fra:1 Mem:92.85M (Peak 92.85M) | Time:00:44.71 | Remaining:02:41.51 | Mem:74.49M, Peak:74.49M | Scene, ViewLayer | Sample 65/300
Fra:1 Mem:92.85M (Peak 92.85M) | Time:00:56.88 | Remaining:02:36.30 | Mem:74.49M, Peak:74.49M | Scene, ViewLayer | Sample 80/300
Fra:1 Mem:92.85M (Peak 92.85M) | Time:00:59.02 | Remaining:02:05.33 | Mem:74.49M, Peak:74.49M | Scene, ViewLayer | Sample 96/300
Fra:1 Mem:92.85M (Peak 92.85M) | Time:00:58.06 | Remaining:01:37.39 | Mem:74.49M, Peak:74.49M | Scene, ViewLayer | Sample 112/300
Fra:1 Mem:92.85M (Peak 92.85M) | Time:01:00.03 | Remaining:01:20.61 | Mem:74.49M, Peak:74.49M | Scene, ViewLayer | Sample 128/300
Fra:1 Mem:92.85M (Peak 92.85M) | Time:01:01.80 | Remaining:01:06.91 | Mem:74.49M, Peak:74.49M | Scene, ViewLayer | Sample 144/300
Fra:1 Mem:92.85M (Peak 92.85M) | Time:01:03.77 | Remaining:00:55.76 | Mem:74.49M, Peak:74.49M | Scene, ViewLayer | Sample 160/300
Fra:1 Mem:92.85M (Peak 92.85M) | Time:01:05.63 | Remaining:00:46.21 | Mem:74.49M, Peak:74.49M | Scene, ViewLayer | Sample 176/300
Fra:1 Mem:92.85M (Peak 92.85M) | Time:01:07.32 | Remaining:00:37.84 | Mem:74.49M, Peak:74.49M | Scene, ViewLayer | Sample 192/300
Fra:1 Mem:92.85M (Peak 92.85M) | Time:01:09.12 | Remaining:00:30.55 | Mem:74.49M, Peak:74.49M | Scene, ViewLayer | Sample 208/300
Fra:1 Mem:92.85M (Peak 92.85M) | Time:01:10.76 | Remaining:00:23.99 | Mem:74.49M, Peak:74.49M | Scene, ViewLayer | Sample 224/300
Fra:1 Mem:92.85M (Peak 92.85M) | Time:01:12.73 | Remaining:00:18.17 | Mem:74.49M, Peak:74.49M | Scene, ViewLayer | Sample 240/300
Fra:1 Mem:92.85M (Peak 92.85M) | Time:01:14.29 | Remaining:00:12.76 | Mem:74.49M, Peak:74.49M | Scene, ViewLayer | Sample 256/300
Fra:1 Mem:92.85M (Peak 92.85M) | Time:01:16.01 | Remaining:00:07.82 | Mem:74.49M, Peak:74.49M | Scene, ViewLayer | Sample 272/300
Fra:1 Mem:92.85M (Peak 92.85M) | Time:01:17.66 | Remaining:00:03.23 | Mem:74.49M, Peak:74.49M | Scene, ViewLayer | Sample 288/300
Fra:1 Mem:124.49M (Peak 187.77M) | Time:01:19.03 | Mem:74.49M, Peak:74.49M | Scene, ViewLayer | Sample 300/300
Fra:1 Mem:124.49M (Peak 187.77M) | Time:01:19.03 | Mem:74.49M, Peak:74.49M | Scene, ViewLayer | Finished
Saved: '/home/fac/piscina/V3/renders/projeto_render_12h.png'
Time: 01:19.35 (Saving: 00:00.30)

Fra:1 Mem:24.54M (Peak 24.54M) | Time:00:00.01 | Mem:0.00M, Peak:0.00M | Scene, ViewLayer | Synchronizing object | Pedestal_Concreto_1
Fra:1 Mem:24.54M (Peak 24.54M) | Time:00:00.01 | Mem:0.00M, Peak:0.00M | Scene, ViewLayer | Synchronizing object | Pilar_Eucalipto_3
Fra:1 Mem:24.55M (Peak 24.55M) | Time:00:00.01 | Mem:0.00M, Peak:0.00M | Scene, ViewLayer | Synchronizing object | Pilar_Eucalipto_5
Fra:1 Mem:24.55M (Peak 24.55M) | Time:00:00.01 | Mem:0.00M, Peak:0.00M | Scene, ViewLayer | Synchronizing object | Pedestal_Concreto_8
Fra:1 Mem:24.56M (Peak 24.56M) | Time:00:00.01 | Mem:0.00M, Peak:0.00M | Scene, ViewLayer | Synchronizing object | Pilar_Eucalipto_8
Fra:1 Mem:24.57M (Peak 24.57M) | Time:00:00.01 | Mem:0.00M, Peak:0.00M | Scene, ViewLayer | Synchronizing object | Pedestal_Concreto_10
Fra:1 Mem:24.58M (Peak 24.58M) | Time:00:00.01 | Mem:0.00M, Peak:0.00M | Scene, ViewLayer | Synchronizing object | Pilar_Eucalipto_10
Fra:1 Mem:24.59M (Peak 24.59M) | Time:00:00.01 | Mem:0.00M, Peak:0.00M | Scene, ViewLayer | Synchronizing object | Piso_Quiosque_L
Fra:1 Mem:24.59M (Peak 24.59M) | Time:00:00.01 | Mem:0.00M, Peak:0.00M | Scene, ViewLayer | Synchronizing object | Telhado_Zinco_L
Fra:1 Mem:24.60M (Peak 24.60M) | Time:00:00.01 | Mem:0.00M, Peak:0.00M | Scene, ViewLayer | Synchronizing object | Piso_Area_Piscina
Fra:1 Mem:24.61M (Peak 24.61M) | Time:00:00.01 | Mem:0.00M, Peak:0.00M | Scene, ViewLayer | Synchronizing object | Piscina_Esmeralda_Casca
Fra:1 Mem:24.62M (Peak 24.62M) | Time:00:00.01 | Mem:0.00M, Peak:0.00M | Scene, ViewLayer | Synchronizing object | Piscina_Esmeralda_Agua
Fra:1 Mem:24.62M (Peak 24.62M) | Time:00:00.01 | Mem:0.00M, Peak:0.00M | Scene, ViewLayer | Synchronizing object | Banheiro_Parede_Oeste_1_a
Fra:1 Mem:24.63M (Peak 24.63M) | Time:00:00.01 | Mem:0.00M, Peak:0.00M | Scene, ViewLayer | Synchronizing object | Banheiro_Parede_Oeste_1_b
Fra:1 Mem:24.63M (Peak 24.63M) | Time:00:00.01 | Mem:0.00M, Peak:0.00M | Scene, ViewLayer | Synchronizing object | Banheiro_Parede_Oeste_1_Porta
Fra:1 Mem:24.64M (Peak 24.64M) | Time:00:00.01 | Mem:0.00M, Peak:0.00M | Scene, ViewLayer | Synchronizing object | Banheiro_Parede_Oeste_2_a
Fra:1 Mem:24.64M (Peak 24.64M) | Time:00:00.01 | Mem:0.00M, Peak:0.00M | Scene, ViewLayer | Synchronizing object | Banheiro_Parede_Oeste_2_b
Fra:1 Mem:24.64M (Peak 24.64M) | Time:00:00.01 | Mem:0.00M, Peak:0.00M | Scene, ViewLayer | Synchronizing object | Banheiro_Parede_Leste_1_a
Fra:1 Mem:24.65M (Peak 24.65M) | Time:00:00.01 | Mem:0.00M, Peak:0.00M | Scene, ViewLayer | Synchronizing object | Banheiro_Parede_Leste_1_b
Fra:1 Mem:24.65M (Peak 24.65M) | Time:00:00.01 | Mem:0.00M, Peak:0.00M | Scene, ViewLayer | Synchronizing object | Banheiro_Parede_Leste_1_Porta
Fra:1 Mem:24.65M (Peak 24.65M) | Time:00:00.01 | Mem:0.00M, Peak:0.00M | Scene, ViewLayer | Synchronizing object | Banheiro_Parede_Leste_2_a
Fra:1 Mem:24.65M (Peak 24.65M) | Time:00:00.01 | Mem:0.00M, Peak:0.00M | Scene, ViewLayer | Synchronizing object | Banheiro_Parede_Leste_2_b
Fra:1 Mem:24.66M (Peak 24.66M) | Time:00:00.01 | Mem:0.00M, Peak:0.00M | Scene, ViewLayer | Synchronizing object | Banheiro_Parede_Leste_2_Porta
Fra:1 Mem:24.66M (Peak 24.66M) | Time:00:00.01 | Mem:0.00M, Peak:0.00M | Scene, ViewLayer | Synchronizing object | Banheiro_Parede_Sul
Fra:1 Mem:24.66M (Peak 24.66M) | Time:00:00.01 | Mem:0.00M, Peak:0.00M | Scene, ViewLayer | Synchronizing object | Banheiro_Parede_Central
Fra:1 Mem:24.67M (Peak 24.67M) | Time:00:00.01 | Mem:0.00M, Peak:0.00M | Scene, ViewLayer | Synchronizing object | Banheiro_Piso
Fra:1 Mem:24.67M (Peak 24.67M) | Time:00:00.01 | Mem:0.00M, Peak:0.00M | Scene, ViewLayer | Synchronizing object | Ducha_1_Base
Fra:1 Mem:24.67M (Peak 24.67M) | Time:00:00.01 | Mem:0.00M, Peak:0.00M | Scene, ViewLayer | Synchronizing object | Ducha_1_Coluna
Fra:1 Mem:24.68M (Peak 24.68M) | Time:00:00.01 | Mem:0.00M, Peak:0.00M | Scene, ViewLayer | Synchronizing object | Ducha_1_Eletrico
Fra:1 Mem:24.68M (Peak 24.68M) | Time:00:00.01 | Mem:0.00M, Peak:0.00M | Scene, ViewLayer | Synchronizing object | Ducha_2_Base
Fra:1 Mem:24.69M (Peak 24.69M) | Time:00:00.01 | Mem:0.00M, Peak:0.00M | Scene, ViewLayer | Synchronizing object | Ducha_2_Coluna
Fra:1 Mem:24.69M (Peak 24.69M) | Time:00:00.01 | Mem:0.00M, Peak:0.00M | Scene, ViewLayer | Synchronizing object | Ducha_2_Eletrico
Fra:1 Mem:24.69M (Peak 24.69M) | Time:00:00.01 | Mem:0.00M, Peak:0.00M | Scene, ViewLayer | Synchronizing object | Ducha_2_Registro
Fra:1 Mem:24.69M (Peak 24.69M) | Time:00:00.01 | Mem:0.00M, Peak:0.00M | Scene, ViewLayer | Synchronizing object | Terreno_V3
Fra:1 Mem:24.70M (Peak 24.70M) | Time:00:00.01 | Mem:0.00M, Peak:0.00M | Scene, ViewLayer | Synchronizing object | Lavabo_1_Bacia
Fra:1 Mem:24.70M (Peak 24.70M) | Time:00:00.01 | Mem:0.00M, Peak:0.00M | Scene, ViewLayer | Synchronizing object | Terca_Ala_Xm225
Fra:1 Mem:24.71M (Peak 24.71M) | Time:00:00.01 | Mem:0.00M, Peak:0.00M | Scene, ViewLayer | Synchronizing object | Lavabo_1_Assento
Fra:1 Mem:24.71M (Peak 24.71M) | Time:00:00.01 | Mem:0.00M, Peak:0.00M | Scene, ViewLayer | Synchronizing object | Terca_Leste_X4
Fra:1 Mem:24.71M (Peak 24.71M) | Time:00:00.01 | Mem:0.00M, Peak:0.00M | Scene, ViewLayer | Synchronizing object | Lavabo_1_Pia
Fra:1 Mem:24.71M (Peak 24.71M) | Time:00:00.01 | Mem:0.00M, Peak:0.00M | Scene, ViewLayer | Synchronizing object | Lavabo_1_Torneira
Fra:1 Mem:24.71M (Peak 24.71M) | Time:00:00.01 | Mem:0.00M, Peak:0.00M | Scene, ViewLayer | Synchronizing object | Lavabo_2_Caixa
Fra:1 Mem:24.71M (Peak 24.71M) | Time:00:00.01 | Mem:0.00M, Peak:0.00M | Scene, ViewLayer | Synchronizing object | Lavabo_2_Bacia
Fra:1 Mem:24.72M (Peak 24.72M) | Time:00:00.01 | Mem:0.00M, Peak:0.00M | Scene, ViewLayer | Synchronizing object | Lavabo_2_Assento
Fra:1 Mem:24.72M (Peak 24.72M) | Time:00:00.01 | Mem:0.00M, Peak:0.00M | Scene, ViewLayer | Synchronizing object | Lavabo_2_Pia
Fra:1 Mem:24.72M (Peak 24.72M) | Time:00:00.01 | Mem:0.00M, Peak:0.00M | Scene, ViewLayer | Synchronizing object | Lavabo_2_Torneira
Fra:1 Mem:24.72M (Peak 24.72M) | Time:00:00.01 | Mem:0.00M, Peak:0.00M | Scene, ViewLayer | Synchronizing object | Bancada_Base
Fra:1 Mem:24.73M (Peak 24.73M) | Time:00:00.01 | Mem:0.00M, Peak:0.00M | Scene, ViewLayer | Synchronizing object | Bancada_Tampo_Sul
Fra:1 Mem:24.73M (Peak 24.73M) | Time:00:00.01 | Mem:0.00M, Peak:0.00M | Scene, ViewLayer | Synchronizing object | Bancada_Tampo_Norte
Fra:1 Mem:24.73M (Peak 24.73M) | Time:00:00.01 | Mem:0.00M, Peak:0.00M | Scene, ViewLayer | Synchronizing object | Bancada_Pia_Cuba
Fra:1 Mem:24.73M (Peak 24.73M) | Time:00:00.01 | Mem:0.00M, Peak:0.00M | Scene, ViewLayer | Synchronizing object | Bancada_Pia_Coluna_Torneira
Fra:1 Mem:24.73M (Peak 24.73M) | Time:00:00.01 | Mem:0.00M, Peak:0.00M | Scene, ViewLayer | Synchronizing object | Bancada_Pia_Bico_Torneira
Fra:1 Mem:24.73M (Peak 24.73M) | Time:00:00.01 | Mem:0.00M, Peak:0.00M | Scene, ViewLayer | Synchronizing object | Churrasqueira_Corpo
Fra:1 Mem:24.73M (Peak 24.73M) | Time:00:00.02 | Mem:0.00M, Peak:0.00M | Scene, ViewLayer | Synchronizing object | Churrasqueira_Barra_2
Fra:1 Mem:24.74M (Peak 24.74M) | Time:00:00.02 | Mem:0.00M, Peak:0.00M | Scene, ViewLayer | Synchronizing object | Terca_Central_X2
Fra:1 Mem:24.74M (Peak 24.74M) | Time:00:00.02 | Mem:0.00M, Peak:0.00M | Scene, ViewLayer | Synchronizing object | Churrasqueira_Barra_4
Fra:1 Mem:24.75M (Peak 24.75M) | Time:00:00.02 | Mem:0.00M, Peak:0.00M | Scene, ViewLayer | Synchronizing object | Terca_Oeste_X0
Fra:1 Mem:24.76M (Peak 24.76M) | Time:00:00.02 | Mem:0.00M, Peak:0.00M | Scene, ViewLayer | Synchronizing object | Viga_Transv_Ala_Y12
Fra:1 Mem:24.76M (Peak 24.76M) | Time:00:00.02 | Mem:0.00M, Peak:0.00M | Scene, ViewLayer | Synchronizing object | Churrasqueira_Barra_5
Fra:1 Mem:24.76M (Peak 24.76M) | Time:00:00.02 | Mem:0.00M, Peak:0.00M | Scene, ViewLayer | Synchronizing object | Viga_Transv_Ala_Y9_5
Fra:1 Mem:24.77M (Peak 24.77M) | Time:00:00.02 | Mem:0.00M, Peak:0.00M | Scene, ViewLayer | Synchronizing object | Viga_Transv_Y12
Fra:1 Mem:24.78M (Peak 24.78M) | Time:00:00.02 | Mem:0.00M, Peak:0.00M | Scene, ViewLayer | Synchronizing object | Churrasqueira_Barra_6
Fra:1 Mem:24.78M (Peak 24.78M) | Time:00:00.02 | Mem:0.00M, Peak:0.00M | Scene, ViewLayer | Synchronizing object | Viga_Transv_P9_P4
Fra:1 Mem:24.78M (Peak 24.78M) | Time:00:00.02 | Mem:0.00M, Peak:0.00M | Scene, ViewLayer | Synchronizing object | Churrasqueira_Brasa
Fra:1 Mem:24.78M (Peak 24.78M) | Time:00:00.02 | Mem:0.00M, Peak:0.00M | Scene, ViewLayer | Synchronizing object | Churrasqueira_Chamine
Fra:1 Mem:24.78M (Peak 24.78M) | Time:00:00.02 | Mem:0.00M, Peak:0.00M | Scene, ViewLayer | Synchronizing object | Mesa_Tampo
Fra:1 Mem:24.78M (Peak 24.78M) | Time:00:00.02 | Mem:0.00M, Peak:0.00M | Scene, ViewLayer | Synchronizing object | Mesa_Pe_-1_-1
Fra:1 Mem:24.78M (Peak 24.78M) | Time:00:00.02 | Mem:0.00M, Peak:0.00M | Scene, ViewLayer | Synchronizing object | Mesa_Pe_-1_1
Fra:1 Mem:24.79M (Peak 24.79M) | Time:00:00.02 | Mem:0.00M, Peak:0.00M | Scene, ViewLayer | Synchronizing object | Mesa_Pe_1_-1
Fra:1 Mem:24.79M (Peak 24.79M) | Time:00:00.02 | Mem:0.00M, Peak:0.00M | Scene, ViewLayer | Synchronizing object | Banco_Oeste_Pe_-1
Fra:1 Mem:24.80M (Peak 24.80M) | Time:00:00.02 | Mem:0.00M, Peak:0.00M | Scene, ViewLayer | Synchronizing object | Banco_Oeste_Pe_1
Fra:1 Mem:24.80M (Peak 24.80M) | Time:00:00.02 | Mem:0.00M, Peak:0.00M | Scene, ViewLayer | Synchronizing object | Banco_Leste_Pe_-1
Fra:1 Mem:24.80M (Peak 24.80M) | Time:00:00.02 | Mem:0.00M, Peak:0.00M | Scene, ViewLayer | Synchronizing object | Banco_Leste_Pe_1
Fra:1 Mem:24.80M (Peak 24.80M) | Time:00:00.02 | Mem:0.00M, Peak:0.00M | Scene, ViewLayer | Synchronizing object | Parede_Sul_1_2
Fra:1 Mem:24.80M (Peak 24.80M) | Time:00:00.02 | Mem:0.00M, Peak:0.00M | Scene, ViewLayer | Synchronizing object | Parede_Leste_2_3
Fra:1 Mem:24.81M (Peak 24.81M) | Time:00:00.02 | Mem:0.00M, Peak:0.00M | Scene, ViewLayer | Synchronizing object | Parede_Leste_3_4
Fra:1 Mem:24.81M (Peak 24.81M) | Time:00:00.02 | Mem:0.00M, Peak:0.00M | Scene, ViewLayer | Synchronizing object | Parede_Leste_4_5
Fra:1 Mem:24.81M (Peak 24.81M) | Time:00:00.02 | Mem:0.00M, Peak:0.00M | Scene, ViewLayer | Synchronizing object | Sala_Tapete
Fra:1 Mem:24.82M (Peak 24.82M) | Time:00:00.02 | Mem:0.00M, Peak:0.00M | Scene, ViewLayer | Synchronizing object | Sofa_Sul_Assento
Fra:1 Mem:24.82M (Peak 24.82M) | Time:00:00.02 | Mem:0.00M, Peak:0.00M | Scene, ViewLayer | Synchronizing object | Viga_Transv_Y4
Fra:1 Mem:24.82M (Peak 24.82M) | Time:00:00.02 | Mem:0.00M, Peak:0.00M | Scene, ViewLayer | Synchronizing object | Sofa_Sul_Encosto
Fra:1 Mem:24.82M (Peak 24.82M) | Time:00:00.02 | Mem:0.00M, Peak:0.00M | Scene, ViewLayer | Synchronizing object | Sofa_Sul_Braco_-1
Fra:1 Mem:24.82M (Peak 24.82M) | Time:00:00.02 | Mem:0.00M, Peak:0.00M | Scene, ViewLayer | Synchronizing object | Sofa_Sul_Braco_1
Fra:1 Mem:24.82M (Peak 24.82M) | Time:00:00.02 | Mem:0.00M, Peak:0.00M | Scene, ViewLayer | Synchronizing object | Sofa_Sul_Pe_0_-1
Fra:1 Mem:24.83M (Peak 24.83M) | Time:00:00.02 | Mem:0.00M, Peak:0.00M | Scene, ViewLayer | Synchronizing object | Sofa_Sul_Pe_0_1
Fra:1 Mem:24.83M (Peak 24.83M) | Time:00:00.02 | Mem:0.00M, Peak:0.00M | Scene, ViewLayer | Synchronizing object | Sofa_Sul_Pe_1_-1
Fra:1 Mem:24.84M (Peak 24.84M) | Time:00:00.02 | Mem:0.00M, Peak:0.00M | Scene, ViewLayer | Synchronizing object | Sofa_Sul_Pe_1_1
Fra:1 Mem:24.84M (Peak 24.84M) | Time:00:00.02 | Mem:0.00M, Peak:0.00M | Scene, ViewLayer | Synchronizing object | Sofa_Norte_Assento
Fra:1 Mem:24.84M (Peak 24.84M) | Time:00:00.02 | Mem:0.00M, Peak:0.00M | Scene, ViewLayer | Synchronizing object | Sofa_Norte_Encosto
Fra:1 Mem:24.84M (Peak 24.84M) | Time:00:00.02 | Mem:0.00M, Peak:0.00M | Scene, ViewLayer | Synchronizing object | Sofa_Norte_Braco_-1
Fra:1 Mem:24.84M (Peak 24.84M) | Time:00:00.02 | Mem:0.00M, Peak:0.00M | Scene, ViewLayer | Synchronizing object | Sofa_Norte_Braco_1
Fra:1 Mem:24.84M (Peak 24.84M) | Time:00:00.02 | Mem:0.00M, Peak:0.00M | Scene, ViewLayer | Synchronizing object | Sofa_Norte_Pe_0_-1
Fra:1 Mem:24.84M (Peak 24.84M) | Time:00:00.02 | Mem:0.00M, Peak:0.00M | Scene, ViewLayer | Synchronizing object | Sofa_Norte_Pe_0_1
Fra:1 Mem:24.84M (Peak 24.84M) | Time:00:00.02 | Mem:0.00M, Peak:0.00M | Scene, ViewLayer | Synchronizing object | Sofa_Norte_Pe_1_1
Fra:1 Mem:24.84M (Peak 24.84M) | Time:00:00.02 | Mem:0.00M, Peak:0.00M | Scene, ViewLayer | Synchronizing object | Mesa_Centro_Tampo
Fra:1 Mem:24.84M (Peak 24.84M) | Time:00:00.02 | Mem:0.00M, Peak:0.00M | Scene, ViewLayer | Synchronizing object | Mesa_Centro_Pe_-1_1
Fra:1 Mem:24.84M (Peak 24.84M) | Time:00:00.02 | Mem:0.00M, Peak:0.00M | Scene, ViewLayer | Synchronizing object | Mesa_Centro_Pe_1_1
Fra:1 Mem:24.84M (Peak 24.84M) | Time:00:00.02 | Mem:0.00M, Peak:0.00M | Scene, ViewLayer | Synchronizing object | MesaBar_1_Tampo
Fra:1 Mem:24.84M (Peak 24.84M) | Time:00:00.02 | Mem:0.00M, Peak:0.00M | Scene, ViewLayer | Synchronizing object | MesaBar_1_Coluna
Fra:1 Mem:24.84M (Peak 24.84M) | Time:00:00.02 | Mem:0.00M, Peak:0.00M | Scene, ViewLayer | Synchronizing object | MesaBar_1_Base
Fra:1 Mem:24.84M (Peak 24.84M) | Time:00:00.02 | Mem:0.00M, Peak:0.00M | Scene, ViewLayer | Synchronizing object | MesaBar_1_Banqueta_1_Coluna
Fra:1 Mem:24.85M (Peak 24.85M) | Time:00:00.02 | Mem:0.00M, Peak:0.00M | Scene, ViewLayer | Synchronizing object | MesaBar_1_Banqueta_1_Base
Fra:1 Mem:24.86M (Peak 24.86M) | Time:00:00.02 | Mem:0.00M, Peak:0.00M | Scene, ViewLayer | Synchronizing object | MesaBar_1_Banqueta_2_Assento
Fra:1 Mem:24.86M (Peak 24.86M) | Time:00:00.02 | Mem:0.00M, Peak:0.00M | Scene, ViewLayer | Synchronizing object | MesaBar_1_Banqueta_2_Coluna
Fra:1 Mem:24.87M (Peak 24.87M) | Time:00:00.02 | Mem:0.00M, Peak:0.00M | Scene, ViewLayer | Synchronizing object | MesaBar_2_Tampo
Fra:1 Mem:24.88M (Peak 24.88M) | Time:00:00.02 | Mem:0.00M, Peak:0.00M | Scene, ViewLayer | Synchronizing object | MesaBar_2_Base
Fra:1 Mem:24.88M (Peak 24.88M) | Time:00:00.02 | Mem:0.00M, Peak:0.00M | Scene, ViewLayer | Synchronizing object | MesaBar_2_Banqueta_1_Assento
Fra:1 Mem:24.89M (Peak 24.89M) | Time:00:00.02 | Mem:0.00M, Peak:0.00M | Scene, ViewLayer | Synchronizing object | MesaBar_2_Banqueta_1_Coluna
Fra:1 Mem:24.89M (Peak 24.89M) | Time:00:00.02 | Mem:0.00M, Peak:0.00M | Scene, ViewLayer | Synchronizing object | MesaBar_2_Banqueta_2_Assento
Fra:1 Mem:24.90M (Peak 24.90M) | Time:00:00.02 | Mem:0.00M, Peak:0.00M | Scene, ViewLayer | Synchronizing object | MesaBar_2_Banqueta_2_Coluna
Fra:1 Mem:24.91M (Peak 24.91M) | Time:00:00.02 | Mem:0.00M, Peak:0.00M | Scene, ViewLayer | Synchronizing object | MesaBar_2_Banqueta_2_Base
Fra:1 Mem:24.92M (Peak 24.92M) | Time:00:00.02 | Mem:0.00M, Peak:0.00M | Scene, ViewLayer | Synchronizing object | Geladeira_Linha_Divisoria
Fra:1 Mem:24.92M (Peak 24.92M) | Time:00:00.02 | Mem:0.00M, Peak:0.00M | Scene, ViewLayer | Synchronizing object | Geladeira_Puxador_1
Fra:1 Mem:24.92M (Peak 24.92M) | Time:00:00.02 | Mem:0.00M, Peak:0.00M | Scene, ViewLayer | Synchronizing object | Geladeira_Puxador_2
Fra:1 Mem:24.92M (Peak 24.92M) | Time:00:00.02 | Mem:0.00M, Peak:0.00M | Scene, ViewLayer | Synchronizing object | Fogao_Cooktop
Fra:1 Mem:24.92M (Peak 24.92M) | Time:00:00.02 | Mem:0.00M, Peak:0.00M | Scene, ViewLayer | Synchronizing object | Fogao_Boca_0_1
Fra:1 Mem:24.93M (Peak 24.93M) | Time:00:00.02 | Mem:0.00M, Peak:0.00M | Scene, ViewLayer | Synchronizing object | Fogao_Boca_1_0
Fra:1 Mem:24.93M (Peak 24.93M) | Time:00:00.02 | Mem:0.00M, Peak:0.00M | Scene, ViewLayer | Synchronizing object | Fogao_Boca_1_1
Fra:1 Mem:24.94M (Peak 24.94M) | Time:00:00.02 | Mem:0.00M, Peak:0.00M | Scene, ViewLayer | Synchronizing object | Fogao_Forno_Porta
Fra:1 Mem:24.94M (Peak 24.94M) | Time:00:00.02 | Mem:0.00M, Peak:0.00M | Scene, ViewLayer | Synchronizing object | TV_Suporte
Fra:1 Mem:24.94M (Peak 24.94M) | Time:00:00.02 | Mem:0.00M, Peak:0.00M | Scene, ViewLayer | Synchronizing object | TV_Moldura
Fra:1 Mem:24.95M (Peak 24.95M) | Time:00:00.02 | Mem:0.00M, Peak:0.00M | Scene, ViewLayer | Synchronizing object | TV_Tela
Fra:1 Mem:24.95M (Peak 24.95M) | Time:00:00.02 | Mem:0.00M, Peak:0.00M | Scene, ViewLayer | Synchronizing object | Montante_P2
Fra:1 Mem:24.95M (Peak 24.95M) | Time:00:00.02 | Mem:0.00M, Peak:0.00M | Scene, ViewLayer | Synchronizing object | Montante_P5
Fra:1 Mem:24.96M (Peak 24.96M) | Time:00:00.02 | Mem:0.00M, Peak:0.00M | Scene, ViewLayer | Synchronizing object | Montante_P3
Fra:1 Mem:24.96M (Peak 24.96M) | Time:00:00.02 | Mem:0.00M, Peak:0.00M | Scene, ViewLayer | Synchronizing object | Montante_P4
Fra:1 Mem:25.01M (Peak 25.01M) | Time:00:00.02 | Mem:0.00M, Peak:0.00M | Scene, ViewLayer | Initializing
Fra:1 Mem:18.85M (Peak 25.01M) | Time:00:00.02 | Mem:0.00M, Peak:0.00M | Scene, ViewLayer | Waiting for render to start
Fra:1 Mem:18.85M (Peak 25.01M) | Time:00:00.02 | Mem:0.00M, Peak:0.00M | Scene, ViewLayer | Loading render kernels (may take a few minutes the first time)
Fra:1 Mem:18.85M (Peak 25.01M) | Time:00:00.02 | Mem:0.00M, Peak:0.00M | Scene, ViewLayer | Updating Scene
Fra:1 Mem:18.85M (Peak 25.01M) | Time:00:00.02 | Mem:0.00M, Peak:0.00M | Scene, ViewLayer | Updating Shaders
Fra:1 Mem:18.95M (Peak 25.01M) | Time:00:00.02 | Mem:0.02M, Peak:0.02M | Scene, ViewLayer | Updating Procedurals
Fra:1 Mem:18.95M (Peak 25.01M) | Time:00:00.02 | Mem:0.02M, Peak:0.02M | Scene, ViewLayer | Updating Background
Fra:1 Mem:18.95M (Peak 25.01M) | Time:00:00.02 | Mem:0.02M, Peak:0.02M | Scene, ViewLayer | Updating Camera
Fra:1 Mem:18.95M (Peak 25.01M) | Time:00:00.02 | Mem:0.02M, Peak:0.02M | Scene, ViewLayer | Updating Meshes Flags
Fra:1 Mem:18.95M (Peak 25.01M) | Time:00:00.02 | Mem:0.02M, Peak:0.02M | Scene, ViewLayer | Updating Objects
Fra:1 Mem:18.95M (Peak 25.01M) | Time:00:00.02 | Mem:0.02M, Peak:0.02M | Scene, ViewLayer | Updating Objects | Copying Transformations to device
Fra:1 Mem:18.99M (Peak 25.01M) | Time:00:00.02 | Mem:0.06M, Peak:0.06M | Scene, ViewLayer | Updating Objects | Applying Static Transformations
Fra:1 Mem:18.99M (Peak 25.01M) | Time:00:00.02 | Mem:0.06M, Peak:0.06M | Scene, ViewLayer | Updating Particle Systems
Fra:1 Mem:18.99M (Peak 25.01M) | Time:00:00.02 | Mem:0.06M, Peak:0.06M | Scene, ViewLayer | Updating Particle Systems | Copying Particles to device
Fra:1 Mem:18.99M (Peak 25.01M) | Time:00:00.02 | Mem:0.06M, Peak:0.06M | Scene, ViewLayer | Updating Meshes
Fra:1 Mem:19.15M (Peak 25.01M) | Time:00:00.02 | Mem:0.06M, Peak:0.06M | Scene, ViewLayer | Updating Mesh | Computing attributes
Fra:1 Mem:19.25M (Peak 25.01M) | Time:00:00.02 | Mem:0.07M, Peak:0.07M | Scene, ViewLayer | Updating Mesh | Copying Attributes to device
Fra:1 Mem:19.22M (Peak 25.01M) | Time:00:00.02 | Mem:0.13M, Peak:0.13M | Scene, ViewLayer | Updating Scene BVH | Building
Fra:1 Mem:19.22M (Peak 25.01M) | Time:00:00.03 | Mem:0.13M, Peak:0.13M | Scene, ViewLayer | Updating Scene BVH | Building BVH
Fra:1 Mem:19.22M (Peak 25.01M) | Time:00:00.03 | Mem:0.45M, Peak:0.45M | Scene, ViewLayer | Updating Scene BVH | Building BVH 0%
Fra:1 Mem:19.22M (Peak 25.01M) | Time:00:00.03 | Mem:0.84M, Peak:1.16M | Scene, ViewLayer | Updating Scene BVH | Copying BVH to device
Fra:1 Mem:19.22M (Peak 25.01M) | Time:00:00.03 | Mem:0.84M, Peak:1.16M | Scene, ViewLayer | Updating Mesh | Computing normals
Fra:1 Mem:19.59M (Peak 25.01M) | Time:00:00.03 | Mem:0.84M, Peak:1.16M | Scene, ViewLayer | Updating Mesh | Copying Mesh to device
Fra:1 Mem:19.59M (Peak 25.01M) | Time:00:00.03 | Mem:1.21M, Peak:1.21M | Scene, ViewLayer | Updating Objects Flags
Fra:1 Mem:19.59M (Peak 25.01M) | Time:00:00.03 | Mem:1.21M, Peak:1.21M | Scene, ViewLayer | Updating Primitive Offsets
Fra:1 Mem:19.60M (Peak 25.01M) | Time:00:00.03 | Mem:1.21M, Peak:1.21M | Scene, ViewLayer | Updating Images
Fra:1 Mem:19.60M (Peak 25.01M) | Time:00:00.03 | Mem:1.21M, Peak:1.21M | Scene, ViewLayer | Updating Camera Volume
Fra:1 Mem:19.60M (Peak 25.01M) | Time:00:00.03 | Mem:1.21M, Peak:1.21M | Scene, ViewLayer | Updating Lookup Tables
Fra:1 Mem:19.60M (Peak 25.01M) | Time:00:00.03 | Mem:1.29M, Peak:1.29M | Scene, ViewLayer | Updating Lights
Fra:1 Mem:19.60M (Peak 25.01M) | Time:00:00.03 | Mem:1.29M, Peak:1.29M | Scene, ViewLayer | Updating Lights | Computing distribution
Fra:1 Mem:19.60M (Peak 25.01M) | Time:00:00.03 | Mem:1.29M, Peak:1.29M | Scene, ViewLayer | Updating Lights | Computing tree
Fra:1 Mem:19.60M (Peak 25.01M) | Time:00:00.03 | Mem:1.29M, Peak:1.29M | Scene, ViewLayer | Updating Integrator
Fra:1 Mem:21.60M (Peak 25.01M) | Time:00:00.03 | Mem:3.29M, Peak:3.29M | Scene, ViewLayer | Updating Film
Fra:1 Mem:21.60M (Peak 25.01M) | Time:00:00.03 | Mem:3.21M, Peak:3.29M | Scene, ViewLayer | Updating Lookup Tables
Fra:1 Mem:21.60M (Peak 25.01M) | Time:00:00.03 | Mem:3.30M, Peak:3.30M | Scene, ViewLayer | Updating Baking
Fra:1 Mem:21.60M (Peak 25.01M) | Time:00:00.03 | Mem:3.30M, Peak:3.30M | Scene, ViewLayer | Updating Device | Writing constant memory
Fra:1 Mem:21.61M (Peak 25.01M) | Time:00:00.03 | Mem:3.30M, Peak:3.30M | Scene, ViewLayer | Sample 0/300
Fra:1 Mem:92.85M (Peak 92.85M) | Time:00:00.94 | Remaining:04:31.08 | Mem:74.49M, Peak:74.49M | Scene, ViewLayer | Sample 1/300
Fra:1 Mem:92.85M (Peak 92.85M) | Time:00:22.90 | Remaining:03:04.98 | Mem:74.49M, Peak:74.49M | Scene, ViewLayer | Sample 33/300
Fra:1 Mem:92.85M (Peak 92.85M) | Time:00:45.88 | Remaining:02:45.76 | Mem:74.49M, Peak:74.49M | Scene, ViewLayer | Sample 65/300
Fra:1 Mem:92.85M (Peak 92.85M) | Time:00:56.73 | Remaining:02:35.91 | Mem:74.49M, Peak:74.49M | Scene, ViewLayer | Sample 80/300
Fra:1 Mem:92.85M (Peak 92.85M) | Time:00:58.49 | Remaining:02:04.21 | Mem:74.49M, Peak:74.49M | Scene, ViewLayer | Sample 96/300
Fra:1 Mem:92.85M (Peak 92.85M) | Time:01:00.31 | Remaining:01:41.17 | Mem:74.49M, Peak:74.49M | Scene, ViewLayer | Sample 112/300
Fra:1 Mem:92.85M (Peak 92.85M) | Time:01:01.96 | Remaining:01:23.20 | Mem:74.49M, Peak:74.49M | Scene, ViewLayer | Sample 128/300
Fra:1 Mem:92.85M (Peak 92.85M) | Time:01:03.45 | Remaining:01:08.70 | Mem:74.49M, Peak:74.49M | Scene, ViewLayer | Sample 144/300
Fra:1 Mem:92.85M (Peak 92.85M) | Time:01:04.95 | Remaining:00:56.80 | Mem:74.49M, Peak:74.49M | Scene, ViewLayer | Sample 160/300
Fra:1 Mem:92.85M (Peak 92.85M) | Time:01:06.42 | Remaining:00:46.77 | Mem:74.49M, Peak:74.49M | Scene, ViewLayer | Sample 176/300
Fra:1 Mem:92.85M (Peak 92.85M) | Time:01:07.78 | Remaining:00:38.10 | Mem:74.49M, Peak:74.49M | Scene, ViewLayer | Sample 192/300
Fra:1 Mem:92.85M (Peak 92.85M) | Time:01:06.22 | Remaining:00:29.27 | Mem:74.49M, Peak:74.49M | Scene, ViewLayer | Sample 208/300
Fra:1 Mem:92.85M (Peak 92.85M) | Time:01:07.58 | Remaining:00:22.91 | Mem:74.49M, Peak:74.49M | Scene, ViewLayer | Sample 224/300
Fra:1 Mem:92.85M (Peak 92.85M) | Time:01:08.94 | Remaining:00:17.22 | Mem:74.49M, Peak:74.49M | Scene, ViewLayer | Sample 240/300
Fra:1 Mem:92.85M (Peak 92.85M) | Time:01:10.22 | Remaining:00:12.06 | Mem:74.49M, Peak:74.49M | Scene, ViewLayer | Sample 256/300
Fra:1 Mem:92.85M (Peak 92.85M) | Time:01:11.53 | Remaining:00:07.36 | Mem:74.49M, Peak:74.49M | Scene, ViewLayer | Sample 272/300
Fra:1 Mem:92.85M (Peak 92.85M) | Time:01:12.72 | Remaining:00:03.02 | Mem:74.49M, Peak:74.49M | Scene, ViewLayer | Sample 288/300
Fra:1 Mem:124.49M (Peak 187.77M) | Time:01:13.92 | Mem:74.49M, Peak:74.49M | Scene, ViewLayer | Sample 300/300
Fra:1 Mem:124.49M (Peak 187.77M) | Time:01:13.92 | Mem:74.49M, Peak:74.49M | Scene, ViewLayer | Finished
Saved: '/home/fac/piscina/V3/renders/projeto_render_13h.png'
Time: 01:14.22 (Saving: 00:00.28)

Fra:1 Mem:24.54M (Peak 24.54M) | Time:00:00.01 | Mem:0.00M, Peak:0.00M | Scene, ViewLayer | Synchronizing object | Pedestal_Concreto_1
Fra:1 Mem:24.54M (Peak 24.54M) | Time:00:00.01 | Mem:0.00M, Peak:0.00M | Scene, ViewLayer | Synchronizing object | Pilar_Eucalipto_3
Fra:1 Mem:24.55M (Peak 24.55M) | Time:00:00.01 | Mem:0.00M, Peak:0.00M | Scene, ViewLayer | Synchronizing object | Pedestal_Concreto_6
Fra:1 Mem:24.55M (Peak 24.55M) | Time:00:00.01 | Mem:0.00M, Peak:0.00M | Scene, ViewLayer | Synchronizing object | Pilar_Eucalipto_8
Fra:1 Mem:24.57M (Peak 24.57M) | Time:00:00.01 | Mem:0.00M, Peak:0.00M | Scene, ViewLayer | Synchronizing object | Pilar_Eucalipto_9
Fra:1 Mem:24.58M (Peak 24.58M) | Time:00:00.01 | Mem:0.00M, Peak:0.00M | Scene, ViewLayer | Synchronizing object | Pedestal_Concreto_10
Fra:1 Mem:24.58M (Peak 24.58M) | Time:00:00.01 | Mem:0.00M, Peak:0.00M | Scene, ViewLayer | Synchronizing object | Piso_Quiosque_L
Fra:1 Mem:24.59M (Peak 24.59M) | Time:00:00.01 | Mem:0.00M, Peak:0.00M | Scene, ViewLayer | Synchronizing object | Telhado_Zinco_L
Fra:1 Mem:24.59M (Peak 24.59M) | Time:00:00.01 | Mem:0.00M, Peak:0.00M | Scene, ViewLayer | Synchronizing object | Piso_Area_Piscina
Fra:1 Mem:24.60M (Peak 24.60M) | Time:00:00.01 | Mem:0.00M, Peak:0.00M | Scene, ViewLayer | Synchronizing object | Piscina_Esmeralda_Casca
Fra:1 Mem:24.60M (Peak 24.60M) | Time:00:00.01 | Mem:0.00M, Peak:0.00M | Scene, ViewLayer | Synchronizing object | Banheiro_Parede_Oeste_1_a
Fra:1 Mem:24.60M (Peak 24.60M) | Time:00:00.01 | Mem:0.00M, Peak:0.00M | Scene, ViewLayer | Synchronizing object | Banheiro_Parede_Oeste_1_b
Fra:1 Mem:24.61M (Peak 24.61M) | Time:00:00.01 | Mem:0.00M, Peak:0.00M | Scene, ViewLayer | Synchronizing object | Banheiro_Parede_Oeste_1_Porta
Fra:1 Mem:24.61M (Peak 24.61M) | Time:00:00.01 | Mem:0.00M, Peak:0.00M | Scene, ViewLayer | Synchronizing object | Banheiro_Parede_Oeste_2_a
Fra:1 Mem:24.61M (Peak 24.61M) | Time:00:00.01 | Mem:0.00M, Peak:0.00M | Scene, ViewLayer | Synchronizing object | Banheiro_Parede_Oeste_2_b
Fra:1 Mem:24.62M (Peak 24.62M) | Time:00:00.01 | Mem:0.00M, Peak:0.00M | Scene, ViewLayer | Synchronizing object | Banheiro_Parede_Leste_1_a
Fra:1 Mem:24.62M (Peak 24.62M) | Time:00:00.01 | Mem:0.00M, Peak:0.00M | Scene, ViewLayer | Synchronizing object | Banheiro_Parede_Leste_1_b
Fra:1 Mem:24.63M (Peak 24.63M) | Time:00:00.01 | Mem:0.00M, Peak:0.00M | Scene, ViewLayer | Synchronizing object | Banheiro_Parede_Leste_1_Porta
Fra:1 Mem:24.63M (Peak 24.63M) | Time:00:00.01 | Mem:0.00M, Peak:0.00M | Scene, ViewLayer | Synchronizing object | Banheiro_Parede_Leste_2_a
Fra:1 Mem:24.64M (Peak 24.64M) | Time:00:00.01 | Mem:0.00M, Peak:0.00M | Scene, ViewLayer | Synchronizing object | Banheiro_Parede_Leste_2_Porta
Fra:1 Mem:24.65M (Peak 24.64M) | Time:00:00.01 | Mem:0.00M, Peak:0.00M | Scene, ViewLayer | Synchronizing object | Banheiro_Parede_Norte
Fra:1 Mem:24.65M (Peak 24.65M) | Time:00:00.01 | Mem:0.00M, Peak:0.00M | Scene, ViewLayer | Synchronizing object | Banheiro_Parede_Sul
Fra:1 Mem:24.65M (Peak 24.65M) | Time:00:00.01 | Mem:0.00M, Peak:0.00M | Scene, ViewLayer | Synchronizing object | Banheiro_Parede_Central
Fra:1 Mem:24.66M (Peak 24.66M) | Time:00:00.01 | Mem:0.00M, Peak:0.00M | Scene, ViewLayer | Synchronizing object | Banheiro_Particao_Ducha
Fra:1 Mem:24.66M (Peak 24.66M) | Time:00:00.01 | Mem:0.00M, Peak:0.00M | Scene, ViewLayer | Synchronizing object | Banheiro_Particao_Lavabo
Fra:1 Mem:24.67M (Peak 24.67M) | Time:00:00.01 | Mem:0.00M, Peak:0.00M | Scene, ViewLayer | Synchronizing object | Banheiro_Piso
Fra:1 Mem:24.67M (Peak 24.67M) | Time:00:00.01 | Mem:0.00M, Peak:0.00M | Scene, ViewLayer | Synchronizing object | Ducha_1_Base
Fra:1 Mem:24.67M (Peak 24.67M) | Time:00:00.01 | Mem:0.00M, Peak:0.00M | Scene, ViewLayer | Synchronizing object | Ducha_1_Coluna
Fra:1 Mem:24.67M (Peak 24.67M) | Time:00:00.01 | Mem:0.00M, Peak:0.00M | Scene, ViewLayer | Synchronizing object | Ducha_1_Eletrico
Fra:1 Mem:24.68M (Peak 24.68M) | Time:00:00.01 | Mem:0.00M, Peak:0.00M | Scene, ViewLayer | Synchronizing object | Ducha_1_Registro
Fra:1 Mem:24.69M (Peak 24.69M) | Time:00:00.01 | Mem:0.00M, Peak:0.00M | Scene, ViewLayer | Synchronizing object | Ducha_2_Base
Fra:1 Mem:24.69M (Peak 24.69M) | Time:00:00.01 | Mem:0.00M, Peak:0.00M | Scene, ViewLayer | Synchronizing object | Ducha_2_Coluna
Fra:1 Mem:24.69M (Peak 24.69M) | Time:00:00.01 | Mem:0.00M, Peak:0.00M | Scene, ViewLayer | Synchronizing object | Lavabo_1_Caixa
Fra:1 Mem:24.69M (Peak 24.69M) | Time:00:00.01 | Mem:0.00M, Peak:0.00M | Scene, ViewLayer | Synchronizing object | Lavabo_1_Bacia
Fra:1 Mem:24.69M (Peak 24.69M) | Time:00:00.01 | Mem:0.00M, Peak:0.00M | Scene, ViewLayer | Synchronizing object | Lavabo_1_Assento
Fra:1 Mem:24.70M (Peak 24.70M) | Time:00:00.01 | Mem:0.00M, Peak:0.00M | Scene, ViewLayer | Synchronizing object | Lavabo_1_Pia
Fra:1 Mem:24.70M (Peak 24.70M) | Time:00:00.01 | Mem:0.00M, Peak:0.00M | Scene, ViewLayer | Synchronizing object | Lavabo_2_Caixa
Fra:1 Mem:24.70M (Peak 24.70M) | Time:00:00.01 | Mem:0.00M, Peak:0.00M | Scene, ViewLayer | Synchronizing object | Lavabo_2_Bacia
Fra:1 Mem:24.70M (Peak 24.70M) | Time:00:00.01 | Mem:0.00M, Peak:0.00M | Scene, ViewLayer | Synchronizing object | Lavabo_2_Assento
Fra:1 Mem:24.70M (Peak 24.70M) | Time:00:00.01 | Mem:0.00M, Peak:0.00M | Scene, ViewLayer | Synchronizing object | Lavabo_2_Pia
Fra:1 Mem:24.70M (Peak 24.70M) | Time:00:00.01 | Mem:0.00M, Peak:0.00M | Scene, ViewLayer | Synchronizing object | Bancada_Base
Fra:1 Mem:24.70M (Peak 24.70M) | Time:00:00.02 | Mem:0.00M, Peak:0.00M | Scene, ViewLayer | Synchronizing object | Terca_Ala_Xm225
Fra:1 Mem:24.70M (Peak 24.70M) | Time:00:00.02 | Mem:0.00M, Peak:0.00M | Scene, ViewLayer | Synchronizing object | Bancada_Tampo_Norte
Fra:1 Mem:24.71M (Peak 24.71M) | Time:00:00.02 | Mem:0.00M, Peak:0.00M | Scene, ViewLayer | Synchronizing object | Bancada_Pia_Cuba
Fra:1 Mem:24.71M (Peak 24.71M) | Time:00:00.02 | Mem:0.00M, Peak:0.00M | Scene, ViewLayer | Synchronizing object | Bancada_Pia_Coluna_Torneira
Fra:1 Mem:24.71M (Peak 24.71M) | Time:00:00.02 | Mem:0.00M, Peak:0.00M | Scene, ViewLayer | Synchronizing object | Bancada_Pia_Bico_Torneira
Fra:1 Mem:24.73M (Peak 24.73M) | Time:00:00.02 | Mem:0.00M, Peak:0.00M | Scene, ViewLayer | Synchronizing object | Churrasqueira_Barra_2
Fra:1 Mem:24.73M (Peak 24.73M) | Time:00:00.02 | Mem:0.00M, Peak:0.00M | Scene, ViewLayer | Synchronizing object | Churrasqueira_Barra_3
Fra:1 Mem:24.74M (Peak 24.74M) | Time:00:00.02 | Mem:0.00M, Peak:0.00M | Scene, ViewLayer | Synchronizing object | Churrasqueira_Barra_4
Fra:1 Mem:24.74M (Peak 24.74M) | Time:00:00.02 | Mem:0.00M, Peak:0.00M | Scene, ViewLayer | Synchronizing object | Churrasqueira_Barra_5
Fra:1 Mem:24.74M (Peak 24.74M) | Time:00:00.02 | Mem:0.00M, Peak:0.00M | Scene, ViewLayer | Synchronizing object | Churrasqueira_Barra_6
Fra:1 Mem:24.75M (Peak 24.75M) | Time:00:00.02 | Mem:0.00M, Peak:0.00M | Scene, ViewLayer | Synchronizing object | Churrasqueira_Chamine
Fra:1 Mem:24.75M (Peak 24.75M) | Time:00:00.02 | Mem:0.00M, Peak:0.00M | Scene, ViewLayer | Synchronizing object | Mesa_Pe_-1_-1
Fra:1 Mem:24.75M (Peak 24.75M) | Time:00:00.02 | Mem:0.00M, Peak:0.00M | Scene, ViewLayer | Synchronizing object | Mesa_Pe_-1_1
Fra:1 Mem:24.75M (Peak 24.75M) | Time:00:00.02 | Mem:0.00M, Peak:0.00M | Scene, ViewLayer | Synchronizing object | Mesa_Pe_1_-1
Fra:1 Mem:24.75M (Peak 24.75M) | Time:00:00.02 | Mem:0.00M, Peak:0.00M | Scene, ViewLayer | Synchronizing object | Mesa_Pe_1_1
Fra:1 Mem:24.76M (Peak 24.76M) | Time:00:00.02 | Mem:0.00M, Peak:0.00M | Scene, ViewLayer | Synchronizing object | Banco_Oeste_Assento
Fra:1 Mem:24.76M (Peak 24.76M) | Time:00:00.02 | Mem:0.00M, Peak:0.00M | Scene, ViewLayer | Synchronizing object | Banco_Oeste_Pe_-1
Fra:1 Mem:24.76M (Peak 24.76M) | Time:00:00.02 | Mem:0.00M, Peak:0.00M | Scene, ViewLayer | Synchronizing object | Banco_Oeste_Pe_1
Fra:1 Mem:24.76M (Peak 24.76M) | Time:00:00.02 | Mem:0.00M, Peak:0.00M | Scene, ViewLayer | Synchronizing object | Banco_Leste_Assento
Fra:1 Mem:24.76M (Peak 24.76M) | Time:00:00.02 | Mem:0.00M, Peak:0.00M | Scene, ViewLayer | Synchronizing object | Banco_Leste_Pe_-1
Fra:1 Mem:24.76M (Peak 24.76M) | Time:00:00.02 | Mem:0.00M, Peak:0.00M | Scene, ViewLayer | Synchronizing object | Parede_Sul_1_2
Fra:1 Mem:24.76M (Peak 24.76M) | Time:00:00.02 | Mem:0.00M, Peak:0.00M | Scene, ViewLayer | Synchronizing object | Parede_Leste_2_3
Fra:1 Mem:24.76M (Peak 24.76M) | Time:00:00.02 | Mem:0.00M, Peak:0.00M | Scene, ViewLayer | Synchronizing object | Parede_Leste_3_4
Fra:1 Mem:24.77M (Peak 24.77M) | Time:00:00.02 | Mem:0.00M, Peak:0.00M | Scene, ViewLayer | Synchronizing object | Sala_Tapete
Fra:1 Mem:24.77M (Peak 24.77M) | Time:00:00.02 | Mem:0.00M, Peak:0.00M | Scene, ViewLayer | Synchronizing object | Sofa_Sul_Encosto
Fra:1 Mem:24.77M (Peak 24.77M) | Time:00:00.02 | Mem:0.00M, Peak:0.00M | Scene, ViewLayer | Synchronizing object | Sofa_Sul_Braco_-1
Fra:1 Mem:24.77M (Peak 24.77M) | Time:00:00.02 | Mem:0.00M, Peak:0.00M | Scene, ViewLayer | Synchronizing object | Sofa_Sul_Braco_1
Fra:1 Mem:24.78M (Peak 24.78M) | Time:00:00.02 | Mem:0.00M, Peak:0.00M | Scene, ViewLayer | Synchronizing object | Terca_Leste_X4
Fra:1 Mem:24.78M (Peak 24.78M) | Time:00:00.02 | Mem:0.00M, Peak:0.00M | Scene, ViewLayer | Synchronizing object | Sofa_Sul_Pe_0_1
Fra:1 Mem:24.78M (Peak 24.78M) | Time:00:00.02 | Mem:0.00M, Peak:0.00M | Scene, ViewLayer | Synchronizing object | Sofa_Sul_Pe_1_-1
Fra:1 Mem:24.78M (Peak 24.78M) | Time:00:00.02 | Mem:0.00M, Peak:0.00M | Scene, ViewLayer | Synchronizing object | Sofa_Sul_Pe_1_1
Fra:1 Mem:24.79M (Peak 24.79M) | Time:00:00.02 | Mem:0.00M, Peak:0.00M | Scene, ViewLayer | Synchronizing object | Sofa_Norte_Assento
Fra:1 Mem:24.79M (Peak 24.79M) | Time:00:00.02 | Mem:0.00M, Peak:0.00M | Scene, ViewLayer | Synchronizing object | Sofa_Norte_Encosto
Fra:1 Mem:24.80M (Peak 24.80M) | Time:00:00.02 | Mem:0.00M, Peak:0.00M | Scene, ViewLayer | Synchronizing object | Sofa_Norte_Braco_1
Fra:1 Mem:24.80M (Peak 24.80M) | Time:00:00.02 | Mem:0.00M, Peak:0.00M | Scene, ViewLayer | Synchronizing object | Sofa_Norte_Pe_0_-1
Fra:1 Mem:24.80M (Peak 24.80M) | Time:00:00.02 | Mem:0.00M, Peak:0.00M | Scene, ViewLayer | Synchronizing object | Sofa_Norte_Pe_0_1
Fra:1 Mem:24.80M (Peak 24.80M) | Time:00:00.02 | Mem:0.00M, Peak:0.00M | Scene, ViewLayer | Synchronizing object | Sofa_Norte_Pe_1_-1
Fra:1 Mem:24.80M (Peak 24.80M) | Time:00:00.02 | Mem:0.00M, Peak:0.00M | Scene, ViewLayer | Synchronizing object | Sofa_Norte_Pe_1_1
Fra:1 Mem:24.80M (Peak 24.80M) | Time:00:00.02 | Mem:0.00M, Peak:0.00M | Scene, ViewLayer | Synchronizing object | Mesa_Centro_Tampo
Fra:1 Mem:24.80M (Peak 24.80M) | Time:00:00.02 | Mem:0.00M, Peak:0.00M | Scene, ViewLayer | Synchronizing object | Mesa_Centro_Pe_-1_-1
Fra:1 Mem:24.81M (Peak 24.81M) | Time:00:00.02 | Mem:0.00M, Peak:0.00M | Scene, ViewLayer | Synchronizing object | Mesa_Centro_Pe_-1_1
Fra:1 Mem:24.81M (Peak 24.81M) | Time:00:00.02 | Mem:0.00M, Peak:0.00M | Scene, ViewLayer | Synchronizing object | Mesa_Centro_Pe_1_1
Fra:1 Mem:24.81M (Peak 24.81M) | Time:00:00.02 | Mem:0.00M, Peak:0.00M | Scene, ViewLayer | Synchronizing object | MesaBar_1_Tampo
Fra:1 Mem:24.82M (Peak 24.82M) | Time:00:00.02 | Mem:0.00M, Peak:0.00M | Scene, ViewLayer | Synchronizing object | MesaBar_1_Coluna
Fra:1 Mem:24.83M (Peak 24.83M) | Time:00:00.02 | Mem:0.00M, Peak:0.00M | Scene, ViewLayer | Synchronizing object | MesaBar_1_Base
Fra:1 Mem:24.83M (Peak 24.83M) | Time:00:00.02 | Mem:0.00M, Peak:0.00M | Scene, ViewLayer | Synchronizing object | MesaBar_1_Banqueta_1_Coluna
Fra:1 Mem:24.83M (Peak 24.83M) | Time:00:00.02 | Mem:0.00M, Peak:0.00M | Scene, ViewLayer | Synchronizing object | MesaBar_1_Banqueta_2_Assento
Fra:1 Mem:24.84M (Peak 24.84M) | Time:00:00.02 | Mem:0.00M, Peak:0.00M | Scene, ViewLayer | Synchronizing object | MesaBar_1_Banqueta_2_Coluna
Fra:1 Mem:24.84M (Peak 24.84M) | Time:00:00.02 | Mem:0.00M, Peak:0.00M | Scene, ViewLayer | Synchronizing object | MesaBar_1_Banqueta_2_Base
Fra:1 Mem:24.85M (Peak 24.85M) | Time:00:00.02 | Mem:0.00M, Peak:0.00M | Scene, ViewLayer | Synchronizing object | MesaBar_2_Tampo
Fra:1 Mem:24.86M (Peak 24.86M) | Time:00:00.02 | Mem:0.00M, Peak:0.00M | Scene, ViewLayer | Synchronizing object | MesaBar_2_Banqueta_1_Assento
Fra:1 Mem:24.86M (Peak 24.86M) | Time:00:00.02 | Mem:0.00M, Peak:0.00M | Scene, ViewLayer | Synchronizing object | MesaBar_2_Banqueta_1_Coluna
Fra:1 Mem:24.86M (Peak 24.86M) | Time:00:00.02 | Mem:0.00M, Peak:0.00M | Scene, ViewLayer | Synchronizing object | MesaBar_2_Banqueta_2_Assento
Fra:1 Mem:24.87M (Peak 24.87M) | Time:00:00.02 | Mem:0.00M, Peak:0.00M | Scene, ViewLayer | Synchronizing object | MesaBar_2_Banqueta_2_Coluna
Fra:1 Mem:24.87M (Peak 24.88M) | Time:00:00.02 | Mem:0.00M, Peak:0.00M | Scene, ViewLayer | Synchronizing object | MesaBar_2_Banqueta_2_Base
Fra:1 Mem:24.88M (Peak 24.88M) | Time:00:00.02 | Mem:0.00M, Peak:0.00M | Scene, ViewLayer | Synchronizing object | Geladeira_Corpo
Fra:1 Mem:24.89M (Peak 24.89M) | Time:00:00.02 | Mem:0.00M, Peak:0.00M | Scene, ViewLayer | Synchronizing object | Geladeira_Linha_Divisoria
Fra:1 Mem:24.89M (Peak 24.89M) | Time:00:00.02 | Mem:0.00M, Peak:0.00M | Scene, ViewLayer | Synchronizing object | Geladeira_Puxador_1
Fra:1 Mem:24.89M (Peak 24.89M) | Time:00:00.02 | Mem:0.00M, Peak:0.00M | Scene, ViewLayer | Synchronizing object | Geladeira_Puxador_2
Fra:1 Mem:24.89M (Peak 24.89M) | Time:00:00.02 | Mem:0.00M, Peak:0.00M | Scene, ViewLayer | Synchronizing object | Fogao_Corpo
Fra:1 Mem:24.89M (Peak 24.89M) | Time:00:00.02 | Mem:0.00M, Peak:0.00M | Scene, ViewLayer | Synchronizing object | Fogao_Cooktop
Fra:1 Mem:24.89M (Peak 24.89M) | Time:00:00.02 | Mem:0.00M, Peak:0.00M | Scene, ViewLayer | Synchronizing object | Fogao_Boca_0_0
Fra:1 Mem:24.89M (Peak 24.89M) | Time:00:00.02 | Mem:0.00M, Peak:0.00M | Scene, ViewLayer | Synchronizing object | Fogao_Boca_0_1
Fra:1 Mem:24.89M (Peak 24.89M) | Time:00:00.02 | Mem:0.00M, Peak:0.00M | Scene, ViewLayer | Synchronizing object | Fogao_Boca_1_0
Fra:1 Mem:24.90M (Peak 24.90M) | Time:00:00.02 | Mem:0.00M, Peak:0.00M | Scene, ViewLayer | Synchronizing object | Fogao_Boca_1_1
Fra:1 Mem:24.91M (Peak 24.91M) | Time:00:00.02 | Mem:0.00M, Peak:0.00M | Scene, ViewLayer | Synchronizing object | Fogao_Forno_Porta
Fra:1 Mem:24.91M (Peak 24.91M) | Time:00:00.02 | Mem:0.00M, Peak:0.00M | Scene, ViewLayer | Synchronizing object | TV_Moldura
Fra:1 Mem:24.91M (Peak 24.91M) | Time:00:00.02 | Mem:0.00M, Peak:0.00M | Scene, ViewLayer | Synchronizing object | Montante_P2
Fra:1 Mem:24.92M (Peak 24.92M) | Time:00:00.02 | Mem:0.00M, Peak:0.00M | Scene, ViewLayer | Synchronizing object | Montante_P3
Fra:1 Mem:24.92M (Peak 24.92M) | Time:00:00.02 | Mem:0.00M, Peak:0.00M | Scene, ViewLayer | Synchronizing object | Montante_P4
Fra:1 Mem:24.92M (Peak 24.92M) | Time:00:00.02 | Mem:0.00M, Peak:0.00M | Scene, ViewLayer | Synchronizing object | Montante_P5
Fra:1 Mem:24.92M (Peak 24.92M) | Time:00:00.02 | Mem:0.00M, Peak:0.00M | Scene, ViewLayer | Synchronizing object | Viga_Transv_Y0
Fra:1 Mem:24.93M (Peak 24.93M) | Time:00:00.02 | Mem:0.00M, Peak:0.00M | Scene, ViewLayer | Synchronizing object | Viga_Transv_P9_P4
Fra:1 Mem:24.93M (Peak 24.93M) | Time:00:00.02 | Mem:0.00M, Peak:0.00M | Scene, ViewLayer | Synchronizing object | Viga_Transv_Y12
Fra:1 Mem:24.95M (Peak 24.95M) | Time:00:00.02 | Mem:0.00M, Peak:0.00M | Scene, ViewLayer | Synchronizing object | Viga_Transv_Ala_Y9_5
Fra:1 Mem:24.95M (Peak 24.95M) | Time:00:00.02 | Mem:0.00M, Peak:0.00M | Scene, ViewLayer | Synchronizing object | Viga_Transv_Ala_Y12
Fra:1 Mem:24.96M (Peak 24.96M) | Time:00:00.02 | Mem:0.00M, Peak:0.00M | Scene, ViewLayer | Synchronizing object | Terca_Oeste_X0
Fra:1 Mem:25.01M (Peak 25.01M) | Time:00:00.02 | Mem:0.00M, Peak:0.00M | Scene, ViewLayer | Initializing
Fra:1 Mem:18.85M (Peak 25.01M) | Time:00:00.03 | Mem:0.00M, Peak:0.00M | Scene, ViewLayer | Waiting for render to start
Fra:1 Mem:18.85M (Peak 25.01M) | Time:00:00.03 | Mem:0.00M, Peak:0.00M | Scene, ViewLayer | Loading render kernels (may take a few minutes the first time)
Fra:1 Mem:18.85M (Peak 25.01M) | Time:00:00.03 | Mem:0.00M, Peak:0.00M | Scene, ViewLayer | Updating Scene
Fra:1 Mem:18.85M (Peak 25.01M) | Time:00:00.03 | Mem:0.00M, Peak:0.00M | Scene, ViewLayer | Updating Shaders
Fra:1 Mem:18.95M (Peak 25.01M) | Time:00:00.03 | Mem:0.02M, Peak:0.02M | Scene, ViewLayer | Updating Procedurals
Fra:1 Mem:18.95M (Peak 25.01M) | Time:00:00.03 | Mem:0.02M, Peak:0.02M | Scene, ViewLayer | Updating Background
Fra:1 Mem:18.95M (Peak 25.01M) | Time:00:00.03 | Mem:0.02M, Peak:0.02M | Scene, ViewLayer | Updating Camera
Fra:1 Mem:18.95M (Peak 25.01M) | Time:00:00.03 | Mem:0.02M, Peak:0.02M | Scene, ViewLayer | Updating Meshes Flags
Fra:1 Mem:18.95M (Peak 25.01M) | Time:00:00.03 | Mem:0.02M, Peak:0.02M | Scene, ViewLayer | Updating Objects
Fra:1 Mem:18.95M (Peak 25.01M) | Time:00:00.03 | Mem:0.02M, Peak:0.02M | Scene, ViewLayer | Updating Objects | Copying Transformations to device
Fra:1 Mem:18.99M (Peak 25.01M) | Time:00:00.03 | Mem:0.06M, Peak:0.06M | Scene, ViewLayer | Updating Objects | Applying Static Transformations
Fra:1 Mem:18.99M (Peak 25.01M) | Time:00:00.03 | Mem:0.06M, Peak:0.06M | Scene, ViewLayer | Updating Particle Systems
Fra:1 Mem:18.99M (Peak 25.01M) | Time:00:00.03 | Mem:0.06M, Peak:0.06M | Scene, ViewLayer | Updating Particle Systems | Copying Particles to device
Fra:1 Mem:18.99M (Peak 25.01M) | Time:00:00.03 | Mem:0.06M, Peak:0.06M | Scene, ViewLayer | Updating Meshes
Fra:1 Mem:19.15M (Peak 25.01M) | Time:00:00.03 | Mem:0.06M, Peak:0.06M | Scene, ViewLayer | Updating Mesh | Computing attributes
Fra:1 Mem:19.25M (Peak 25.01M) | Time:00:00.03 | Mem:0.07M, Peak:0.07M | Scene, ViewLayer | Updating Mesh | Copying Attributes to device
Fra:1 Mem:19.22M (Peak 25.01M) | Time:00:00.03 | Mem:0.13M, Peak:0.13M | Scene, ViewLayer | Updating Scene BVH | Building
Fra:1 Mem:19.22M (Peak 25.01M) | Time:00:00.03 | Mem:0.13M, Peak:0.13M | Scene, ViewLayer | Updating Scene BVH | Building BVH
Fra:1 Mem:19.22M (Peak 25.01M) | Time:00:00.03 | Mem:0.45M, Peak:0.45M | Scene, ViewLayer | Updating Scene BVH | Building BVH 0%
Fra:1 Mem:19.22M (Peak 25.01M) | Time:00:00.03 | Mem:0.84M, Peak:1.16M | Scene, ViewLayer | Updating Scene BVH | Copying BVH to device
Fra:1 Mem:19.22M (Peak 25.01M) | Time:00:00.03 | Mem:0.84M, Peak:1.16M | Scene, ViewLayer | Updating Mesh | Computing normals
Fra:1 Mem:19.59M (Peak 25.01M) | Time:00:00.03 | Mem:0.84M, Peak:1.16M | Scene, ViewLayer | Updating Mesh | Copying Mesh to device
Fra:1 Mem:19.59M (Peak 25.01M) | Time:00:00.03 | Mem:1.21M, Peak:1.21M | Scene, ViewLayer | Updating Objects Flags
Fra:1 Mem:19.59M (Peak 25.01M) | Time:00:00.03 | Mem:1.21M, Peak:1.21M | Scene, ViewLayer | Updating Primitive Offsets
Fra:1 Mem:19.60M (Peak 25.01M) | Time:00:00.03 | Mem:1.21M, Peak:1.21M | Scene, ViewLayer | Updating Images
Fra:1 Mem:19.60M (Peak 25.01M) | Time:00:00.03 | Mem:1.21M, Peak:1.21M | Scene, ViewLayer | Updating Camera Volume
Fra:1 Mem:19.60M (Peak 25.01M) | Time:00:00.03 | Mem:1.21M, Peak:1.21M | Scene, ViewLayer | Updating Lookup Tables
Fra:1 Mem:19.60M (Peak 25.01M) | Time:00:00.03 | Mem:1.29M, Peak:1.29M | Scene, ViewLayer | Updating Lights
Fra:1 Mem:19.60M (Peak 25.01M) | Time:00:00.03 | Mem:1.29M, Peak:1.29M | Scene, ViewLayer | Updating Lights | Computing distribution
Fra:1 Mem:19.60M (Peak 25.01M) | Time:00:00.03 | Mem:1.29M, Peak:1.29M | Scene, ViewLayer | Updating Lights | Computing tree
Fra:1 Mem:19.60M (Peak 25.01M) | Time:00:00.03 | Mem:1.29M, Peak:1.29M | Scene, ViewLayer | Updating Integrator
Fra:1 Mem:21.60M (Peak 25.01M) | Time:00:00.03 | Mem:3.29M, Peak:3.29M | Scene, ViewLayer | Updating Film
Fra:1 Mem:21.60M (Peak 25.01M) | Time:00:00.03 | Mem:3.21M, Peak:3.29M | Scene, ViewLayer | Updating Lookup Tables
Fra:1 Mem:21.60M (Peak 25.01M) | Time:00:00.03 | Mem:3.30M, Peak:3.30M | Scene, ViewLayer | Updating Baking
Fra:1 Mem:21.60M (Peak 25.01M) | Time:00:00.03 | Mem:3.30M, Peak:3.30M | Scene, ViewLayer | Updating Device | Writing constant memory
Fra:1 Mem:21.61M (Peak 25.01M) | Time:00:00.03 | Mem:3.30M, Peak:3.30M | Scene, ViewLayer | Sample 0/300
Fra:1 Mem:92.85M (Peak 92.85M) | Time:00:01.04 | Remaining:05:00.87 | Mem:74.49M, Peak:74.49M | Scene, ViewLayer | Sample 1/300
Fra:1 Mem:92.85M (Peak 92.85M) | Time:00:23.02 | Remaining:03:05.99 | Mem:74.49M, Peak:74.49M | Scene, ViewLayer | Sample 33/300
Fra:1 Mem:92.85M (Peak 92.85M) | Time:00:46.32 | Remaining:02:47.34 | Mem:74.49M, Peak:74.49M | Scene, ViewLayer | Sample 65/300
Fra:1 Mem:92.85M (Peak 92.85M) | Time:00:53.92 | Remaining:02:28.17 | Mem:74.49M, Peak:74.49M | Scene, ViewLayer | Sample 80/300
Fra:1 Mem:92.85M (Peak 92.85M) | Time:00:55.80 | Remaining:01:58.50 | Mem:74.49M, Peak:74.49M | Scene, ViewLayer | Sample 96/300
Fra:1 Mem:92.85M (Peak 92.85M) | Time:00:57.64 | Remaining:01:36.69 | Mem:74.49M, Peak:74.49M | Scene, ViewLayer | Sample 112/300
Fra:1 Mem:92.85M (Peak 92.85M) | Time:00:59.24 | Remaining:01:19.56 | Mem:74.49M, Peak:74.49M | Scene, ViewLayer | Sample 128/300
Fra:1 Mem:92.85M (Peak 92.85M) | Time:01:00.77 | Remaining:01:05.79 | Mem:74.49M, Peak:74.49M | Scene, ViewLayer | Sample 144/300
Fra:1 Mem:92.85M (Peak 92.85M) | Time:01:02.27 | Remaining:00:54.45 | Mem:74.49M, Peak:74.49M | Scene, ViewLayer | Sample 160/300
Fra:1 Mem:92.85M (Peak 92.85M) | Time:01:03.72 | Remaining:00:44.87 | Mem:74.49M, Peak:74.49M | Scene, ViewLayer | Sample 176/300
Fra:1 Mem:92.85M (Peak 92.85M) | Time:01:04.99 | Remaining:00:36.53 | Mem:74.49M, Peak:74.49M | Scene, ViewLayer | Sample 192/300
Fra:1 Mem:92.85M (Peak 92.85M) | Time:01:06.46 | Remaining:00:29.37 | Mem:74.49M, Peak:74.49M | Scene, ViewLayer | Sample 208/300
Fra:1 Mem:92.85M (Peak 92.85M) | Time:01:07.92 | Remaining:00:23.03 | Mem:74.49M, Peak:74.49M | Scene, ViewLayer | Sample 224/300
Fra:1 Mem:92.85M (Peak 92.85M) | Time:01:09.32 | Remaining:00:17.32 | Mem:74.49M, Peak:74.49M | Scene, ViewLayer | Sample 240/300
Fra:1 Mem:92.85M (Peak 92.85M) | Time:01:10.59 | Remaining:00:12.12 | Mem:74.49M, Peak:74.49M | Scene, ViewLayer | Sample 256/300
Fra:1 Mem:92.85M (Peak 92.85M) | Time:01:11.86 | Remaining:00:07.39 | Mem:74.49M, Peak:74.49M | Scene, ViewLayer | Sample 272/300
Fra:1 Mem:92.85M (Peak 92.85M) | Time:01:12.96 | Remaining:00:03.03 | Mem:74.49M, Peak:74.49M | Scene, ViewLayer | Sample 288/300
Fra:1 Mem:124.49M (Peak 187.77M) | Time:01:14.03 | Mem:74.49M, Peak:74.49M | Scene, ViewLayer | Sample 300/300
Fra:1 Mem:124.49M (Peak 187.77M) | Time:01:14.03 | Mem:74.49M, Peak:74.49M | Scene, ViewLayer | Finished
Saved: '/home/fac/piscina/V3/renders/projeto_render_14h.png'
Time: 01:14.36 (Saving: 00:00.31)

Fra:1 Mem:24.54M (Peak 24.54M) | Time:00:00.02 | Mem:0.00M, Peak:0.00M | Scene, ViewLayer | Synchronizing object | Pedestal_Concreto_1
Fra:1 Mem:24.54M (Peak 24.54M) | Time:00:00.02 | Mem:0.00M, Peak:0.00M | Scene, ViewLayer | Synchronizing object | Pilar_Eucalipto_3
Fra:1 Mem:24.55M (Peak 24.55M) | Time:00:00.02 | Mem:0.00M, Peak:0.00M | Scene, ViewLayer | Synchronizing object | Pedestal_Concreto_6
Fra:1 Mem:24.55M (Peak 24.55M) | Time:00:00.02 | Mem:0.00M, Peak:0.00M | Scene, ViewLayer | Synchronizing object | Pedestal_Concreto_8
Fra:1 Mem:24.56M (Peak 24.56M) | Time:00:00.02 | Mem:0.00M, Peak:0.00M | Scene, ViewLayer | Synchronizing object | Pilar_Eucalipto_9
Fra:1 Mem:24.57M (Peak 24.57M) | Time:00:00.02 | Mem:0.00M, Peak:0.00M | Scene, ViewLayer | Synchronizing object | Pedestal_Concreto_10
Fra:1 Mem:24.58M (Peak 24.58M) | Time:00:00.02 | Mem:0.00M, Peak:0.00M | Scene, ViewLayer | Synchronizing object | Pilar_Eucalipto_10
Fra:1 Mem:24.59M (Peak 24.59M) | Time:00:00.02 | Mem:0.00M, Peak:0.00M | Scene, ViewLayer | Synchronizing object | Piso_Area_Piscina
Fra:1 Mem:24.60M (Peak 24.60M) | Time:00:00.02 | Mem:0.00M, Peak:0.00M | Scene, ViewLayer | Synchronizing object | Piscina_Esmeralda_Casca
Fra:1 Mem:24.61M (Peak 24.61M) | Time:00:00.02 | Mem:0.00M, Peak:0.00M | Scene, ViewLayer | Synchronizing object | Banheiro_Parede_Oeste_1_b
Fra:1 Mem:24.62M (Peak 24.62M) | Time:00:00.02 | Mem:0.00M, Peak:0.00M | Scene, ViewLayer | Synchronizing object | Banheiro_Parede_Oeste_1_Porta
Fra:1 Mem:24.62M (Peak 24.62M) | Time:00:00.02 | Mem:0.00M, Peak:0.00M | Scene, ViewLayer | Synchronizing object | Banheiro_Parede_Oeste_2_a
Fra:1 Mem:24.63M (Peak 24.63M) | Time:00:00.02 | Mem:0.00M, Peak:0.00M | Scene, ViewLayer | Synchronizing object | Banheiro_Parede_Oeste_2_Porta
Fra:1 Mem:24.63M (Peak 24.63M) | Time:00:00.02 | Mem:0.00M, Peak:0.00M | Scene, ViewLayer | Synchronizing object | Banheiro_Parede_Leste_1_a
Fra:1 Mem:24.63M (Peak 24.63M) | Time:00:00.02 | Mem:0.00M, Peak:0.00M | Scene, ViewLayer | Synchronizing object | Banheiro_Parede_Leste_1_b
Fra:1 Mem:24.63M (Peak 24.63M) | Time:00:00.02 | Mem:0.00M, Peak:0.00M | Scene, ViewLayer | Synchronizing object | Banheiro_Parede_Leste_1_Porta
Fra:1 Mem:24.63M (Peak 24.63M) | Time:00:00.02 | Mem:0.00M, Peak:0.00M | Scene, ViewLayer | Synchronizing object | Banheiro_Parede_Leste_2_a
Fra:1 Mem:24.64M (Peak 24.64M) | Time:00:00.02 | Mem:0.00M, Peak:0.00M | Scene, ViewLayer | Synchronizing object | Banheiro_Parede_Leste_2_b
Fra:1 Mem:24.64M (Peak 24.64M) | Time:00:00.02 | Mem:0.00M, Peak:0.00M | Scene, ViewLayer | Synchronizing object | Banheiro_Parede_Norte
Fra:1 Mem:24.64M (Peak 24.64M) | Time:00:00.02 | Mem:0.00M, Peak:0.00M | Scene, ViewLayer | Synchronizing object | Banheiro_Parede_Sul
Fra:1 Mem:24.64M (Peak 24.64M) | Time:00:00.02 | Mem:0.00M, Peak:0.00M | Scene, ViewLayer | Synchronizing object | Banheiro_Parede_Central
Fra:1 Mem:24.65M (Peak 24.65M) | Time:00:00.02 | Mem:0.00M, Peak:0.00M | Scene, ViewLayer | Synchronizing object | Banheiro_Particao_Ducha
Fra:1 Mem:24.65M (Peak 24.65M) | Time:00:00.02 | Mem:0.00M, Peak:0.00M | Scene, ViewLayer | Synchronizing object | Banheiro_Particao_Lavabo
Fra:1 Mem:24.66M (Peak 24.66M) | Time:00:00.02 | Mem:0.00M, Peak:0.00M | Scene, ViewLayer | Synchronizing object | Ducha_1_Base
Fra:1 Mem:24.66M (Peak 24.66M) | Time:00:00.02 | Mem:0.00M, Peak:0.00M | Scene, ViewLayer | Synchronizing object | Ducha_1_Eletrico
Fra:1 Mem:24.67M (Peak 24.67M) | Time:00:00.02 | Mem:0.00M, Peak:0.00M | Scene, ViewLayer | Synchronizing object | Ducha_1_Registro
Fra:1 Mem:24.68M (Peak 24.68M) | Time:00:00.02 | Mem:0.00M, Peak:0.00M | Scene, ViewLayer | Synchronizing object | Ducha_2_Base
Fra:1 Mem:24.68M (Peak 24.68M) | Time:00:00.02 | Mem:0.00M, Peak:0.00M | Scene, ViewLayer | Synchronizing object | Ducha_2_Coluna
Fra:1 Mem:24.68M (Peak 24.68M) | Time:00:00.02 | Mem:0.00M, Peak:0.00M | Scene, ViewLayer | Synchronizing object | Ducha_2_Eletrico
Fra:1 Mem:24.68M (Peak 24.68M) | Time:00:00.02 | Mem:0.00M, Peak:0.00M | Scene, ViewLayer | Synchronizing object | Ducha_2_Registro
Fra:1 Mem:24.70M (Peak 24.70M) | Time:00:00.02 | Mem:0.00M, Peak:0.00M | Scene, ViewLayer | Synchronizing object | Terreno_V3
Fra:1 Mem:24.70M (Peak 24.70M) | Time:00:00.02 | Mem:0.00M, Peak:0.00M | Scene, ViewLayer | Synchronizing object | Lavabo_1_Assento
Fra:1 Mem:24.70M (Peak 24.70M) | Time:00:00.02 | Mem:0.00M, Peak:0.00M | Scene, ViewLayer | Synchronizing object | Terca_Ala_Xm225
Fra:1 Mem:24.70M (Peak 24.70M) | Time:00:00.02 | Mem:0.00M, Peak:0.00M | Scene, ViewLayer | Synchronizing object | Lavabo_1_Pia
Fra:1 Mem:24.70M (Peak 24.70M) | Time:00:00.02 | Mem:0.00M, Peak:0.00M | Scene, ViewLayer | Synchronizing object | Lavabo_1_Torneira
Fra:1 Mem:24.70M (Peak 24.70M) | Time:00:00.02 | Mem:0.00M, Peak:0.00M | Scene, ViewLayer | Synchronizing object | Lavabo_2_Caixa
Fra:1 Mem:24.70M (Peak 24.70M) | Time:00:00.02 | Mem:0.00M, Peak:0.00M | Scene, ViewLayer | Synchronizing object | Lavabo_2_Bacia
Fra:1 Mem:24.70M (Peak 24.70M) | Time:00:00.02 | Mem:0.00M, Peak:0.00M | Scene, ViewLayer | Synchronizing object | Lavabo_2_Assento
Fra:1 Mem:24.71M (Peak 24.71M) | Time:00:00.02 | Mem:0.00M, Peak:0.00M | Scene, ViewLayer | Synchronizing object | Lavabo_2_Pia
Fra:1 Mem:24.71M (Peak 24.71M) | Time:00:00.02 | Mem:0.00M, Peak:0.00M | Scene, ViewLayer | Synchronizing object | Bancada_Base
Fra:1 Mem:24.72M (Peak 24.72M) | Time:00:00.02 | Mem:0.00M, Peak:0.00M | Scene, ViewLayer | Synchronizing object | Bancada_Tampo_Sul
Fra:1 Mem:24.72M (Peak 24.72M) | Time:00:00.02 | Mem:0.00M, Peak:0.00M | Scene, ViewLayer | Synchronizing object | Bancada_Tampo_Norte
Fra:1 Mem:24.72M (Peak 24.72M) | Time:00:00.02 | Mem:0.00M, Peak:0.00M | Scene, ViewLayer | Synchronizing object | Bancada_Pia_Cuba
Fra:1 Mem:24.72M (Peak 24.72M) | Time:00:00.02 | Mem:0.00M, Peak:0.00M | Scene, ViewLayer | Synchronizing object | Bancada_Pia_Bico_Torneira
Fra:1 Mem:24.72M (Peak 24.72M) | Time:00:00.02 | Mem:0.00M, Peak:0.00M | Scene, ViewLayer | Synchronizing object | Churrasqueira_Corpo
Fra:1 Mem:24.73M (Peak 24.73M) | Time:00:00.02 | Mem:0.00M, Peak:0.00M | Scene, ViewLayer | Synchronizing object | Churrasqueira_Barra_1
Fra:1 Mem:24.74M (Peak 24.74M) | Time:00:00.02 | Mem:0.00M, Peak:0.00M | Scene, ViewLayer | Synchronizing object | Churrasqueira_Barra_2
Fra:1 Mem:24.74M (Peak 24.74M) | Time:00:00.02 | Mem:0.00M, Peak:0.00M | Scene, ViewLayer | Synchronizing object | Churrasqueira_Barra_5
Fra:1 Mem:24.74M (Peak 24.74M) | Time:00:00.02 | Mem:0.00M, Peak:0.00M | Scene, ViewLayer | Synchronizing object | Churrasqueira_Barra_6
Fra:1 Mem:24.75M (Peak 24.75M) | Time:00:00.02 | Mem:0.00M, Peak:0.00M | Scene, ViewLayer | Synchronizing object | Churrasqueira_Brasa
Fra:1 Mem:24.75M (Peak 24.75M) | Time:00:00.02 | Mem:0.00M, Peak:0.00M | Scene, ViewLayer | Synchronizing object | Churrasqueira_Chamine
Fra:1 Mem:24.75M (Peak 24.75M) | Time:00:00.02 | Mem:0.00M, Peak:0.00M | Scene, ViewLayer | Synchronizing object | Mesa_Pe_-1_-1
Fra:1 Mem:24.75M (Peak 24.75M) | Time:00:00.02 | Mem:0.00M, Peak:0.00M | Scene, ViewLayer | Synchronizing object | Mesa_Pe_-1_1
Fra:1 Mem:24.75M (Peak 24.75M) | Time:00:00.02 | Mem:0.00M, Peak:0.00M | Scene, ViewLayer | Synchronizing object | Mesa_Pe_1_-1
Fra:1 Mem:24.75M (Peak 24.75M) | Time:00:00.02 | Mem:0.00M, Peak:0.00M | Scene, ViewLayer | Synchronizing object | Mesa_Pe_1_1
Fra:1 Mem:24.76M (Peak 24.76M) | Time:00:00.02 | Mem:0.00M, Peak:0.00M | Scene, ViewLayer | Synchronizing object | Banco_Oeste_Assento
Fra:1 Mem:24.76M (Peak 24.76M) | Time:00:00.02 | Mem:0.00M, Peak:0.00M | Scene, ViewLayer | Synchronizing object | Banco_Oeste_Pe_-1
Fra:1 Mem:24.76M (Peak 24.76M) | Time:00:00.02 | Mem:0.00M, Peak:0.00M | Scene, ViewLayer | Synchronizing object | Banco_Oeste_Pe_1
Fra:1 Mem:24.76M (Peak 24.76M) | Time:00:00.02 | Mem:0.00M, Peak:0.00M | Scene, ViewLayer | Synchronizing object | Banco_Leste_Assento
Fra:1 Mem:24.77M (Peak 24.77M) | Time:00:00.02 | Mem:0.00M, Peak:0.00M | Scene, ViewLayer | Synchronizing object | Terca_Leste_X4
Fra:1 Mem:24.77M (Peak 24.77M) | Time:00:00.02 | Mem:0.00M, Peak:0.00M | Scene, ViewLayer | Synchronizing object | Banco_Leste_Pe_1
Fra:1 Mem:24.77M (Peak 24.77M) | Time:00:00.02 | Mem:0.00M, Peak:0.00M | Scene, ViewLayer | Synchronizing object | Parede_Sul_1_2
Fra:1 Mem:24.78M (Peak 24.78M) | Time:00:00.02 | Mem:0.00M, Peak:0.00M | Scene, ViewLayer | Synchronizing object | Parede_Leste_2_3
Fra:1 Mem:24.78M (Peak 24.78M) | Time:00:00.02 | Mem:0.00M, Peak:0.00M | Scene, ViewLayer | Synchronizing object | Parede_Leste_3_4
Fra:1 Mem:24.78M (Peak 24.78M) | Time:00:00.02 | Mem:0.00M, Peak:0.00M | Scene, ViewLayer | Synchronizing object | Parede_Leste_4_5
Fra:1 Mem:24.78M (Peak 24.78M) | Time:00:00.02 | Mem:0.00M, Peak:0.00M | Scene, ViewLayer | Synchronizing object | Sala_Tapete
Fra:1 Mem:24.78M (Peak 24.78M) | Time:00:00.02 | Mem:0.00M, Peak:0.00M | Scene, ViewLayer | Synchronizing object | Sofa_Sul_Assento
Fra:1 Mem:24.78M (Peak 24.78M) | Time:00:00.02 | Mem:0.00M, Peak:0.00M | Scene, ViewLayer | Synchronizing object | Sofa_Sul_Encosto
Fra:1 Mem:24.79M (Peak 24.79M) | Time:00:00.02 | Mem:0.00M, Peak:0.00M | Scene, ViewLayer | Synchronizing object | Sofa_Sul_Braco_-1
Fra:1 Mem:24.79M (Peak 24.79M) | Time:00:00.02 | Mem:0.00M, Peak:0.00M | Scene, ViewLayer | Synchronizing object | Sofa_Sul_Braco_1
Fra:1 Mem:24.79M (Peak 24.79M) | Time:00:00.02 | Mem:0.00M, Peak:0.00M | Scene, ViewLayer | Synchronizing object | Sofa_Sul_Pe_0_-1
Fra:1 Mem:24.79M (Peak 24.79M) | Time:00:00.02 | Mem:0.00M, Peak:0.00M | Scene, ViewLayer | Synchronizing object | Sofa_Sul_Pe_0_1
Fra:1 Mem:24.79M (Peak 24.79M) | Time:00:00.02 | Mem:0.00M, Peak:0.00M | Scene, ViewLayer | Synchronizing object | Sofa_Sul_Pe_1_1
Fra:1 Mem:24.79M (Peak 24.79M) | Time:00:00.02 | Mem:0.00M, Peak:0.00M | Scene, ViewLayer | Synchronizing object | Sofa_Norte_Assento
Fra:1 Mem:24.79M (Peak 24.79M) | Time:00:00.02 | Mem:0.00M, Peak:0.00M | Scene, ViewLayer | Synchronizing object | Sofa_Norte_Encosto
Fra:1 Mem:24.80M (Peak 24.80M) | Time:00:00.02 | Mem:0.00M, Peak:0.00M | Scene, ViewLayer | Synchronizing object | Sofa_Norte_Braco_-1
Fra:1 Mem:24.80M (Peak 24.80M) | Time:00:00.02 | Mem:0.00M, Peak:0.00M | Scene, ViewLayer | Synchronizing object | Sofa_Norte_Braco_1
Fra:1 Mem:24.80M (Peak 24.80M) | Time:00:00.02 | Mem:0.00M, Peak:0.00M | Scene, ViewLayer | Synchronizing object | Terca_Central_X2
Fra:1 Mem:24.80M (Peak 24.80M) | Time:00:00.02 | Mem:0.00M, Peak:0.00M | Scene, ViewLayer | Synchronizing object | Sofa_Norte_Pe_0_-1
Fra:1 Mem:24.81M (Peak 24.81M) | Time:00:00.02 | Mem:0.00M, Peak:0.00M | Scene, ViewLayer | Synchronizing object | Sofa_Norte_Pe_0_1
Fra:1 Mem:24.81M (Peak 24.81M) | Time:00:00.02 | Mem:0.00M, Peak:0.00M | Scene, ViewLayer | Synchronizing object | Sofa_Norte_Pe_1_-1
Fra:1 Mem:24.81M (Peak 24.81M) | Time:00:00.02 | Mem:0.00M, Peak:0.00M | Scene, ViewLayer | Synchronizing object | Sofa_Norte_Pe_1_1
Fra:1 Mem:24.81M (Peak 24.81M) | Time:00:00.02 | Mem:0.00M, Peak:0.00M | Scene, ViewLayer | Synchronizing object | Mesa_Centro_Tampo
Fra:1 Mem:24.81M (Peak 24.81M) | Time:00:00.02 | Mem:0.00M, Peak:0.00M | Scene, ViewLayer | Synchronizing object | Mesa_Centro_Pe_-1_-1
Fra:1 Mem:24.81M (Peak 24.81M) | Time:00:00.02 | Mem:0.00M, Peak:0.00M | Scene, ViewLayer | Synchronizing object | Mesa_Centro_Pe_-1_1
Fra:1 Mem:24.82M (Peak 24.82M) | Time:00:00.02 | Mem:0.00M, Peak:0.00M | Scene, ViewLayer | Synchronizing object | Mesa_Centro_Pe_1_-1
Fra:1 Mem:24.82M (Peak 24.82M) | Time:00:00.02 | Mem:0.00M, Peak:0.00M | Scene, ViewLayer | Synchronizing object | Mesa_Centro_Pe_1_1
Fra:1 Mem:24.82M (Peak 24.82M) | Time:00:00.02 | Mem:0.00M, Peak:0.00M | Scene, ViewLayer | Synchronizing object | MesaBar_1_Coluna
Fra:1 Mem:24.82M (Peak 24.82M) | Time:00:00.02 | Mem:0.00M, Peak:0.00M | Scene, ViewLayer | Synchronizing object | MesaBar_1_Banqueta_1_Assento
Fra:1 Mem:24.82M (Peak 24.82M) | Time:00:00.02 | Mem:0.00M, Peak:0.00M | Scene, ViewLayer | Synchronizing object | MesaBar_1_Banqueta_1_Coluna
Fra:1 Mem:24.83M (Peak 24.83M) | Time:00:00.02 | Mem:0.00M, Peak:0.00M | Scene, ViewLayer | Synchronizing object | MesaBar_1_Banqueta_2_Assento
Fra:1 Mem:24.84M (Peak 24.84M) | Time:00:00.02 | Mem:0.00M, Peak:0.00M | Scene, ViewLayer | Synchronizing object | MesaBar_1_Banqueta_2_Coluna
Fra:1 Mem:24.84M (Peak 24.84M) | Time:00:00.02 | Mem:0.00M, Peak:0.00M | Scene, ViewLayer | Synchronizing object | MesaBar_2_Tampo
Fra:1 Mem:24.84M (Peak 24.84M) | Time:00:00.02 | Mem:0.00M, Peak:0.00M | Scene, ViewLayer | Synchronizing object | MesaBar_1_Banqueta_2_Base
Fra:1 Mem:24.85M (Peak 24.85M) | Time:00:00.02 | Mem:0.00M, Peak:0.00M | Scene, ViewLayer | Synchronizing object | MesaBar_2_Coluna
Fra:1 Mem:24.85M (Peak 24.85M) | Time:00:00.02 | Mem:0.00M, Peak:0.00M | Scene, ViewLayer | Synchronizing object | MesaBar_2_Base
Fra:1 Mem:24.85M (Peak 24.85M) | Time:00:00.02 | Mem:0.00M, Peak:0.00M | Scene, ViewLayer | Synchronizing object | MesaBar_2_Banqueta_1_Coluna
Fra:1 Mem:24.86M (Peak 24.86M) | Time:00:00.02 | Mem:0.00M, Peak:0.00M | Scene, ViewLayer | Synchronizing object | MesaBar_2_Banqueta_1_Base
Fra:1 Mem:24.86M (Peak 24.86M) | Time:00:00.02 | Mem:0.00M, Peak:0.00M | Scene, ViewLayer | Synchronizing object | MesaBar_2_Banqueta_2_Assento
Fra:1 Mem:24.86M (Peak 24.86M) | Time:00:00.02 | Mem:0.00M, Peak:0.00M | Scene, ViewLayer | Synchronizing object | MesaBar_2_Banqueta_2_Coluna
Fra:1 Mem:24.87M (Peak 24.87M) | Time:00:00.02 | Mem:0.00M, Peak:0.00M | Scene, ViewLayer | Synchronizing object | MesaBar_2_Banqueta_2_Base
Fra:1 Mem:24.88M (Peak 24.88M) | Time:00:00.02 | Mem:0.00M, Peak:0.00M | Scene, ViewLayer | Synchronizing object | Geladeira_Linha_Divisoria
Fra:1 Mem:24.88M (Peak 24.88M) | Time:00:00.02 | Mem:0.00M, Peak:0.00M | Scene, ViewLayer | Synchronizing object | Geladeira_Puxador_2
Fra:1 Mem:24.89M (Peak 24.89M) | Time:00:00.02 | Mem:0.00M, Peak:0.00M | Scene, ViewLayer | Synchronizing object | Fogao_Cooktop
Fra:1 Mem:24.89M (Peak 24.89M) | Time:00:00.02 | Mem:0.00M, Peak:0.00M | Scene, ViewLayer | Synchronizing object | Terca_Oeste_X0
Fra:1 Mem:24.89M (Peak 24.89M) | Time:00:00.02 | Mem:0.00M, Peak:0.00M | Scene, ViewLayer | Synchronizing object | Fogao_Boca_0_0
Fra:1 Mem:24.89M (Peak 24.89M) | Time:00:00.02 | Mem:0.00M, Peak:0.00M | Scene, ViewLayer | Synchronizing object | Fogao_Boca_0_1
Fra:1 Mem:24.90M (Peak 24.90M) | Time:00:00.02 | Mem:0.00M, Peak:0.00M | Scene, ViewLayer | Synchronizing object | Fogao_Boca_1_0
Fra:1 Mem:24.91M (Peak 24.91M) | Time:00:00.02 | Mem:0.00M, Peak:0.00M | Scene, ViewLayer | Synchronizing object | Fogao_Boca_1_1
Fra:1 Mem:24.91M (Peak 24.91M) | Time:00:00.02 | Mem:0.00M, Peak:0.00M | Scene, ViewLayer | Synchronizing object | TV_Suporte
Fra:1 Mem:24.91M (Peak 24.91M) | Time:00:00.02 | Mem:0.00M, Peak:0.00M | Scene, ViewLayer | Synchronizing object | TV_Moldura
Fra:1 Mem:24.92M (Peak 24.92M) | Time:00:00.02 | Mem:0.00M, Peak:0.00M | Scene, ViewLayer | Synchronizing object | TV_Tela
Fra:1 Mem:24.92M (Peak 24.92M) | Time:00:00.02 | Mem:0.00M, Peak:0.00M | Scene, ViewLayer | Synchronizing object | Montante_P2
Fra:1 Mem:24.93M (Peak 24.93M) | Time:00:00.02 | Mem:0.00M, Peak:0.00M | Scene, ViewLayer | Synchronizing object | Montante_P4
Fra:1 Mem:24.93M (Peak 24.93M) | Time:00:00.02 | Mem:0.00M, Peak:0.00M | Scene, ViewLayer | Synchronizing object | Montante_P5
Fra:1 Mem:24.94M (Peak 24.94M) | Time:00:00.02 | Mem:0.00M, Peak:0.00M | Scene, ViewLayer | Synchronizing object | Viga_Transv_Y0
Fra:1 Mem:24.95M (Peak 24.95M) | Time:00:00.02 | Mem:0.00M, Peak:0.00M | Scene, ViewLayer | Synchronizing object | Viga_Transv_Y4
Fra:1 Mem:24.95M (Peak 24.95M) | Time:00:00.02 | Mem:0.00M, Peak:0.00M | Scene, ViewLayer | Synchronizing object | Viga_Transv_Y12
Fra:1 Mem:24.95M (Peak 24.95M) | Time:00:00.02 | Mem:0.00M, Peak:0.00M | Scene, ViewLayer | Synchronizing object | Viga_Transv_Ala_Y9_5
Fra:1 Mem:24.96M (Peak 24.96M) | Time:00:00.02 | Mem:0.00M, Peak:0.00M | Scene, ViewLayer | Synchronizing object | Viga_Transv_Ala_Y12
Fra:1 Mem:25.01M (Peak 25.01M) | Time:00:00.02 | Mem:0.00M, Peak:0.00M | Scene, ViewLayer | Initializing
Fra:1 Mem:18.85M (Peak 25.01M) | Time:00:00.03 | Mem:0.00M, Peak:0.00M | Scene, ViewLayer | Waiting for render to start
Fra:1 Mem:18.85M (Peak 25.01M) | Time:00:00.03 | Mem:0.00M, Peak:0.00M | Scene, ViewLayer | Loading render kernels (may take a few minutes the first time)
Fra:1 Mem:18.85M (Peak 25.01M) | Time:00:00.03 | Mem:0.00M, Peak:0.00M | Scene, ViewLayer | Updating Scene
Fra:1 Mem:18.85M (Peak 25.01M) | Time:00:00.03 | Mem:0.00M, Peak:0.00M | Scene, ViewLayer | Updating Shaders
Fra:1 Mem:18.95M (Peak 25.01M) | Time:00:00.03 | Mem:0.02M, Peak:0.02M | Scene, ViewLayer | Updating Procedurals
Fra:1 Mem:18.95M (Peak 25.01M) | Time:00:00.03 | Mem:0.02M, Peak:0.02M | Scene, ViewLayer | Updating Background
Fra:1 Mem:18.95M (Peak 25.01M) | Time:00:00.03 | Mem:0.02M, Peak:0.02M | Scene, ViewLayer | Updating Camera
Fra:1 Mem:18.95M (Peak 25.01M) | Time:00:00.03 | Mem:0.02M, Peak:0.02M | Scene, ViewLayer | Updating Meshes Flags
Fra:1 Mem:18.95M (Peak 25.01M) | Time:00:00.03 | Mem:0.02M, Peak:0.02M | Scene, ViewLayer | Updating Objects
Fra:1 Mem:18.95M (Peak 25.01M) | Time:00:00.03 | Mem:0.02M, Peak:0.02M | Scene, ViewLayer | Updating Objects | Copying Transformations to device
Fra:1 Mem:18.99M (Peak 25.01M) | Time:00:00.03 | Mem:0.06M, Peak:0.06M | Scene, ViewLayer | Updating Objects | Applying Static Transformations
Fra:1 Mem:18.99M (Peak 25.01M) | Time:00:00.03 | Mem:0.06M, Peak:0.06M | Scene, ViewLayer | Updating Particle Systems
Fra:1 Mem:18.99M (Peak 25.01M) | Time:00:00.03 | Mem:0.06M, Peak:0.06M | Scene, ViewLayer | Updating Particle Systems | Copying Particles to device
Fra:1 Mem:18.99M (Peak 25.01M) | Time:00:00.03 | Mem:0.06M, Peak:0.06M | Scene, ViewLayer | Updating Meshes
Fra:1 Mem:19.15M (Peak 25.01M) | Time:00:00.03 | Mem:0.06M, Peak:0.06M | Scene, ViewLayer | Updating Mesh | Computing attributes
Fra:1 Mem:19.25M (Peak 25.01M) | Time:00:00.03 | Mem:0.07M, Peak:0.07M | Scene, ViewLayer | Updating Mesh | Copying Attributes to device
Fra:1 Mem:19.22M (Peak 25.01M) | Time:00:00.03 | Mem:0.13M, Peak:0.13M | Scene, ViewLayer | Updating Scene BVH | Building
Fra:1 Mem:19.22M (Peak 25.01M) | Time:00:00.03 | Mem:0.13M, Peak:0.13M | Scene, ViewLayer | Updating Scene BVH | Building BVH
Fra:1 Mem:19.22M (Peak 25.01M) | Time:00:00.03 | Mem:0.45M, Peak:0.45M | Scene, ViewLayer | Updating Scene BVH | Building BVH 0%
Fra:1 Mem:19.22M (Peak 25.01M) | Time:00:00.03 | Mem:0.84M, Peak:1.16M | Scene, ViewLayer | Updating Scene BVH | Copying BVH to device
Fra:1 Mem:19.22M (Peak 25.01M) | Time:00:00.03 | Mem:0.84M, Peak:1.16M | Scene, ViewLayer | Updating Mesh | Computing normals
Fra:1 Mem:19.59M (Peak 25.01M) | Time:00:00.03 | Mem:0.84M, Peak:1.16M | Scene, ViewLayer | Updating Mesh | Copying Mesh to device
Fra:1 Mem:19.59M (Peak 25.01M) | Time:00:00.03 | Mem:1.21M, Peak:1.21M | Scene, ViewLayer | Updating Objects Flags
Fra:1 Mem:19.59M (Peak 25.01M) | Time:00:00.03 | Mem:1.21M, Peak:1.21M | Scene, ViewLayer | Updating Primitive Offsets
Fra:1 Mem:19.60M (Peak 25.01M) | Time:00:00.03 | Mem:1.21M, Peak:1.21M | Scene, ViewLayer | Updating Images
Fra:1 Mem:19.60M (Peak 25.01M) | Time:00:00.03 | Mem:1.21M, Peak:1.21M | Scene, ViewLayer | Updating Camera Volume
Fra:1 Mem:19.60M (Peak 25.01M) | Time:00:00.03 | Mem:1.21M, Peak:1.21M | Scene, ViewLayer | Updating Lookup Tables
Fra:1 Mem:19.60M (Peak 25.01M) | Time:00:00.03 | Mem:1.29M, Peak:1.29M | Scene, ViewLayer | Updating Lights
Fra:1 Mem:19.60M (Peak 25.01M) | Time:00:00.03 | Mem:1.29M, Peak:1.29M | Scene, ViewLayer | Updating Lights | Computing distribution
Fra:1 Mem:19.60M (Peak 25.01M) | Time:00:00.03 | Mem:1.29M, Peak:1.29M | Scene, ViewLayer | Updating Lights | Computing tree
Fra:1 Mem:19.60M (Peak 25.01M) | Time:00:00.03 | Mem:1.29M, Peak:1.29M | Scene, ViewLayer | Updating Integrator
Fra:1 Mem:21.60M (Peak 25.01M) | Time:00:00.03 | Mem:3.29M, Peak:3.29M | Scene, ViewLayer | Updating Film
Fra:1 Mem:21.60M (Peak 25.01M) | Time:00:00.03 | Mem:3.21M, Peak:3.29M | Scene, ViewLayer | Updating Lookup Tables
Fra:1 Mem:21.60M (Peak 25.01M) | Time:00:00.03 | Mem:3.30M, Peak:3.30M | Scene, ViewLayer | Updating Baking
Fra:1 Mem:21.60M (Peak 25.01M) | Time:00:00.04 | Mem:3.30M, Peak:3.30M | Scene, ViewLayer | Updating Device | Writing constant memory
Fra:1 Mem:21.61M (Peak 25.01M) | Time:00:00.04 | Mem:3.30M, Peak:3.30M | Scene, ViewLayer | Sample 0/300
Fra:1 Mem:92.85M (Peak 92.85M) | Time:00:00.89 | Remaining:04:16.66 | Mem:74.49M, Peak:74.49M | Scene, ViewLayer | Sample 1/300
Fra:1 Mem:92.85M (Peak 92.85M) | Time:00:26.36 | Remaining:03:33.01 | Mem:74.49M, Peak:74.49M | Scene, ViewLayer | Sample 33/300
Fra:1 Mem:92.85M (Peak 92.85M) | Time:00:51.87 | Remaining:03:07.41 | Mem:74.49M, Peak:74.49M | Scene, ViewLayer | Sample 65/300
Fra:1 Mem:92.85M (Peak 92.85M) | Time:01:03.71 | Remaining:02:55.11 | Mem:74.49M, Peak:74.49M | Scene, ViewLayer | Sample 80/300
Fra:1 Mem:92.85M (Peak 92.85M) | Time:01:05.93 | Remaining:02:20.02 | Mem:74.49M, Peak:74.49M | Scene, ViewLayer | Sample 96/300
Fra:1 Mem:92.85M (Peak 92.85M) | Time:01:05.02 | Remaining:01:49.08 | Mem:74.49M, Peak:74.49M | Scene, ViewLayer | Sample 112/300
Fra:1 Mem:92.85M (Peak 92.85M) | Time:01:06.79 | Remaining:01:29.70 | Mem:74.49M, Peak:74.49M | Scene, ViewLayer | Sample 128/300
Fra:1 Mem:92.85M (Peak 92.85M) | Time:01:08.52 | Remaining:01:14.18 | Mem:74.49M, Peak:74.49M | Scene, ViewLayer | Sample 144/300
Fra:1 Mem:92.85M (Peak 92.85M) | Time:01:09.95 | Remaining:01:01.17 | Mem:74.49M, Peak:74.49M | Scene, ViewLayer | Sample 160/300
Fra:1 Mem:92.85M (Peak 92.85M) | Time:01:11.38 | Remaining:00:50.26 | Mem:74.49M, Peak:74.49M | Scene, ViewLayer | Sample 176/300
Fra:1 Mem:92.85M (Peak 92.85M) | Time:01:12.85 | Remaining:00:40.95 | Mem:74.49M, Peak:74.49M | Scene, ViewLayer | Sample 192/300
Fra:1 Mem:92.85M (Peak 92.85M) | Time:01:14.08 | Remaining:00:32.75 | Mem:74.49M, Peak:74.49M | Scene, ViewLayer | Sample 208/300
Fra:1 Mem:92.85M (Peak 92.85M) | Time:01:15.23 | Remaining:00:25.51 | Mem:74.49M, Peak:74.49M | Scene, ViewLayer | Sample 224/300
Fra:1 Mem:92.85M (Peak 92.85M) | Time:01:16.53 | Remaining:00:19.12 | Mem:74.49M, Peak:74.49M | Scene, ViewLayer | Sample 240/300
Fra:1 Mem:92.85M (Peak 92.85M) | Time:01:17.91 | Remaining:00:13.38 | Mem:74.49M, Peak:74.49M | Scene, ViewLayer | Sample 256/300
Fra:1 Mem:92.85M (Peak 92.85M) | Time:01:19.02 | Remaining:00:08.13 | Mem:74.49M, Peak:74.49M | Scene, ViewLayer | Sample 272/300
Fra:1 Mem:92.85M (Peak 92.85M) | Time:01:20.14 | Remaining:00:03.33 | Mem:74.49M, Peak:74.49M | Scene, ViewLayer | Sample 288/300
Fra:1 Mem:124.49M (Peak 187.77M) | Time:01:21.28 | Mem:74.49M, Peak:74.49M | Scene, ViewLayer | Sample 300/300
Fra:1 Mem:124.49M (Peak 187.77M) | Time:01:21.28 | Mem:74.49M, Peak:74.49M | Scene, ViewLayer | Finished
Saved: '/home/fac/piscina/V3/renders/projeto_render_15h.png'
Time: 01:21.80 (Saving: 00:00.48)

Fra:1 Mem:24.54M (Peak 24.54M) | Time:00:00.02 | Mem:0.00M, Peak:0.00M | Scene, ViewLayer | Synchronizing object | Pedestal_Concreto_1
Fra:1 Mem:24.54M (Peak 24.54M) | Time:00:00.02 | Mem:0.00M, Peak:0.00M | Scene, ViewLayer | Synchronizing object | Pedestal_Concreto_4
Fra:1 Mem:24.54M (Peak 24.54M) | Time:00:00.02 | Mem:0.00M, Peak:0.00M | Scene, ViewLayer | Synchronizing object | Pilar_Eucalipto_5
Fra:1 Mem:24.55M (Peak 24.55M) | Time:00:00.02 | Mem:0.00M, Peak:0.00M | Scene, ViewLayer | Synchronizing object | Pedestal_Concreto_6
Fra:1 Mem:24.56M (Peak 24.56M) | Time:00:00.02 | Mem:0.00M, Peak:0.00M | Scene, ViewLayer | Synchronizing object | Pedestal_Concreto_7
Fra:1 Mem:24.56M (Peak 24.56M) | Time:00:00.02 | Mem:0.00M, Peak:0.00M | Scene, ViewLayer | Synchronizing object | Pilar_Eucalipto_7
Fra:1 Mem:24.57M (Peak 24.57M) | Time:00:00.02 | Mem:0.00M, Peak:0.00M | Scene, ViewLayer | Synchronizing object | Pedestal_Concreto_9
Fra:1 Mem:24.58M (Peak 24.58M) | Time:00:00.02 | Mem:0.00M, Peak:0.00M | Scene, ViewLayer | Synchronizing object | Pilar_Eucalipto_9
Fra:1 Mem:24.59M (Peak 24.59M) | Time:00:00.02 | Mem:0.00M, Peak:0.00M | Scene, ViewLayer | Synchronizing object | Pilar_Eucalipto_10
Fra:1 Mem:24.59M (Peak 24.59M) | Time:00:00.02 | Mem:0.00M, Peak:0.00M | Scene, ViewLayer | Synchronizing object | Piso_Quiosque_L
Fra:1 Mem:24.60M (Peak 24.60M) | Time:00:00.02 | Mem:0.00M, Peak:0.00M | Scene, ViewLayer | Synchronizing object | Piscina_Esmeralda_Casca
Fra:1 Mem:24.60M (Peak 24.60M) | Time:00:00.03 | Mem:0.00M, Peak:0.00M | Scene, ViewLayer | Synchronizing object | Piscina_Esmeralda_Agua
Fra:1 Mem:24.61M (Peak 24.61M) | Time:00:00.03 | Mem:0.00M, Peak:0.00M | Scene, ViewLayer | Synchronizing object | Banheiro_Parede_Oeste_1_a
Fra:1 Mem:24.61M (Peak 24.61M) | Time:00:00.03 | Mem:0.00M, Peak:0.00M | Scene, ViewLayer | Synchronizing object | Banheiro_Parede_Oeste_1_b
Fra:1 Mem:24.61M (Peak 24.61M) | Time:00:00.03 | Mem:0.00M, Peak:0.00M | Scene, ViewLayer | Synchronizing object | Banheiro_Parede_Oeste_2_a
Fra:1 Mem:24.62M (Peak 24.62M) | Time:00:00.03 | Mem:0.00M, Peak:0.00M | Scene, ViewLayer | Synchronizing object | Banheiro_Parede_Oeste_2_b
Fra:1 Mem:24.63M (Peak 24.63M) | Time:00:00.03 | Mem:0.00M, Peak:0.00M | Scene, ViewLayer | Synchronizing object | Banheiro_Parede_Leste_1_a
Fra:1 Mem:24.63M (Peak 24.63M) | Time:00:00.03 | Mem:0.00M, Peak:0.00M | Scene, ViewLayer | Synchronizing object | Banheiro_Parede_Leste_1_b
Fra:1 Mem:24.64M (Peak 24.64M) | Time:00:00.03 | Mem:0.00M, Peak:0.00M | Scene, ViewLayer | Synchronizing object | Banheiro_Parede_Leste_1_Porta
Fra:1 Mem:24.65M (Peak 24.65M) | Time:00:00.03 | Mem:0.00M, Peak:0.00M | Scene, ViewLayer | Synchronizing object | Banheiro_Parede_Leste_2_a
Fra:1 Mem:24.65M (Peak 24.65M) | Time:00:00.03 | Mem:0.00M, Peak:0.00M | Scene, ViewLayer | Synchronizing object | Banheiro_Parede_Leste_2_b
Fra:1 Mem:24.65M (Peak 24.65M) | Time:00:00.03 | Mem:0.00M, Peak:0.00M | Scene, ViewLayer | Synchronizing object | Banheiro_Parede_Leste_2_Porta
Fra:1 Mem:24.65M (Peak 24.65M) | Time:00:00.03 | Mem:0.00M, Peak:0.00M | Scene, ViewLayer | Synchronizing object | Banheiro_Parede_Norte
Fra:1 Mem:24.65M (Peak 24.65M) | Time:00:00.03 | Mem:0.00M, Peak:0.00M | Scene, ViewLayer | Synchronizing object | Banheiro_Parede_Sul
Fra:1 Mem:24.65M (Peak 24.65M) | Time:00:00.03 | Mem:0.00M, Peak:0.00M | Scene, ViewLayer | Synchronizing object | Banheiro_Parede_Central
Fra:1 Mem:24.65M (Peak 24.65M) | Time:00:00.03 | Mem:0.00M, Peak:0.00M | Scene, ViewLayer | Synchronizing object | Banheiro_Particao_Ducha
Fra:1 Mem:24.65M (Peak 24.65M) | Time:00:00.03 | Mem:0.00M, Peak:0.00M | Scene, ViewLayer | Synchronizing object | Banheiro_Piso
Fra:1 Mem:24.66M (Peak 24.66M) | Time:00:00.03 | Mem:0.00M, Peak:0.00M | Scene, ViewLayer | Synchronizing object | Ducha_1_Base
Fra:1 Mem:24.66M (Peak 24.66M) | Time:00:00.03 | Mem:0.00M, Peak:0.00M | Scene, ViewLayer | Synchronizing object | Ducha_1_Eletrico
Fra:1 Mem:24.66M (Peak 24.66M) | Time:00:00.03 | Mem:0.00M, Peak:0.00M | Scene, ViewLayer | Synchronizing object | Ducha_1_Registro
Fra:1 Mem:24.67M (Peak 24.67M) | Time:00:00.03 | Mem:0.00M, Peak:0.00M | Scene, ViewLayer | Synchronizing object | Ducha_2_Base
Fra:1 Mem:24.67M (Peak 24.67M) | Time:00:00.03 | Mem:0.00M, Peak:0.00M | Scene, ViewLayer | Synchronizing object | Ducha_2_Coluna
Fra:1 Mem:24.68M (Peak 24.68M) | Time:00:00.03 | Mem:0.00M, Peak:0.00M | Scene, ViewLayer | Synchronizing object | Ducha_2_Registro
Fra:1 Mem:24.69M (Peak 24.69M) | Time:00:00.03 | Mem:0.00M, Peak:0.00M | Scene, ViewLayer | Synchronizing object | Lavabo_1_Bacia
Fra:1 Mem:24.69M (Peak 24.69M) | Time:00:00.03 | Mem:0.00M, Peak:0.00M | Scene, ViewLayer | Synchronizing object | Lavabo_1_Assento
Fra:1 Mem:24.69M (Peak 24.69M) | Time:00:00.03 | Mem:0.00M, Peak:0.00M | Scene, ViewLayer | Synchronizing object | Lavabo_1_Pia
Fra:1 Mem:24.70M (Peak 24.70M) | Time:00:00.03 | Mem:0.00M, Peak:0.00M | Scene, ViewLayer | Synchronizing object | Lavabo_1_Torneira
Fra:1 Mem:24.70M (Peak 24.70M) | Time:00:00.03 | Mem:0.00M, Peak:0.00M | Scene, ViewLayer | Synchronizing object | Lavabo_2_Caixa
Fra:1 Mem:24.70M (Peak 24.70M) | Time:00:00.03 | Mem:0.00M, Peak:0.00M | Scene, ViewLayer | Synchronizing object | Lavabo_2_Bacia
Fra:1 Mem:24.70M (Peak 24.70M) | Time:00:00.03 | Mem:0.00M, Peak:0.00M | Scene, ViewLayer | Synchronizing object | Lavabo_2_Assento
Fra:1 Mem:24.71M (Peak 24.71M) | Time:00:00.03 | Mem:0.00M, Peak:0.00M | Scene, ViewLayer | Synchronizing object | Lavabo_2_Torneira
Fra:1 Mem:24.72M (Peak 24.72M) | Time:00:00.03 | Mem:0.00M, Peak:0.00M | Scene, ViewLayer | Synchronizing object | Bancada_Base
Fra:1 Mem:24.72M (Peak 24.72M) | Time:00:00.03 | Mem:0.00M, Peak:0.00M | Scene, ViewLayer | Synchronizing object | Terreno_V3
Fra:1 Mem:24.72M (Peak 24.72M) | Time:00:00.03 | Mem:0.00M, Peak:0.00M | Scene, ViewLayer | Synchronizing object | Bancada_Tampo_Sul
Fra:1 Mem:24.72M (Peak 24.72M) | Time:00:00.03 | Mem:0.00M, Peak:0.00M | Scene, ViewLayer | Synchronizing object | Bancada_Tampo_Norte
Fra:1 Mem:24.72M (Peak 24.72M) | Time:00:00.03 | Mem:0.00M, Peak:0.00M | Scene, ViewLayer | Synchronizing object | Bancada_Pia_Cuba
Fra:1 Mem:24.72M (Peak 24.72M) | Time:00:00.03 | Mem:0.00M, Peak:0.00M | Scene, ViewLayer | Synchronizing object | Bancada_Pia_Bico_Torneira
Fra:1 Mem:24.72M (Peak 24.72M) | Time:00:00.03 | Mem:0.00M, Peak:0.00M | Scene, ViewLayer | Synchronizing object | Churrasqueira_Corpo
Fra:1 Mem:24.73M (Peak 24.73M) | Time:00:00.03 | Mem:0.00M, Peak:0.00M | Scene, ViewLayer | Synchronizing object | Churrasqueira_Barra_1
Fra:1 Mem:24.73M (Peak 24.73M) | Time:00:00.03 | Mem:0.00M, Peak:0.00M | Scene, ViewLayer | Synchronizing object | Churrasqueira_Barra_2
Fra:1 Mem:24.74M (Peak 24.74M) | Time:00:00.03 | Mem:0.00M, Peak:0.00M | Scene, ViewLayer | Synchronizing object | Churrasqueira_Barra_4
Fra:1 Mem:24.74M (Peak 24.74M) | Time:00:00.03 | Mem:0.00M, Peak:0.00M | Scene, ViewLayer | Synchronizing object | Churrasqueira_Barra_5
Fra:1 Mem:24.75M (Peak 24.75M) | Time:00:00.03 | Mem:0.00M, Peak:0.00M | Scene, ViewLayer | Synchronizing object | Churrasqueira_Barra_6
Fra:1 Mem:24.75M (Peak 24.75M) | Time:00:00.03 | Mem:0.00M, Peak:0.00M | Scene, ViewLayer | Synchronizing object | Churrasqueira_Brasa
Fra:1 Mem:24.76M (Peak 24.76M) | Time:00:00.03 | Mem:0.00M, Peak:0.00M | Scene, ViewLayer | Synchronizing object | Churrasqueira_Chamine
Fra:1 Mem:24.76M (Peak 24.76M) | Time:00:00.03 | Mem:0.00M, Peak:0.00M | Scene, ViewLayer | Synchronizing object | Mesa_Tampo
Fra:1 Mem:24.76M (Peak 24.76M) | Time:00:00.03 | Mem:0.00M, Peak:0.00M | Scene, ViewLayer | Synchronizing object | Mesa_Pe_-1_-1
Fra:1 Mem:24.76M (Peak 24.76M) | Time:00:00.03 | Mem:0.00M, Peak:0.00M | Scene, ViewLayer | Synchronizing object | Mesa_Pe_-1_1
Fra:1 Mem:24.76M (Peak 24.76M) | Time:00:00.03 | Mem:0.00M, Peak:0.00M | Scene, ViewLayer | Synchronizing object | Terca_Leste_X4
Fra:1 Mem:24.77M (Peak 24.77M) | Time:00:00.03 | Mem:0.00M, Peak:0.00M | Scene, ViewLayer | Synchronizing object | Terca_Central_X2
Fra:1 Mem:24.77M (Peak 24.77M) | Time:00:00.03 | Mem:0.00M, Peak:0.00M | Scene, ViewLayer | Synchronizing object | Mesa_Pe_1_1
Fra:1 Mem:24.77M (Peak 24.77M) | Time:00:00.03 | Mem:0.00M, Peak:0.00M | Scene, ViewLayer | Synchronizing object | Banco_Oeste_Assento
Fra:1 Mem:24.78M (Peak 24.78M) | Time:00:00.03 | Mem:0.00M, Peak:0.00M | Scene, ViewLayer | Synchronizing object | Banco_Oeste_Pe_-1
Fra:1 Mem:24.78M (Peak 24.78M) | Time:00:00.03 | Mem:0.00M, Peak:0.00M | Scene, ViewLayer | Synchronizing object | Banco_Leste_Assento
Fra:1 Mem:24.78M (Peak 24.78M) | Time:00:00.03 | Mem:0.00M, Peak:0.00M | Scene, ViewLayer | Synchronizing object | Banco_Leste_Pe_-1
Fra:1 Mem:24.79M (Peak 24.79M) | Time:00:00.03 | Mem:0.00M, Peak:0.00M | Scene, ViewLayer | Synchronizing object | Parede_Sul_1_2
Fra:1 Mem:24.79M (Peak 24.79M) | Time:00:00.03 | Mem:0.00M, Peak:0.00M | Scene, ViewLayer | Synchronizing object | Parede_Leste_2_3
Fra:1 Mem:24.79M (Peak 24.79M) | Time:00:00.03 | Mem:0.00M, Peak:0.00M | Scene, ViewLayer | Synchronizing object | Parede_Leste_3_4
Fra:1 Mem:24.80M (Peak 24.80M) | Time:00:00.03 | Mem:0.00M, Peak:0.00M | Scene, ViewLayer | Synchronizing object | Parede_Leste_4_5
Fra:1 Mem:24.80M (Peak 24.80M) | Time:00:00.03 | Mem:0.00M, Peak:0.00M | Scene, ViewLayer | Synchronizing object | Sala_Tapete
Fra:1 Mem:24.80M (Peak 24.80M) | Time:00:00.03 | Mem:0.00M, Peak:0.00M | Scene, ViewLayer | Synchronizing object | Sofa_Sul_Assento
Fra:1 Mem:24.80M (Peak 24.80M) | Time:00:00.03 | Mem:0.00M, Peak:0.00M | Scene, ViewLayer | Synchronizing object | Sofa_Sul_Encosto
Fra:1 Mem:24.80M (Peak 24.80M) | Time:00:00.03 | Mem:0.00M, Peak:0.00M | Scene, ViewLayer | Synchronizing object | Sofa_Sul_Braco_-1
Fra:1 Mem:24.80M (Peak 24.80M) | Time:00:00.03 | Mem:0.00M, Peak:0.00M | Scene, ViewLayer | Synchronizing object | Sofa_Sul_Braco_1
Fra:1 Mem:24.80M (Peak 24.80M) | Time:00:00.03 | Mem:0.00M, Peak:0.00M | Scene, ViewLayer | Synchronizing object | Sofa_Sul_Pe_0_1
Fra:1 Mem:24.80M (Peak 24.80M) | Time:00:00.03 | Mem:0.00M, Peak:0.00M | Scene, ViewLayer | Synchronizing object | Sofa_Sul_Pe_1_-1
Fra:1 Mem:24.80M (Peak 24.80M) | Time:00:00.03 | Mem:0.00M, Peak:0.00M | Scene, ViewLayer | Synchronizing object | Sofa_Sul_Pe_1_1
Fra:1 Mem:24.81M (Peak 24.81M) | Time:00:00.03 | Mem:0.00M, Peak:0.00M | Scene, ViewLayer | Synchronizing object | Sofa_Norte_Assento
Fra:1 Mem:24.81M (Peak 24.81M) | Time:00:00.03 | Mem:0.00M, Peak:0.00M | Scene, ViewLayer | Synchronizing object | Terca_Oeste_X0
Fra:1 Mem:24.81M (Peak 24.81M) | Time:00:00.03 | Mem:0.00M, Peak:0.00M | Scene, ViewLayer | Synchronizing object | Sofa_Norte_Pe_0_-1
Fra:1 Mem:24.81M (Peak 24.81M) | Time:00:00.03 | Mem:0.00M, Peak:0.00M | Scene, ViewLayer | Synchronizing object | Sofa_Norte_Pe_0_1
Fra:1 Mem:24.81M (Peak 24.81M) | Time:00:00.03 | Mem:0.00M, Peak:0.00M | Scene, ViewLayer | Synchronizing object | Sofa_Norte_Pe_1_-1
Fra:1 Mem:24.82M (Peak 24.82M) | Time:00:00.03 | Mem:0.00M, Peak:0.00M | Scene, ViewLayer | Synchronizing object | Sofa_Norte_Pe_1_1
Fra:1 Mem:24.82M (Peak 24.82M) | Time:00:00.03 | Mem:0.00M, Peak:0.00M | Scene, ViewLayer | Synchronizing object | Mesa_Centro_Tampo
Fra:1 Mem:24.82M (Peak 24.82M) | Time:00:00.03 | Mem:0.00M, Peak:0.00M | Scene, ViewLayer | Synchronizing object | Mesa_Centro_Pe_-1_1
Fra:1 Mem:24.82M (Peak 24.82M) | Time:00:00.03 | Mem:0.00M, Peak:0.00M | Scene, ViewLayer | Synchronizing object | Mesa_Centro_Pe_1_1
Fra:1 Mem:24.83M (Peak 24.83M) | Time:00:00.03 | Mem:0.00M, Peak:0.00M | Scene, ViewLayer | Synchronizing object | MesaBar_1_Tampo
Fra:1 Mem:24.83M (Peak 24.83M) | Time:00:00.03 | Mem:0.00M, Peak:0.00M | Scene, ViewLayer | Synchronizing object | MesaBar_1_Coluna
Fra:1 Mem:24.83M (Peak 24.83M) | Time:00:00.03 | Mem:0.00M, Peak:0.00M | Scene, ViewLayer | Synchronizing object | MesaBar_1_Base
Fra:1 Mem:24.83M (Peak 24.83M) | Time:00:00.03 | Mem:0.00M, Peak:0.00M | Scene, ViewLayer | Synchronizing object | MesaBar_1_Banqueta_1_Assento
Fra:1 Mem:24.83M (Peak 24.83M) | Time:00:00.03 | Mem:0.00M, Peak:0.00M | Scene, ViewLayer | Synchronizing object | MesaBar_1_Banqueta_1_Coluna
Fra:1 Mem:24.84M (Peak 24.83M) | Time:00:00.03 | Mem:0.00M, Peak:0.00M | Scene, ViewLayer | Synchronizing object | MesaBar_1_Banqueta_1_Base
Fra:1 Mem:24.84M (Peak 24.84M) | Time:00:00.03 | Mem:0.00M, Peak:0.00M | Scene, ViewLayer | Synchronizing object | Viga_Transv_Ala_Y12
Fra:1 Mem:24.84M (Peak 24.84M) | Time:00:00.03 | Mem:0.00M, Peak:0.00M | Scene, ViewLayer | Synchronizing object | MesaBar_1_Banqueta_2_Assento
Fra:1 Mem:24.84M (Peak 24.84M) | Time:00:00.03 | Mem:0.00M, Peak:0.00M | Scene, ViewLayer | Synchronizing object | MesaBar_1_Banqueta_2_Coluna
Fra:1 Mem:24.84M (Peak 24.84M) | Time:00:00.03 | Mem:0.00M, Peak:0.00M | Scene, ViewLayer | Synchronizing object | MesaBar_1_Banqueta_2_Base
Fra:1 Mem:24.84M (Peak 24.84M) | Time:00:00.03 | Mem:0.00M, Peak:0.00M | Scene, ViewLayer | Synchronizing object | MesaBar_2_Tampo
Fra:1 Mem:24.85M (Peak 24.85M) | Time:00:00.03 | Mem:0.00M, Peak:0.00M | Scene, ViewLayer | Synchronizing object | MesaBar_2_Coluna
Fra:1 Mem:24.85M (Peak 24.85M) | Time:00:00.03 | Mem:0.00M, Peak:0.00M | Scene, ViewLayer | Synchronizing object | MesaBar_2_Base
Fra:1 Mem:24.86M (Peak 24.86M) | Time:00:00.03 | Mem:0.00M, Peak:0.00M | Scene, ViewLayer | Synchronizing object | MesaBar_2_Banqueta_1_Assento
Fra:1 Mem:24.86M (Peak 24.86M) | Time:00:00.03 | Mem:0.00M, Peak:0.00M | Scene, ViewLayer | Synchronizing object | MesaBar_2_Banqueta_1_Base
Fra:1 Mem:24.86M (Peak 24.86M) | Time:00:00.03 | Mem:0.00M, Peak:0.00M | Scene, ViewLayer | Synchronizing object | MesaBar_2_Banqueta_2_Assento
Fra:1 Mem:24.87M (Peak 24.87M) | Time:00:00.03 | Mem:0.00M, Peak:0.00M | Scene, ViewLayer | Synchronizing object | MesaBar_2_Banqueta_2_Coluna
Fra:1 Mem:24.87M (Peak 24.87M) | Time:00:00.03 | Mem:0.00M, Peak:0.00M | Scene, ViewLayer | Synchronizing object | Geladeira_Corpo
Fra:1 Mem:24.88M (Peak 24.88M) | Time:00:00.03 | Mem:0.00M, Peak:0.00M | Scene, ViewLayer | Synchronizing object | Geladeira_Linha_Divisoria
Fra:1 Mem:24.88M (Peak 24.88M) | Time:00:00.03 | Mem:0.00M, Peak:0.00M | Scene, ViewLayer | Synchronizing object | Geladeira_Puxador_1
Fra:1 Mem:24.88M (Peak 24.88M) | Time:00:00.03 | Mem:0.00M, Peak:0.00M | Scene, ViewLayer | Synchronizing object | Geladeira_Puxador_2
Fra:1 Mem:24.88M (Peak 24.88M) | Time:00:00.03 | Mem:0.00M, Peak:0.00M | Scene, ViewLayer | Synchronizing object | Fogao_Corpo
Fra:1 Mem:24.88M (Peak 24.88M) | Time:00:00.03 | Mem:0.00M, Peak:0.00M | Scene, ViewLayer | Synchronizing object | Fogao_Cooktop
Fra:1 Mem:24.89M (Peak 24.89M) | Time:00:00.03 | Mem:0.00M, Peak:0.00M | Scene, ViewLayer | Synchronizing object | Fogao_Boca_0_0
Fra:1 Mem:24.89M (Peak 24.89M) | Time:00:00.03 | Mem:0.00M, Peak:0.00M | Scene, ViewLayer | Synchronizing object | Fogao_Boca_0_1
Fra:1 Mem:24.90M (Peak 24.90M) | Time:00:00.03 | Mem:0.00M, Peak:0.00M | Scene, ViewLayer | Synchronizing object | Fogao_Boca_1_0
Fra:1 Mem:24.90M (Peak 24.90M) | Time:00:00.03 | Mem:0.00M, Peak:0.00M | Scene, ViewLayer | Synchronizing object | Fogao_Boca_1_1
Fra:1 Mem:24.91M (Peak 24.91M) | Time:00:00.03 | Mem:0.00M, Peak:0.00M | Scene, ViewLayer | Synchronizing object | Fogao_Forno_Porta
Fra:1 Mem:24.91M (Peak 24.91M) | Time:00:00.03 | Mem:0.00M, Peak:0.00M | Scene, ViewLayer | Synchronizing object | TV_Moldura
Fra:1 Mem:24.91M (Peak 24.91M) | Time:00:00.03 | Mem:0.00M, Peak:0.00M | Scene, ViewLayer | Synchronizing object | TV_Tela
Fra:1 Mem:24.91M (Peak 24.91M) | Time:00:00.03 | Mem:0.00M, Peak:0.00M | Scene, ViewLayer | Synchronizing object | Montante_P2
Fra:1 Mem:24.92M (Peak 24.92M) | Time:00:00.04 | Mem:0.00M, Peak:0.00M | Scene, ViewLayer | Synchronizing object | Montante_P3
Fra:1 Mem:24.92M (Peak 24.92M) | Time:00:00.04 | Mem:0.00M, Peak:0.00M | Scene, ViewLayer | Synchronizing object | Montante_P4
Fra:1 Mem:24.93M (Peak 24.93M) | Time:00:00.04 | Mem:0.00M, Peak:0.00M | Scene, ViewLayer | Synchronizing object | Viga_Transv_Y0
Fra:1 Mem:24.93M (Peak 24.93M) | Time:00:00.04 | Mem:0.00M, Peak:0.00M | Scene, ViewLayer | Synchronizing object | Viga_Transv_Y4
Fra:1 Mem:24.95M (Peak 24.95M) | Time:00:00.04 | Mem:0.00M, Peak:0.00M | Scene, ViewLayer | Synchronizing object | Viga_Transv_P9_P4
Fra:1 Mem:24.95M (Peak 24.95M) | Time:00:00.04 | Mem:0.00M, Peak:0.00M | Scene, ViewLayer | Synchronizing object | Viga_Transv_Ala_Y9_5
Fra:1 Mem:25.01M (Peak 25.01M) | Time:00:00.04 | Mem:0.00M, Peak:0.00M | Scene, ViewLayer | Initializing
Fra:1 Mem:18.85M (Peak 25.01M) | Time:00:00.04 | Mem:0.00M, Peak:0.00M | Scene, ViewLayer | Waiting for render to start
Fra:1 Mem:18.85M (Peak 25.01M) | Time:00:00.04 | Mem:0.00M, Peak:0.00M | Scene, ViewLayer | Loading render kernels (may take a few minutes the first time)
Fra:1 Mem:18.85M (Peak 25.01M) | Time:00:00.04 | Mem:0.00M, Peak:0.00M | Scene, ViewLayer | Updating Scene
Fra:1 Mem:18.85M (Peak 25.01M) | Time:00:00.04 | Mem:0.00M, Peak:0.00M | Scene, ViewLayer | Updating Shaders
Fra:1 Mem:18.95M (Peak 25.01M) | Time:00:00.05 | Mem:0.02M, Peak:0.02M | Scene, ViewLayer | Updating Procedurals
Fra:1 Mem:18.95M (Peak 25.01M) | Time:00:00.05 | Mem:0.02M, Peak:0.02M | Scene, ViewLayer | Updating Background
Fra:1 Mem:18.95M (Peak 25.01M) | Time:00:00.05 | Mem:0.02M, Peak:0.02M | Scene, ViewLayer | Updating Camera
Fra:1 Mem:18.95M (Peak 25.01M) | Time:00:00.05 | Mem:0.02M, Peak:0.02M | Scene, ViewLayer | Updating Meshes Flags
Fra:1 Mem:18.95M (Peak 25.01M) | Time:00:00.05 | Mem:0.02M, Peak:0.02M | Scene, ViewLayer | Updating Objects
Fra:1 Mem:18.95M (Peak 25.01M) | Time:00:00.05 | Mem:0.02M, Peak:0.02M | Scene, ViewLayer | Updating Objects | Copying Transformations to device
Fra:1 Mem:18.99M (Peak 25.01M) | Time:00:00.05 | Mem:0.06M, Peak:0.06M | Scene, ViewLayer | Updating Objects | Applying Static Transformations
Fra:1 Mem:18.99M (Peak 25.01M) | Time:00:00.05 | Mem:0.06M, Peak:0.06M | Scene, ViewLayer | Updating Particle Systems
Fra:1 Mem:18.99M (Peak 25.01M) | Time:00:00.05 | Mem:0.06M, Peak:0.06M | Scene, ViewLayer | Updating Particle Systems | Copying Particles to device
Fra:1 Mem:18.99M (Peak 25.01M) | Time:00:00.05 | Mem:0.06M, Peak:0.06M | Scene, ViewLayer | Updating Meshes
Fra:1 Mem:19.15M (Peak 25.01M) | Time:00:00.05 | Mem:0.06M, Peak:0.06M | Scene, ViewLayer | Updating Mesh | Computing attributes
Fra:1 Mem:19.25M (Peak 25.01M) | Time:00:00.05 | Mem:0.07M, Peak:0.07M | Scene, ViewLayer | Updating Mesh | Copying Attributes to device
Fra:1 Mem:19.22M (Peak 25.01M) | Time:00:00.05 | Mem:0.13M, Peak:0.13M | Scene, ViewLayer | Updating Scene BVH | Building
Fra:1 Mem:19.22M (Peak 25.01M) | Time:00:00.05 | Mem:0.13M, Peak:0.13M | Scene, ViewLayer | Updating Scene BVH | Building BVH
Fra:1 Mem:19.22M (Peak 25.01M) | Time:00:00.05 | Mem:0.45M, Peak:0.45M | Scene, ViewLayer | Updating Scene BVH | Building BVH 0%
Fra:1 Mem:19.22M (Peak 25.01M) | Time:00:00.06 | Mem:0.84M, Peak:1.16M | Scene, ViewLayer | Updating Scene BVH | Copying BVH to device
Fra:1 Mem:19.22M (Peak 25.01M) | Time:00:00.06 | Mem:0.84M, Peak:1.16M | Scene, ViewLayer | Updating Mesh | Computing normals
Fra:1 Mem:19.59M (Peak 25.01M) | Time:00:00.06 | Mem:0.84M, Peak:1.16M | Scene, ViewLayer | Updating Mesh | Copying Mesh to device
Fra:1 Mem:19.59M (Peak 25.01M) | Time:00:00.06 | Mem:1.21M, Peak:1.21M | Scene, ViewLayer | Updating Objects Flags
Fra:1 Mem:19.59M (Peak 25.01M) | Time:00:00.06 | Mem:1.21M, Peak:1.21M | Scene, ViewLayer | Updating Primitive Offsets
Fra:1 Mem:19.60M (Peak 25.01M) | Time:00:00.06 | Mem:1.21M, Peak:1.21M | Scene, ViewLayer | Updating Images
Fra:1 Mem:19.60M (Peak 25.01M) | Time:00:00.06 | Mem:1.21M, Peak:1.21M | Scene, ViewLayer | Updating Camera Volume
Fra:1 Mem:19.60M (Peak 25.01M) | Time:00:00.06 | Mem:1.21M, Peak:1.21M | Scene, ViewLayer | Updating Lookup Tables
Fra:1 Mem:19.60M (Peak 25.01M) | Time:00:00.06 | Mem:1.29M, Peak:1.29M | Scene, ViewLayer | Updating Lights
Fra:1 Mem:19.60M (Peak 25.01M) | Time:00:00.06 | Mem:1.29M, Peak:1.29M | Scene, ViewLayer | Updating Lights | Computing distribution
Fra:1 Mem:19.60M (Peak 25.01M) | Time:00:00.06 | Mem:1.29M, Peak:1.29M | Scene, ViewLayer | Updating Lights | Computing tree
Fra:1 Mem:19.60M (Peak 25.01M) | Time:00:00.06 | Mem:1.29M, Peak:1.29M | Scene, ViewLayer | Updating Integrator
Fra:1 Mem:21.60M (Peak 25.01M) | Time:00:00.06 | Mem:3.29M, Peak:3.29M | Scene, ViewLayer | Updating Film
Fra:1 Mem:21.60M (Peak 25.01M) | Time:00:00.06 | Mem:3.21M, Peak:3.29M | Scene, ViewLayer | Updating Lookup Tables
Fra:1 Mem:21.60M (Peak 25.01M) | Time:00:00.06 | Mem:3.30M, Peak:3.30M | Scene, ViewLayer | Updating Baking
Fra:1 Mem:21.60M (Peak 25.01M) | Time:00:00.06 | Mem:3.30M, Peak:3.30M | Scene, ViewLayer | Updating Device | Writing constant memory
Fra:1 Mem:21.61M (Peak 25.01M) | Time:00:00.06 | Mem:3.30M, Peak:3.30M | Scene, ViewLayer | Sample 0/300
Fra:1 Mem:92.85M (Peak 92.85M) | Time:00:01.11 | Remaining:05:12.93 | Mem:74.49M, Peak:74.49M | Scene, ViewLayer | Sample 1/300
Fra:1 Mem:92.85M (Peak 92.85M) | Time:00:24.50 | Remaining:03:17.71 | Mem:74.49M, Peak:74.49M | Scene, ViewLayer | Sample 33/300
Fra:1 Mem:92.85M (Peak 92.85M) | Time:00:47.71 | Remaining:02:52.28 | Mem:74.49M, Peak:74.49M | Scene, ViewLayer | Sample 65/300
Fra:1 Mem:92.85M (Peak 92.85M) | Time:00:59.83 | Remaining:02:44.36 | Mem:74.49M, Peak:74.49M | Scene, ViewLayer | Sample 80/300
Fra:1 Mem:92.85M (Peak 92.85M) | Time:01:02.39 | Remaining:02:12.44 | Mem:74.49M, Peak:74.49M | Scene, ViewLayer | Sample 96/300
Fra:1 Mem:92.85M (Peak 92.85M) | Time:01:04.50 | Remaining:01:48.17 | Mem:74.49M, Peak:74.49M | Scene, ViewLayer | Sample 112/300
Fra:1 Mem:92.85M (Peak 92.85M) | Time:01:06.39 | Remaining:01:29.13 | Mem:74.49M, Peak:74.49M | Scene, ViewLayer | Sample 128/300
Fra:1 Mem:92.85M (Peak 92.85M) | Time:01:08.09 | Remaining:01:13.69 | Mem:74.49M, Peak:74.49M | Scene, ViewLayer | Sample 144/300
Fra:1 Mem:92.85M (Peak 92.85M) | Time:01:09.73 | Remaining:01:00.96 | Mem:74.49M, Peak:74.49M | Scene, ViewLayer | Sample 160/300
Fra:1 Mem:92.85M (Peak 92.85M) | Time:01:11.30 | Remaining:00:50.19 | Mem:74.49M, Peak:74.49M | Scene, ViewLayer | Sample 176/300
Fra:1 Mem:92.85M (Peak 92.85M) | Time:01:12.80 | Remaining:00:40.91 | Mem:74.49M, Peak:74.49M | Scene, ViewLayer | Sample 192/300
Fra:1 Mem:92.85M (Peak 92.85M) | Time:01:11.20 | Remaining:00:31.46 | Mem:74.49M, Peak:74.49M | Scene, ViewLayer | Sample 208/300
Fra:1 Mem:92.85M (Peak 92.85M) | Time:01:12.39 | Remaining:00:24.53 | Mem:74.49M, Peak:74.49M | Scene, ViewLayer | Sample 224/300
Fra:1 Mem:92.85M (Peak 92.85M) | Time:01:13.51 | Remaining:00:18.36 | Mem:74.49M, Peak:74.49M | Scene, ViewLayer | Sample 240/300
Fra:1 Mem:92.85M (Peak 92.85M) | Time:01:14.53 | Remaining:00:12.80 | Mem:74.49M, Peak:74.49M | Scene, ViewLayer | Sample 256/300
Fra:1 Mem:92.85M (Peak 92.85M) | Time:01:15.51 | Remaining:00:07.76 | Mem:74.49M, Peak:74.49M | Scene, ViewLayer | Sample 272/300
Fra:1 Mem:92.85M (Peak 92.85M) | Time:01:16.52 | Remaining:00:03.18 | Mem:74.49M, Peak:74.49M | Scene, ViewLayer | Sample 288/300
Fra:1 Mem:124.49M (Peak 187.77M) | Time:01:17.53 | Mem:74.49M, Peak:74.49M | Scene, ViewLayer | Sample 300/300
Fra:1 Mem:124.49M (Peak 187.77M) | Time:01:17.53 | Mem:74.49M, Peak:74.49M | Scene, ViewLayer | Finished
Saved: '/home/fac/piscina/V3/renders/projeto_render_16h.png'
Time: 01:17.90 (Saving: 00:00.34)

Fra:1 Mem:24.54M (Peak 24.54M) | Time:00:00.01 | Mem:0.00M, Peak:0.00M | Scene, ViewLayer | Synchronizing object | Pedestal_Concreto_1
Fra:1 Mem:24.54M (Peak 24.54M) | Time:00:00.01 | Mem:0.00M, Peak:0.00M | Scene, ViewLayer | Synchronizing object | Pedestal_Concreto_4
Fra:1 Mem:24.55M (Peak 24.55M) | Time:00:00.01 | Mem:0.00M, Peak:0.00M | Scene, ViewLayer | Synchronizing object | Pedestal_Concreto_5
Fra:1 Mem:24.55M (Peak 24.55M) | Time:00:00.02 | Mem:0.00M, Peak:0.00M | Scene, ViewLayer | Synchronizing object | Pilar_Eucalipto_6
Fra:1 Mem:24.56M (Peak 24.56M) | Time:00:00.02 | Mem:0.00M, Peak:0.00M | Scene, ViewLayer | Synchronizing object | Pedestal_Concreto_7
Fra:1 Mem:24.57M (Peak 24.57M) | Time:00:00.02 | Mem:0.00M, Peak:0.00M | Scene, ViewLayer | Synchronizing object | Pilar_Eucalipto_8
Fra:1 Mem:24.58M (Peak 24.58M) | Time:00:00.02 | Mem:0.00M, Peak:0.00M | Scene, ViewLayer | Synchronizing object | Pedestal_Concreto_9
Fra:1 Mem:24.58M (Peak 24.58M) | Time:00:00.02 | Mem:0.00M, Peak:0.00M | Scene, ViewLayer | Synchronizing object | Pedestal_Concreto_10
Fra:1 Mem:24.58M (Peak 24.58M) | Time:00:00.02 | Mem:0.00M, Peak:0.00M | Scene, ViewLayer | Synchronizing object | Pilar_Eucalipto_10
Fra:1 Mem:24.59M (Peak 24.59M) | Time:00:00.02 | Mem:0.00M, Peak:0.00M | Scene, ViewLayer | Synchronizing object | Telhado_Zinco_L
Fra:1 Mem:24.60M (Peak 24.60M) | Time:00:00.02 | Mem:0.00M, Peak:0.00M | Scene, ViewLayer | Synchronizing object | Piscina_Esmeralda_Agua
Fra:1 Mem:24.60M (Peak 24.60M) | Time:00:00.02 | Mem:0.00M, Peak:0.00M | Scene, ViewLayer | Synchronizing object | Banheiro_Parede_Oeste_1_a
Fra:1 Mem:24.61M (Peak 24.61M) | Time:00:00.02 | Mem:0.00M, Peak:0.00M | Scene, ViewLayer | Synchronizing object | Banheiro_Parede_Oeste_1_b
Fra:1 Mem:24.61M (Peak 24.61M) | Time:00:00.02 | Mem:0.00M, Peak:0.00M | Scene, ViewLayer | Synchronizing object | Banheiro_Parede_Oeste_1_Porta
Fra:1 Mem:24.61M (Peak 24.61M) | Time:00:00.02 | Mem:0.00M, Peak:0.00M | Scene, ViewLayer | Synchronizing object | Banheiro_Parede_Oeste_2_a
Fra:1 Mem:24.61M (Peak 24.61M) | Time:00:00.02 | Mem:0.00M, Peak:0.00M | Scene, ViewLayer | Synchronizing object | Banheiro_Parede_Oeste_2_b
Fra:1 Mem:24.62M (Peak 24.62M) | Time:00:00.02 | Mem:0.00M, Peak:0.00M | Scene, ViewLayer | Synchronizing object | Banheiro_Parede_Leste_1_a
Fra:1 Mem:24.62M (Peak 24.62M) | Time:00:00.02 | Mem:0.00M, Peak:0.00M | Scene, ViewLayer | Synchronizing object | Banheiro_Parede_Leste_1_b
Fra:1 Mem:24.63M (Peak 24.63M) | Time:00:00.02 | Mem:0.00M, Peak:0.00M | Scene, ViewLayer | Synchronizing object | Banheiro_Parede_Leste_1_Porta
Fra:1 Mem:24.64M (Peak 24.64M) | Time:00:00.02 | Mem:0.00M, Peak:0.00M | Scene, ViewLayer | Synchronizing object | Banheiro_Parede_Leste_2_b
Fra:1 Mem:24.64M (Peak 24.64M) | Time:00:00.02 | Mem:0.00M, Peak:0.00M | Scene, ViewLayer | Synchronizing object | Banheiro_Parede_Leste_2_Porta
Fra:1 Mem:24.64M (Peak 24.64M) | Time:00:00.02 | Mem:0.00M, Peak:0.00M | Scene, ViewLayer | Synchronizing object | Banheiro_Parede_Sul
Fra:1 Mem:24.65M (Peak 24.65M) | Time:00:00.02 | Mem:0.00M, Peak:0.00M | Scene, ViewLayer | Synchronizing object | Banheiro_Particao_Ducha
Fra:1 Mem:24.65M (Peak 24.65M) | Time:00:00.02 | Mem:0.00M, Peak:0.00M | Scene, ViewLayer | Synchronizing object | Banheiro_Particao_Lavabo
Fra:1 Mem:24.65M (Peak 24.65M) | Time:00:00.02 | Mem:0.00M, Peak:0.00M | Scene, ViewLayer | Synchronizing object | Banheiro_Piso
Fra:1 Mem:24.65M (Peak 24.65M) | Time:00:00.02 | Mem:0.00M, Peak:0.00M | Scene, ViewLayer | Synchronizing object | Ducha_1_Coluna
Fra:1 Mem:24.66M (Peak 24.66M) | Time:00:00.02 | Mem:0.00M, Peak:0.00M | Scene, ViewLayer | Synchronizing object | Ducha_1_Eletrico
Fra:1 Mem:24.66M (Peak 24.66M) | Time:00:00.02 | Mem:0.00M, Peak:0.00M | Scene, ViewLayer | Synchronizing object | Ducha_1_Registro
Fra:1 Mem:24.67M (Peak 24.67M) | Time:00:00.02 | Mem:0.00M, Peak:0.00M | Scene, ViewLayer | Synchronizing object | Ducha_2_Base
Fra:1 Mem:24.68M (Peak 24.68M) | Time:00:00.02 | Mem:0.00M, Peak:0.00M | Scene, ViewLayer | Synchronizing object | Ducha_2_Registro
Fra:1 Mem:24.68M (Peak 24.68M) | Time:00:00.02 | Mem:0.00M, Peak:0.00M | Scene, ViewLayer | Synchronizing object | Lavabo_1_Caixa
Fra:1 Mem:24.69M (Peak 24.69M) | Time:00:00.02 | Mem:0.00M, Peak:0.00M | Scene, ViewLayer | Synchronizing object | Lavabo_1_Bacia
Fra:1 Mem:24.69M (Peak 24.69M) | Time:00:00.02 | Mem:0.00M, Peak:0.00M | Scene, ViewLayer | Synchronizing object | Lavabo_1_Assento
Fra:1 Mem:24.70M (Peak 24.70M) | Time:00:00.02 | Mem:0.00M, Peak:0.00M | Scene, ViewLayer | Synchronizing object | Lavabo_1_Pia
Fra:1 Mem:24.70M (Peak 24.70M) | Time:00:00.02 | Mem:0.00M, Peak:0.00M | Scene, ViewLayer | Synchronizing object | Lavabo_1_Torneira
Fra:1 Mem:24.70M (Peak 24.70M) | Time:00:00.02 | Mem:0.00M, Peak:0.00M | Scene, ViewLayer | Synchronizing object | Lavabo_2_Caixa
Fra:1 Mem:24.70M (Peak 24.70M) | Time:00:00.02 | Mem:0.00M, Peak:0.00M | Scene, ViewLayer | Synchronizing object | Lavabo_2_Bacia
Fra:1 Mem:24.71M (Peak 24.71M) | Time:00:00.02 | Mem:0.00M, Peak:0.00M | Scene, ViewLayer | Synchronizing object | Lavabo_2_Assento
Fra:1 Mem:24.71M (Peak 24.71M) | Time:00:00.02 | Mem:0.00M, Peak:0.00M | Scene, ViewLayer | Synchronizing object | Lavabo_2_Pia
Fra:1 Mem:24.71M (Peak 24.71M) | Time:00:00.02 | Mem:0.00M, Peak:0.00M | Scene, ViewLayer | Synchronizing object | Bancada_Base
Fra:1 Mem:24.72M (Peak 24.72M) | Time:00:00.02 | Mem:0.00M, Peak:0.00M | Scene, ViewLayer | Synchronizing object | Bancada_Tampo_Sul
Fra:1 Mem:24.72M (Peak 24.72M) | Time:00:00.02 | Mem:0.00M, Peak:0.00M | Scene, ViewLayer | Synchronizing object | Bancada_Pia_Cuba
Fra:1 Mem:24.72M (Peak 24.72M) | Time:00:00.02 | Mem:0.00M, Peak:0.00M | Scene, ViewLayer | Synchronizing object | Bancada_Pia_Coluna_Torneira
Fra:1 Mem:24.73M (Peak 24.73M) | Time:00:00.02 | Mem:0.00M, Peak:0.00M | Scene, ViewLayer | Synchronizing object | Bancada_Pia_Bico_Torneira
Fra:1 Mem:24.73M (Peak 24.73M) | Time:00:00.02 | Mem:0.00M, Peak:0.00M | Scene, ViewLayer | Synchronizing object | Churrasqueira_Corpo
Fra:1 Mem:24.74M (Peak 24.74M) | Time:00:00.02 | Mem:0.00M, Peak:0.00M | Scene, ViewLayer | Synchronizing object | Churrasqueira_Barra_2
Fra:1 Mem:24.74M (Peak 24.74M) | Time:00:00.02 | Mem:0.00M, Peak:0.00M | Scene, ViewLayer | Synchronizing object | Churrasqueira_Barra_3
Fra:1 Mem:24.75M (Peak 24.75M) | Time:00:00.02 | Mem:0.00M, Peak:0.00M | Scene, ViewLayer | Synchronizing object | Churrasqueira_Barra_5
Fra:1 Mem:24.75M (Peak 24.75M) | Time:00:00.02 | Mem:0.00M, Peak:0.00M | Scene, ViewLayer | Synchronizing object | Churrasqueira_Barra_6
Fra:1 Mem:24.76M (Peak 24.76M) | Time:00:00.02 | Mem:0.00M, Peak:0.00M | Scene, ViewLayer | Synchronizing object | Terca_Ala_Xm225
Fra:1 Mem:24.76M (Peak 24.76M) | Time:00:00.02 | Mem:0.00M, Peak:0.00M | Scene, ViewLayer | Synchronizing object | Churrasqueira_Brasa
Fra:1 Mem:24.77M (Peak 24.77M) | Time:00:00.02 | Mem:0.00M, Peak:0.00M | Scene, ViewLayer | Synchronizing object | Terca_Leste_X4
Fra:1 Mem:24.77M (Peak 24.77M) | Time:00:00.02 | Mem:0.00M, Peak:0.00M | Scene, ViewLayer | Synchronizing object | Mesa_Tampo
Fra:1 Mem:24.77M (Peak 24.77M) | Time:00:00.02 | Mem:0.00M, Peak:0.00M | Scene, ViewLayer | Synchronizing object | Terca_Central_X2
Fra:1 Mem:24.77M (Peak 24.77M) | Time:00:00.02 | Mem:0.00M, Peak:0.00M | Scene, ViewLayer | Synchronizing object | Mesa_Pe_-1_-1
Fra:1 Mem:24.78M (Peak 24.78M) | Time:00:00.02 | Mem:0.00M, Peak:0.00M | Scene, ViewLayer | Synchronizing object | Terca_Oeste_X0
Fra:1 Mem:24.78M (Peak 24.78M) | Time:00:00.02 | Mem:0.00M, Peak:0.00M | Scene, ViewLayer | Synchronizing object | Mesa_Pe_-1_1
Fra:1 Mem:24.78M (Peak 24.78M) | Time:00:00.02 | Mem:0.00M, Peak:0.00M | Scene, ViewLayer | Synchronizing object | Mesa_Pe_1_-1
Fra:1 Mem:24.78M (Peak 24.78M) | Time:00:00.02 | Mem:0.00M, Peak:0.00M | Scene, ViewLayer | Synchronizing object | Mesa_Pe_1_1
Fra:1 Mem:24.78M (Peak 24.78M) | Time:00:00.02 | Mem:0.00M, Peak:0.00M | Scene, ViewLayer | Synchronizing object | Banco_Oeste_Assento
Fra:1 Mem:24.79M (Peak 24.79M) | Time:00:00.02 | Mem:0.00M, Peak:0.00M | Scene, ViewLayer | Synchronizing object | Banco_Oeste_Pe_-1
Fra:1 Mem:24.79M (Peak 24.79M) | Time:00:00.02 | Mem:0.00M, Peak:0.00M | Scene, ViewLayer | Synchronizing object | Banco_Oeste_Pe_1
Fra:1 Mem:24.79M (Peak 24.79M) | Time:00:00.02 | Mem:0.00M, Peak:0.00M | Scene, ViewLayer | Synchronizing object | Banco_Leste_Assento
Fra:1 Mem:24.79M (Peak 24.79M) | Time:00:00.02 | Mem:0.00M, Peak:0.00M | Scene, ViewLayer | Synchronizing object | Banco_Leste_Pe_-1
Fra:1 Mem:24.80M (Peak 24.80M) | Time:00:00.02 | Mem:0.00M, Peak:0.00M | Scene, ViewLayer | Synchronizing object | Banco_Leste_Pe_1
Fra:1 Mem:24.80M (Peak 24.80M) | Time:00:00.02 | Mem:0.00M, Peak:0.00M | Scene, ViewLayer | Synchronizing object | Parede_Sul_1_2
Fra:1 Mem:24.80M (Peak 24.80M) | Time:00:00.02 | Mem:0.00M, Peak:0.00M | Scene, ViewLayer | Synchronizing object | Parede_Leste_3_4
Fra:1 Mem:24.80M (Peak 24.80M) | Time:00:00.02 | Mem:0.00M, Peak:0.00M | Scene, ViewLayer | Synchronizing object | Parede_Leste_4_5
Fra:1 Mem:24.80M (Peak 24.80M) | Time:00:00.02 | Mem:0.00M, Peak:0.00M | Scene, ViewLayer | Synchronizing object | Sala_Tapete
Fra:1 Mem:24.81M (Peak 24.81M) | Time:00:00.02 | Mem:0.00M, Peak:0.00M | Scene, ViewLayer | Synchronizing object | Sofa_Sul_Assento
Fra:1 Mem:24.81M (Peak 24.81M) | Time:00:00.02 | Mem:0.00M, Peak:0.00M | Scene, ViewLayer | Synchronizing object | Viga_Transv_Ala_Y12
Fra:1 Mem:24.81M (Peak 24.81M) | Time:00:00.02 | Mem:0.00M, Peak:0.00M | Scene, ViewLayer | Synchronizing object | Viga_Transv_Ala_Y9_5
Fra:1 Mem:24.81M (Peak 24.81M) | Time:00:00.02 | Mem:0.00M, Peak:0.00M | Scene, ViewLayer | Synchronizing object | Sofa_Sul_Encosto
Fra:1 Mem:24.82M (Peak 24.82M) | Time:00:00.02 | Mem:0.00M, Peak:0.00M | Scene, ViewLayer | Synchronizing object | Sofa_Sul_Braco_-1
Fra:1 Mem:24.82M (Peak 24.82M) | Time:00:00.02 | Mem:0.00M, Peak:0.00M | Scene, ViewLayer | Synchronizing object | Viga_Transv_Y12
Fra:1 Mem:24.82M (Peak 24.82M) | Time:00:00.02 | Mem:0.00M, Peak:0.00M | Scene, ViewLayer | Synchronizing object | Sofa_Sul_Pe_0_-1
Fra:1 Mem:24.82M (Peak 24.82M) | Time:00:00.02 | Mem:0.00M, Peak:0.00M | Scene, ViewLayer | Synchronizing object | Sofa_Sul_Pe_1_1
Fra:1 Mem:24.82M (Peak 24.82M) | Time:00:00.02 | Mem:0.00M, Peak:0.00M | Scene, ViewLayer | Synchronizing object | Sofa_Norte_Assento
Fra:1 Mem:24.83M (Peak 24.83M) | Time:00:00.02 | Mem:0.00M, Peak:0.00M | Scene, ViewLayer | Synchronizing object | Sofa_Norte_Encosto
Fra:1 Mem:24.83M (Peak 24.83M) | Time:00:00.02 | Mem:0.00M, Peak:0.00M | Scene, ViewLayer | Synchronizing object | Sofa_Norte_Braco_1
Fra:1 Mem:24.83M (Peak 24.83M) | Time:00:00.02 | Mem:0.00M, Peak:0.00M | Scene, ViewLayer | Synchronizing object | Sofa_Norte_Pe_0_-1
Fra:1 Mem:24.83M (Peak 24.83M) | Time:00:00.02 | Mem:0.00M, Peak:0.00M | Scene, ViewLayer | Synchronizing object | Sofa_Norte_Pe_0_1
Fra:1 Mem:24.83M (Peak 24.83M) | Time:00:00.02 | Mem:0.00M, Peak:0.00M | Scene, ViewLayer | Synchronizing object | Sofa_Norte_Pe_1_1
Fra:1 Mem:24.83M (Peak 24.83M) | Time:00:00.02 | Mem:0.00M, Peak:0.00M | Scene, ViewLayer | Synchronizing object | Mesa_Centro_Tampo
Fra:1 Mem:24.84M (Peak 24.84M) | Time:00:00.02 | Mem:0.00M, Peak:0.00M | Scene, ViewLayer | Synchronizing object | Mesa_Centro_Pe_-1_-1
Fra:1 Mem:24.84M (Peak 24.84M) | Time:00:00.02 | Mem:0.00M, Peak:0.00M | Scene, ViewLayer | Synchronizing object | Mesa_Centro_Pe_-1_1
Fra:1 Mem:24.84M (Peak 24.84M) | Time:00:00.02 | Mem:0.00M, Peak:0.00M | Scene, ViewLayer | Synchronizing object | Mesa_Centro_Pe_1_-1
Fra:1 Mem:24.84M (Peak 24.84M) | Time:00:00.02 | Mem:0.00M, Peak:0.00M | Scene, ViewLayer | Synchronizing object | Mesa_Centro_Pe_1_1
Fra:1 Mem:24.84M (Peak 24.84M) | Time:00:00.02 | Mem:0.00M, Peak:0.00M | Scene, ViewLayer | Synchronizing object | MesaBar_1_Tampo
Fra:1 Mem:24.84M (Peak 24.84M) | Time:00:00.02 | Mem:0.00M, Peak:0.00M | Scene, ViewLayer | Synchronizing object | MesaBar_1_Coluna
Fra:1 Mem:24.84M (Peak 24.84M) | Time:00:00.02 | Mem:0.00M, Peak:0.00M | Scene, ViewLayer | Synchronizing object | MesaBar_1_Base
Fra:1 Mem:24.84M (Peak 24.84M) | Time:00:00.02 | Mem:0.00M, Peak:0.00M | Scene, ViewLayer | Synchronizing object | MesaBar_1_Banqueta_1_Assento
Fra:1 Mem:24.84M (Peak 24.84M) | Time:00:00.02 | Mem:0.00M, Peak:0.00M | Scene, ViewLayer | Synchronizing object | MesaBar_1_Banqueta_1_Coluna
Fra:1 Mem:24.85M (Peak 24.85M) | Time:00:00.02 | Mem:0.00M, Peak:0.00M | Scene, ViewLayer | Synchronizing object | MesaBar_1_Banqueta_1_Base
Fra:1 Mem:24.85M (Peak 24.85M) | Time:00:00.02 | Mem:0.00M, Peak:0.00M | Scene, ViewLayer | Synchronizing object | MesaBar_1_Banqueta_2_Assento
Fra:1 Mem:24.85M (Peak 24.85M) | Time:00:00.02 | Mem:0.00M, Peak:0.00M | Scene, ViewLayer | Synchronizing object | MesaBar_1_Banqueta_2_Coluna
Fra:1 Mem:24.85M (Peak 24.85M) | Time:00:00.02 | Mem:0.00M, Peak:0.00M | Scene, ViewLayer | Synchronizing object | MesaBar_1_Banqueta_2_Base
Fra:1 Mem:24.85M (Peak 24.85M) | Time:00:00.02 | Mem:0.00M, Peak:0.00M | Scene, ViewLayer | Synchronizing object | MesaBar_2_Tampo
Fra:1 Mem:24.85M (Peak 24.85M) | Time:00:00.02 | Mem:0.00M, Peak:0.00M | Scene, ViewLayer | Synchronizing object | MesaBar_2_Coluna
Fra:1 Mem:24.85M (Peak 24.85M) | Time:00:00.02 | Mem:0.00M, Peak:0.00M | Scene, ViewLayer | Synchronizing object | Viga_Transv_Y4
Fra:1 Mem:24.86M (Peak 24.86M) | Time:00:00.02 | Mem:0.00M, Peak:0.00M | Scene, ViewLayer | Synchronizing object | MesaBar_2_Base
Fra:1 Mem:24.86M (Peak 24.86M) | Time:00:00.02 | Mem:0.00M, Peak:0.00M | Scene, ViewLayer | Synchronizing object | MesaBar_2_Banqueta_1_Assento
Fra:1 Mem:24.86M (Peak 24.86M) | Time:00:00.02 | Mem:0.00M, Peak:0.00M | Scene, ViewLayer | Synchronizing object | MesaBar_2_Banqueta_1_Coluna
Fra:1 Mem:24.87M (Peak 24.87M) | Time:00:00.02 | Mem:0.00M, Peak:0.00M | Scene, ViewLayer | Synchronizing object | MesaBar_2_Banqueta_1_Base
Fra:1 Mem:24.88M (Peak 24.88M) | Time:00:00.02 | Mem:0.00M, Peak:0.00M | Scene, ViewLayer | Synchronizing object | MesaBar_2_Banqueta_2_Assento
Fra:1 Mem:24.88M (Peak 24.88M) | Time:00:00.02 | Mem:0.00M, Peak:0.00M | Scene, ViewLayer | Synchronizing object | MesaBar_2_Banqueta_2_Base
Fra:1 Mem:24.89M (Peak 24.89M) | Time:00:00.02 | Mem:0.00M, Peak:0.00M | Scene, ViewLayer | Synchronizing object | Geladeira_Corpo
Fra:1 Mem:24.89M (Peak 24.89M) | Time:00:00.02 | Mem:0.00M, Peak:0.00M | Scene, ViewLayer | Synchronizing object | Geladeira_Linha_Divisoria
Fra:1 Mem:24.89M (Peak 24.89M) | Time:00:00.02 | Mem:0.00M, Peak:0.00M | Scene, ViewLayer | Synchronizing object | Geladeira_Puxador_1
Fra:1 Mem:24.90M (Peak 24.90M) | Time:00:00.02 | Mem:0.00M, Peak:0.00M | Scene, ViewLayer | Synchronizing object | Geladeira_Puxador_2
Fra:1 Mem:24.90M (Peak 24.90M) | Time:00:00.02 | Mem:0.00M, Peak:0.00M | Scene, ViewLayer | Synchronizing object | Fogao_Corpo
Fra:1 Mem:24.90M (Peak 24.90M) | Time:00:00.02 | Mem:0.00M, Peak:0.00M | Scene, ViewLayer | Synchronizing object | Fogao_Cooktop
Fra:1 Mem:24.91M (Peak 24.91M) | Time:00:00.02 | Mem:0.00M, Peak:0.00M | Scene, ViewLayer | Synchronizing object | Fogao_Boca_0_0
Fra:1 Mem:24.92M (Peak 24.92M) | Time:00:00.02 | Mem:0.00M, Peak:0.00M | Scene, ViewLayer | Synchronizing object | Fogao_Boca_1_0
Fra:1 Mem:24.92M (Peak 24.92M) | Time:00:00.02 | Mem:0.00M, Peak:0.00M | Scene, ViewLayer | Synchronizing object | Fogao_Forno_Porta
Fra:1 Mem:24.93M (Peak 24.93M) | Time:00:00.02 | Mem:0.00M, Peak:0.00M | Scene, ViewLayer | Synchronizing object | TV_Suporte
Fra:1 Mem:24.93M (Peak 24.93M) | Time:00:00.02 | Mem:0.00M, Peak:0.00M | Scene, ViewLayer | Synchronizing object | TV_Tela
Fra:1 Mem:24.93M (Peak 24.93M) | Time:00:00.02 | Mem:0.00M, Peak:0.00M | Scene, ViewLayer | Synchronizing object | Montante_P2
Fra:1 Mem:24.93M (Peak 24.93M) | Time:00:00.02 | Mem:0.00M, Peak:0.00M | Scene, ViewLayer | Synchronizing object | Montante_P3
Fra:1 Mem:24.94M (Peak 24.94M) | Time:00:00.02 | Mem:0.00M, Peak:0.00M | Scene, ViewLayer | Synchronizing object | Montante_P4
Fra:1 Mem:24.95M (Peak 24.95M) | Time:00:00.02 | Mem:0.00M, Peak:0.00M | Scene, ViewLayer | Synchronizing object | Montante_P5
Fra:1 Mem:24.96M (Peak 24.96M) | Time:00:00.02 | Mem:0.00M, Peak:0.00M | Scene, ViewLayer | Synchronizing object | Viga_Transv_Y0
Fra:1 Mem:25.01M (Peak 25.01M) | Time:00:00.02 | Mem:0.00M, Peak:0.00M | Scene, ViewLayer | Initializing
Fra:1 Mem:18.85M (Peak 25.01M) | Time:00:00.03 | Mem:0.00M, Peak:0.00M | Scene, ViewLayer | Waiting for render to start
Fra:1 Mem:18.85M (Peak 25.01M) | Time:00:00.03 | Mem:0.00M, Peak:0.00M | Scene, ViewLayer | Loading render kernels (may take a few minutes the first time)
Fra:1 Mem:18.85M (Peak 25.01M) | Time:00:00.03 | Mem:0.00M, Peak:0.00M | Scene, ViewLayer | Updating Scene
Fra:1 Mem:18.85M (Peak 25.01M) | Time:00:00.03 | Mem:0.00M, Peak:0.00M | Scene, ViewLayer | Updating Shaders
Fra:1 Mem:18.95M (Peak 25.01M) | Time:00:00.03 | Mem:0.02M, Peak:0.02M | Scene, ViewLayer | Updating Procedurals
Fra:1 Mem:18.95M (Peak 25.01M) | Time:00:00.03 | Mem:0.02M, Peak:0.02M | Scene, ViewLayer | Updating Background
Fra:1 Mem:18.95M (Peak 25.01M) | Time:00:00.03 | Mem:0.02M, Peak:0.02M | Scene, ViewLayer | Updating Camera
Fra:1 Mem:18.95M (Peak 25.01M) | Time:00:00.03 | Mem:0.02M, Peak:0.02M | Scene, ViewLayer | Updating Meshes Flags
Fra:1 Mem:18.95M (Peak 25.01M) | Time:00:00.03 | Mem:0.02M, Peak:0.02M | Scene, ViewLayer | Updating Objects
Fra:1 Mem:18.95M (Peak 25.01M) | Time:00:00.03 | Mem:0.02M, Peak:0.02M | Scene, ViewLayer | Updating Objects | Copying Transformations to device
Fra:1 Mem:18.99M (Peak 25.01M) | Time:00:00.03 | Mem:0.06M, Peak:0.06M | Scene, ViewLayer | Updating Objects | Applying Static Transformations
Fra:1 Mem:18.99M (Peak 25.01M) | Time:00:00.03 | Mem:0.06M, Peak:0.06M | Scene, ViewLayer | Updating Particle Systems
Fra:1 Mem:18.99M (Peak 25.01M) | Time:00:00.03 | Mem:0.06M, Peak:0.06M | Scene, ViewLayer | Updating Particle Systems | Copying Particles to device
Fra:1 Mem:18.99M (Peak 25.01M) | Time:00:00.03 | Mem:0.06M, Peak:0.06M | Scene, ViewLayer | Updating Meshes
Fra:1 Mem:19.15M (Peak 25.01M) | Time:00:00.03 | Mem:0.06M, Peak:0.06M | Scene, ViewLayer | Updating Mesh | Computing attributes
Fra:1 Mem:19.25M (Peak 25.01M) | Time:00:00.03 | Mem:0.07M, Peak:0.07M | Scene, ViewLayer | Updating Mesh | Copying Attributes to device
Fra:1 Mem:19.22M (Peak 25.01M) | Time:00:00.03 | Mem:0.13M, Peak:0.13M | Scene, ViewLayer | Updating Scene BVH | Building
Fra:1 Mem:19.22M (Peak 25.01M) | Time:00:00.03 | Mem:0.13M, Peak:0.13M | Scene, ViewLayer | Updating Scene BVH | Building BVH
Fra:1 Mem:19.22M (Peak 25.01M) | Time:00:00.03 | Mem:0.45M, Peak:0.45M | Scene, ViewLayer | Updating Scene BVH | Building BVH 0%
Fra:1 Mem:19.22M (Peak 25.01M) | Time:00:00.04 | Mem:0.84M, Peak:1.16M | Scene, ViewLayer | Updating Scene BVH | Copying BVH to device
Fra:1 Mem:19.22M (Peak 25.01M) | Time:00:00.04 | Mem:0.84M, Peak:1.16M | Scene, ViewLayer | Updating Mesh | Computing normals
Fra:1 Mem:19.59M (Peak 25.01M) | Time:00:00.04 | Mem:0.84M, Peak:1.16M | Scene, ViewLayer | Updating Mesh | Copying Mesh to device
Fra:1 Mem:19.59M (Peak 25.01M) | Time:00:00.04 | Mem:1.21M, Peak:1.21M | Scene, ViewLayer | Updating Objects Flags
Fra:1 Mem:19.59M (Peak 25.01M) | Time:00:00.04 | Mem:1.21M, Peak:1.21M | Scene, ViewLayer | Updating Primitive Offsets
Fra:1 Mem:19.60M (Peak 25.01M) | Time:00:00.04 | Mem:1.21M, Peak:1.21M | Scene, ViewLayer | Updating Images
Fra:1 Mem:19.60M (Peak 25.01M) | Time:00:00.04 | Mem:1.21M, Peak:1.21M | Scene, ViewLayer | Updating Camera Volume
Fra:1 Mem:19.60M (Peak 25.01M) | Time:00:00.04 | Mem:1.21M, Peak:1.21M | Scene, ViewLayer | Updating Lookup Tables
Fra:1 Mem:19.60M (Peak 25.01M) | Time:00:00.04 | Mem:1.29M, Peak:1.29M | Scene, ViewLayer | Updating Lights
Fra:1 Mem:19.60M (Peak 25.01M) | Time:00:00.04 | Mem:1.29M, Peak:1.29M | Scene, ViewLayer | Updating Lights | Computing distribution
Fra:1 Mem:19.60M (Peak 25.01M) | Time:00:00.04 | Mem:1.29M, Peak:1.29M | Scene, ViewLayer | Updating Lights | Computing tree
Fra:1 Mem:19.60M (Peak 25.01M) | Time:00:00.04 | Mem:1.29M, Peak:1.29M | Scene, ViewLayer | Updating Integrator
Fra:1 Mem:21.60M (Peak 25.01M) | Time:00:00.04 | Mem:3.29M, Peak:3.29M | Scene, ViewLayer | Updating Film
Fra:1 Mem:21.60M (Peak 25.01M) | Time:00:00.04 | Mem:3.21M, Peak:3.29M | Scene, ViewLayer | Updating Lookup Tables
Fra:1 Mem:21.60M (Peak 25.01M) | Time:00:00.04 | Mem:3.30M, Peak:3.30M | Scene, ViewLayer | Updating Baking
Fra:1 Mem:21.60M (Peak 25.01M) | Time:00:00.04 | Mem:3.30M, Peak:3.30M | Scene, ViewLayer | Updating Device | Writing constant memory
Fra:1 Mem:21.61M (Peak 25.01M) | Time:00:00.04 | Mem:3.30M, Peak:3.30M | Scene, ViewLayer | Sample 0/300
Fra:1 Mem:92.85M (Peak 92.85M) | Time:00:00.99 | Remaining:04:43.99 | Mem:74.49M, Peak:74.49M | Scene, ViewLayer | Sample 1/300
Fra:1 Mem:92.85M (Peak 92.85M) | Time:00:24.10 | Remaining:03:14.66 | Mem:74.49M, Peak:74.49M | Scene, ViewLayer | Sample 33/300
Fra:1 Mem:92.85M (Peak 92.85M) | Time:00:50.36 | Remaining:03:01.91 | Mem:74.49M, Peak:74.49M | Scene, ViewLayer | Sample 65/300
Fra:1 Mem:92.85M (Peak 92.85M) | Time:00:59.52 | Remaining:02:43.57 | Mem:74.49M, Peak:74.49M | Scene, ViewLayer | Sample 80/300
Fra:1 Mem:92.85M (Peak 92.85M) | Time:01:01.94 | Remaining:02:11.53 | Mem:74.49M, Peak:74.49M | Scene, ViewLayer | Sample 96/300
Fra:1 Mem:92.85M (Peak 92.85M) | Time:01:04.23 | Remaining:01:47.74 | Mem:74.49M, Peak:74.49M | Scene, ViewLayer | Sample 112/300
Fra:1 Mem:92.85M (Peak 92.85M) | Time:01:06.15 | Remaining:01:28.83 | Mem:74.49M, Peak:74.49M | Scene, ViewLayer | Sample 128/300
Fra:1 Mem:92.85M (Peak 92.85M) | Time:01:08.33 | Remaining:01:13.98 | Mem:74.49M, Peak:74.49M | Scene, ViewLayer | Sample 144/300
Fra:1 Mem:92.85M (Peak 92.85M) | Time:01:10.76 | Remaining:01:01.88 | Mem:74.49M, Peak:74.49M | Scene, ViewLayer | Sample 160/300
Fra:1 Mem:92.85M (Peak 92.85M) | Time:01:13.02 | Remaining:00:51.41 | Mem:74.49M, Peak:74.49M | Scene, ViewLayer | Sample 176/300
Fra:1 Mem:92.85M (Peak 92.85M) | Time:01:14.61 | Remaining:00:41.94 | Mem:74.49M, Peak:74.49M | Scene, ViewLayer | Sample 192/300
Fra:1 Mem:92.85M (Peak 92.85M) | Time:01:16.30 | Remaining:00:33.73 | Mem:74.49M, Peak:74.49M | Scene, ViewLayer | Sample 208/300
Fra:1 Mem:92.85M (Peak 92.85M) | Time:01:17.92 | Remaining:00:26.42 | Mem:74.49M, Peak:74.49M | Scene, ViewLayer | Sample 224/300
Fra:1 Mem:92.85M (Peak 92.85M) | Time:01:19.35 | Remaining:00:19.82 | Mem:74.49M, Peak:74.49M | Scene, ViewLayer | Sample 240/300
Fra:1 Mem:92.85M (Peak 92.85M) | Time:01:20.61 | Remaining:00:13.84 | Mem:74.49M, Peak:74.49M | Scene, ViewLayer | Sample 256/300
Fra:1 Mem:92.85M (Peak 92.85M) | Time:01:21.93 | Remaining:00:08.42 | Mem:74.49M, Peak:74.49M | Scene, ViewLayer | Sample 272/300
Fra:1 Mem:92.85M (Peak 92.85M) | Time:01:20.31 | Remaining:00:03.34 | Mem:74.49M, Peak:74.49M | Scene, ViewLayer | Sample 288/300
Fra:1 Mem:124.49M (Peak 187.77M) | Time:01:21.22 | Mem:74.49M, Peak:74.49M | Scene, ViewLayer | Sample 300/300
Fra:1 Mem:124.49M (Peak 187.77M) | Time:01:21.22 | Mem:74.49M, Peak:74.49M | Scene, ViewLayer | Finished
Saved: '/home/fac/piscina/V3/renders/projeto_render_17h.png'
Time: 01:21.52 (Saving: 00:00.28)

Fra:1 Mem:24.54M (Peak 24.54M) | Time:00:00.01 | Mem:0.00M, Peak:0.00M | Scene, ViewLayer | Synchronizing object | Pedestal_Concreto_1
Fra:1 Mem:24.54M (Peak 24.54M) | Time:00:00.01 | Mem:0.00M, Peak:0.00M | Scene, ViewLayer | Synchronizing object | Pedestal_Concreto_6
Fra:1 Mem:24.55M (Peak 24.55M) | Time:00:00.01 | Mem:0.00M, Peak:0.00M | Scene, ViewLayer | Synchronizing object | Pilar_Eucalipto_7
Fra:1 Mem:24.55M (Peak 24.55M) | Time:00:00.01 | Mem:0.00M, Peak:0.00M | Scene, ViewLayer | Synchronizing object | Pilar_Eucalipto_8
Fra:1 Mem:24.56M (Peak 24.56M) | Time:00:00.01 | Mem:0.00M, Peak:0.00M | Scene, ViewLayer | Synchronizing object | Pedestal_Concreto_9
Fra:1 Mem:24.57M (Peak 24.57M) | Time:00:00.01 | Mem:0.00M, Peak:0.00M | Scene, ViewLayer | Synchronizing object | Pilar_Eucalipto_9
Fra:1 Mem:24.58M (Peak 24.58M) | Time:00:00.01 | Mem:0.00M, Peak:0.00M | Scene, ViewLayer | Synchronizing object | Pilar_Eucalipto_10
Fra:1 Mem:24.59M (Peak 24.59M) | Time:00:00.01 | Mem:0.00M, Peak:0.00M | Scene, ViewLayer | Synchronizing object | Piso_Quiosque_L
Fra:1 Mem:24.59M (Peak 24.59M) | Time:00:00.01 | Mem:0.00M, Peak:0.00M | Scene, ViewLayer | Synchronizing object | Telhado_Zinco_L
Fra:1 Mem:24.59M (Peak 24.59M) | Time:00:00.01 | Mem:0.00M, Peak:0.00M | Scene, ViewLayer | Synchronizing object | Piscina_Esmeralda_Casca
Fra:1 Mem:24.59M (Peak 24.59M) | Time:00:00.01 | Mem:0.00M, Peak:0.00M | Scene, ViewLayer | Synchronizing object | Piscina_Esmeralda_Agua
Fra:1 Mem:24.60M (Peak 24.60M) | Time:00:00.01 | Mem:0.00M, Peak:0.00M | Scene, ViewLayer | Synchronizing object | Banheiro_Parede_Oeste_1_a
Fra:1 Mem:24.61M (Peak 24.61M) | Time:00:00.01 | Mem:0.00M, Peak:0.00M | Scene, ViewLayer | Synchronizing object | Banheiro_Parede_Oeste_1_b
Fra:1 Mem:24.62M (Peak 24.62M) | Time:00:00.01 | Mem:0.00M, Peak:0.00M | Scene, ViewLayer | Synchronizing object | Banheiro_Parede_Oeste_2_a
Fra:1 Mem:24.62M (Peak 24.62M) | Time:00:00.01 | Mem:0.00M, Peak:0.00M | Scene, ViewLayer | Synchronizing object | Banheiro_Parede_Oeste_2_b
Fra:1 Mem:24.63M (Peak 24.63M) | Time:00:00.01 | Mem:0.00M, Peak:0.00M | Scene, ViewLayer | Synchronizing object | Banheiro_Parede_Oeste_2_Porta
Fra:1 Mem:24.64M (Peak 24.64M) | Time:00:00.01 | Mem:0.00M, Peak:0.00M | Scene, ViewLayer | Synchronizing object | Banheiro_Parede_Leste_1_a
Fra:1 Mem:24.65M (Peak 24.65M) | Time:00:00.01 | Mem:0.00M, Peak:0.00M | Scene, ViewLayer | Synchronizing object | Banheiro_Parede_Leste_1_b
Fra:1 Mem:24.65M (Peak 24.65M) | Time:00:00.01 | Mem:0.00M, Peak:0.00M | Scene, ViewLayer | Synchronizing object | Banheiro_Parede_Leste_1_Porta
Fra:1 Mem:24.66M (Peak 24.66M) | Time:00:00.01 | Mem:0.00M, Peak:0.00M | Scene, ViewLayer | Synchronizing object | Banheiro_Parede_Leste_2_a
Fra:1 Mem:24.67M (Peak 24.67M) | Time:00:00.01 | Mem:0.00M, Peak:0.00M | Scene, ViewLayer | Synchronizing object | Banheiro_Parede_Leste_2_b
Fra:1 Mem:24.67M (Peak 24.67M) | Time:00:00.01 | Mem:0.00M, Peak:0.00M | Scene, ViewLayer | Synchronizing object | Banheiro_Parede_Leste_2_Porta
Fra:1 Mem:24.67M (Peak 24.67M) | Time:00:00.01 | Mem:0.00M, Peak:0.00M | Scene, ViewLayer | Synchronizing object | Banheiro_Parede_Norte
Fra:1 Mem:24.68M (Peak 24.68M) | Time:00:00.01 | Mem:0.00M, Peak:0.00M | Scene, ViewLayer | Synchronizing object | Banheiro_Parede_Central
Fra:1 Mem:24.68M (Peak 24.68M) | Time:00:00.01 | Mem:0.00M, Peak:0.00M | Scene, ViewLayer | Synchronizing object | Banheiro_Particao_Ducha
Fra:1 Mem:24.68M (Peak 24.68M) | Time:00:00.01 | Mem:0.00M, Peak:0.00M | Scene, ViewLayer | Synchronizing object | Banheiro_Particao_Lavabo
Fra:1 Mem:24.68M (Peak 24.68M) | Time:00:00.01 | Mem:0.00M, Peak:0.00M | Scene, ViewLayer | Synchronizing object | Banheiro_Piso
Fra:1 Mem:24.68M (Peak 24.68M) | Time:00:00.01 | Mem:0.00M, Peak:0.00M | Scene, ViewLayer | Synchronizing object | Ducha_1_Coluna
Fra:1 Mem:24.69M (Peak 24.69M) | Time:00:00.01 | Mem:0.00M, Peak:0.00M | Scene, ViewLayer | Synchronizing object | Ducha_1_Eletrico
Fra:1 Mem:24.69M (Peak 24.69M) | Time:00:00.01 | Mem:0.00M, Peak:0.00M | Scene, ViewLayer | Synchronizing object | Ducha_2_Coluna
Fra:1 Mem:24.69M (Peak 24.69M) | Time:00:00.01 | Mem:0.00M, Peak:0.00M | Scene, ViewLayer | Synchronizing object | Ducha_2_Eletrico
Fra:1 Mem:24.69M (Peak 24.69M) | Time:00:00.01 | Mem:0.00M, Peak:0.00M | Scene, ViewLayer | Synchronizing object | Lavabo_1_Caixa
Fra:1 Mem:24.69M (Peak 24.69M) | Time:00:00.01 | Mem:0.00M, Peak:0.00M | Scene, ViewLayer | Synchronizing object | Lavabo_1_Bacia
Fra:1 Mem:24.70M (Peak 24.70M) | Time:00:00.01 | Mem:0.00M, Peak:0.00M | Scene, ViewLayer | Synchronizing object | Lavabo_1_Assento
Fra:1 Mem:24.70M (Peak 24.70M) | Time:00:00.01 | Mem:0.00M, Peak:0.00M | Scene, ViewLayer | Synchronizing object | Lavabo_2_Caixa
Fra:1 Mem:24.70M (Peak 24.70M) | Time:00:00.01 | Mem:0.00M, Peak:0.00M | Scene, ViewLayer | Synchronizing object | Lavabo_2_Bacia
Fra:1 Mem:24.70M (Peak 24.70M) | Time:00:00.01 | Mem:0.00M, Peak:0.00M | Scene, ViewLayer | Synchronizing object | Lavabo_2_Pia
Fra:1 Mem:24.70M (Peak 24.70M) | Time:00:00.01 | Mem:0.00M, Peak:0.00M | Scene, ViewLayer | Synchronizing object | Lavabo_2_Torneira
Fra:1 Mem:24.71M (Peak 24.71M) | Time:00:00.01 | Mem:0.00M, Peak:0.00M | Scene, ViewLayer | Synchronizing object | Bancada_Base
Fra:1 Mem:24.71M (Peak 24.71M) | Time:00:00.01 | Mem:0.00M, Peak:0.00M | Scene, ViewLayer | Synchronizing object | Bancada_Tampo_Sul
Fra:1 Mem:24.71M (Peak 24.71M) | Time:00:00.01 | Mem:0.00M, Peak:0.00M | Scene, ViewLayer | Synchronizing object | Bancada_Tampo_Norte
Fra:1 Mem:24.71M (Peak 24.71M) | Time:00:00.01 | Mem:0.00M, Peak:0.00M | Scene, ViewLayer | Synchronizing object | Bancada_Pia_Cuba
Fra:1 Mem:24.71M (Peak 24.71M) | Time:00:00.01 | Mem:0.00M, Peak:0.00M | Scene, ViewLayer | Synchronizing object | Bancada_Pia_Coluna_Torneira
Fra:1 Mem:24.72M (Peak 24.72M) | Time:00:00.01 | Mem:0.00M, Peak:0.00M | Scene, ViewLayer | Synchronizing object | Bancada_Pia_Bico_Torneira
Fra:1 Mem:24.72M (Peak 24.72M) | Time:00:00.01 | Mem:0.00M, Peak:0.00M | Scene, ViewLayer | Synchronizing object | Churrasqueira_Corpo
Fra:1 Mem:24.72M (Peak 24.72M) | Time:00:00.01 | Mem:0.00M, Peak:0.00M | Scene, ViewLayer | Synchronizing object | Churrasqueira_Barra_1
Fra:1 Mem:24.73M (Peak 24.73M) | Time:00:00.01 | Mem:0.00M, Peak:0.00M | Scene, ViewLayer | Synchronizing object | Churrasqueira_Barra_2
Fra:1 Mem:24.73M (Peak 24.73M) | Time:00:00.01 | Mem:0.00M, Peak:0.00M | Scene, ViewLayer | Synchronizing object | Churrasqueira_Barra_3
Fra:1 Mem:24.73M (Peak 24.73M) | Time:00:00.01 | Mem:0.00M, Peak:0.00M | Scene, ViewLayer | Synchronizing object | Churrasqueira_Barra_4
Fra:1 Mem:24.74M (Peak 24.74M) | Time:00:00.01 | Mem:0.00M, Peak:0.00M | Scene, ViewLayer | Synchronizing object | Churrasqueira_Barra_6
Fra:1 Mem:24.74M (Peak 24.74M) | Time:00:00.01 | Mem:0.00M, Peak:0.00M | Scene, ViewLayer | Synchronizing object | Churrasqueira_Brasa
Fra:1 Mem:24.74M (Peak 24.74M) | Time:00:00.01 | Mem:0.00M, Peak:0.00M | Scene, ViewLayer | Synchronizing object | Churrasqueira_Chamine
Fra:1 Mem:24.74M (Peak 24.74M) | Time:00:00.01 | Mem:0.00M, Peak:0.00M | Scene, ViewLayer | Synchronizing object | Terca_Ala_Xm225
Fra:1 Mem:24.75M (Peak 24.75M) | Time:00:00.01 | Mem:0.00M, Peak:0.00M | Scene, ViewLayer | Synchronizing object | Mesa_Tampo
Fra:1 Mem:24.75M (Peak 24.75M) | Time:00:00.01 | Mem:0.00M, Peak:0.00M | Scene, ViewLayer | Synchronizing object | Mesa_Pe_-1_-1
Fra:1 Mem:24.75M (Peak 24.75M) | Time:00:00.01 | Mem:0.00M, Peak:0.00M | Scene, ViewLayer | Synchronizing object | Mesa_Pe_-1_1
Fra:1 Mem:24.76M (Peak 24.76M) | Time:00:00.01 | Mem:0.00M, Peak:0.00M | Scene, ViewLayer | Synchronizing object | Mesa_Pe_1_-1
Fra:1 Mem:24.76M (Peak 24.76M) | Time:00:00.01 | Mem:0.00M, Peak:0.00M | Scene, ViewLayer | Synchronizing object | Mesa_Pe_1_1
Fra:1 Mem:24.76M (Peak 24.76M) | Time:00:00.01 | Mem:0.00M, Peak:0.00M | Scene, ViewLayer | Synchronizing object | Banco_Oeste_Assento
Fra:1 Mem:24.76M (Peak 24.76M) | Time:00:00.01 | Mem:0.00M, Peak:0.00M | Scene, ViewLayer | Synchronizing object | Banco_Oeste_Pe_-1
Fra:1 Mem:24.77M (Peak 24.77M) | Time:00:00.01 | Mem:0.00M, Peak:0.00M | Scene, ViewLayer | Synchronizing object | Banco_Oeste_Pe_1
Fra:1 Mem:24.77M (Peak 24.77M) | Time:00:00.01 | Mem:0.00M, Peak:0.00M | Scene, ViewLayer | Synchronizing object | Banco_Leste_Pe_-1
Fra:1 Mem:24.78M (Peak 24.78M) | Time:00:00.01 | Mem:0.00M, Peak:0.00M | Scene, ViewLayer | Synchronizing object | Banco_Leste_Pe_1
Fra:1 Mem:24.78M (Peak 24.78M) | Time:00:00.01 | Mem:0.00M, Peak:0.00M | Scene, ViewLayer | Synchronizing object | Parede_Sul_1_2
Fra:1 Mem:24.78M (Peak 24.78M) | Time:00:00.01 | Mem:0.00M, Peak:0.00M | Scene, ViewLayer | Synchronizing object | Parede_Leste_2_3
Fra:1 Mem:24.78M (Peak 24.78M) | Time:00:00.01 | Mem:0.00M, Peak:0.00M | Scene, ViewLayer | Synchronizing object | Parede_Leste_3_4
Fra:1 Mem:24.78M (Peak 24.78M) | Time:00:00.01 | Mem:0.00M, Peak:0.00M | Scene, ViewLayer | Synchronizing object | Parede_Leste_4_5
Fra:1 Mem:24.78M (Peak 24.78M) | Time:00:00.02 | Mem:0.00M, Peak:0.00M | Scene, ViewLayer | Synchronizing object | Sala_Tapete
Fra:1 Mem:24.78M (Peak 24.78M) | Time:00:00.02 | Mem:0.00M, Peak:0.00M | Scene, ViewLayer | Synchronizing object | Sofa_Sul_Assento
Fra:1 Mem:24.78M (Peak 24.78M) | Time:00:00.02 | Mem:0.00M, Peak:0.00M | Scene, ViewLayer | Synchronizing object | Sofa_Sul_Braco_-1
Fra:1 Mem:24.79M (Peak 24.79M) | Time:00:00.02 | Mem:0.00M, Peak:0.00M | Scene, ViewLayer | Synchronizing object | Sofa_Sul_Braco_1
Fra:1 Mem:24.79M (Peak 24.79M) | Time:00:00.02 | Mem:0.00M, Peak:0.00M | Scene, ViewLayer | Synchronizing object | Sofa_Sul_Pe_0_-1
Fra:1 Mem:24.79M (Peak 24.79M) | Time:00:00.02 | Mem:0.00M, Peak:0.00M | Scene, ViewLayer | Synchronizing object | Sofa_Sul_Pe_1_-1
Fra:1 Mem:24.79M (Peak 24.79M) | Time:00:00.02 | Mem:0.00M, Peak:0.00M | Scene, ViewLayer | Synchronizing object | Sofa_Norte_Assento
Fra:1 Mem:24.79M (Peak 24.79M) | Time:00:00.02 | Mem:0.00M, Peak:0.00M | Scene, ViewLayer | Synchronizing object | Sofa_Norte_Encosto
Fra:1 Mem:24.79M (Peak 24.79M) | Time:00:00.02 | Mem:0.00M, Peak:0.00M | Scene, ViewLayer | Synchronizing object | Sofa_Norte_Braco_-1
Fra:1 Mem:24.80M (Peak 24.80M) | Time:00:00.02 | Mem:0.00M, Peak:0.00M | Scene, ViewLayer | Synchronizing object | Sofa_Norte_Braco_1
Fra:1 Mem:24.80M (Peak 24.80M) | Time:00:00.02 | Mem:0.00M, Peak:0.00M | Scene, ViewLayer | Synchronizing object | Sofa_Norte_Pe_0_-1
Fra:1 Mem:24.80M (Peak 24.80M) | Time:00:00.02 | Mem:0.00M, Peak:0.00M | Scene, ViewLayer | Synchronizing object | Sofa_Norte_Pe_0_1
Fra:1 Mem:24.80M (Peak 24.80M) | Time:00:00.02 | Mem:0.00M, Peak:0.00M | Scene, ViewLayer | Synchronizing object | Sofa_Norte_Pe_1_-1
Fra:1 Mem:24.81M (Peak 24.81M) | Time:00:00.02 | Mem:0.00M, Peak:0.00M | Scene, ViewLayer | Synchronizing object | Sofa_Norte_Pe_1_1
Fra:1 Mem:24.81M (Peak 24.81M) | Time:00:00.02 | Mem:0.00M, Peak:0.00M | Scene, ViewLayer | Synchronizing object | Terca_Central_X2
Fra:1 Mem:24.81M (Peak 24.81M) | Time:00:00.02 | Mem:0.00M, Peak:0.00M | Scene, ViewLayer | Synchronizing object | Mesa_Centro_Tampo
Fra:1 Mem:24.81M (Peak 24.81M) | Time:00:00.02 | Mem:0.00M, Peak:0.00M | Scene, ViewLayer | Synchronizing object | Mesa_Centro_Pe_-1_-1
Fra:1 Mem:24.81M (Peak 24.81M) | Time:00:00.02 | Mem:0.00M, Peak:0.00M | Scene, ViewLayer | Synchronizing object | Mesa_Centro_Pe_-1_1
Fra:1 Mem:24.81M (Peak 24.81M) | Time:00:00.02 | Mem:0.00M, Peak:0.00M | Scene, ViewLayer | Synchronizing object | Mesa_Centro_Pe_1_-1
Fra:1 Mem:24.82M (Peak 24.82M) | Time:00:00.02 | Mem:0.00M, Peak:0.00M | Scene, ViewLayer | Synchronizing object | Mesa_Centro_Pe_1_1
Fra:1 Mem:24.82M (Peak 24.82M) | Time:00:00.02 | Mem:0.00M, Peak:0.00M | Scene, ViewLayer | Synchronizing object | MesaBar_1_Tampo
Fra:1 Mem:24.82M (Peak 24.82M) | Time:00:00.02 | Mem:0.00M, Peak:0.00M | Scene, ViewLayer | Synchronizing object | MesaBar_1_Coluna
Fra:1 Mem:24.82M (Peak 24.82M) | Time:00:00.02 | Mem:0.00M, Peak:0.00M | Scene, ViewLayer | Synchronizing object | MesaBar_1_Banqueta_1_Assento
Fra:1 Mem:24.82M (Peak 24.82M) | Time:00:00.02 | Mem:0.00M, Peak:0.00M | Scene, ViewLayer | Synchronizing object | MesaBar_1_Banqueta_1_Coluna
Fra:1 Mem:24.83M (Peak 24.83M) | Time:00:00.02 | Mem:0.00M, Peak:0.00M | Scene, ViewLayer | Synchronizing object | MesaBar_1_Banqueta_1_Base
Fra:1 Mem:24.83M (Peak 24.83M) | Time:00:00.02 | Mem:0.00M, Peak:0.00M | Scene, ViewLayer | Synchronizing object | MesaBar_1_Banqueta_2_Assento
Fra:1 Mem:24.83M (Peak 24.83M) | Time:00:00.02 | Mem:0.00M, Peak:0.00M | Scene, ViewLayer | Synchronizing object | MesaBar_1_Banqueta_2_Coluna
Fra:1 Mem:24.83M (Peak 24.83M) | Time:00:00.02 | Mem:0.00M, Peak:0.00M | Scene, ViewLayer | Synchronizing object | MesaBar_1_Banqueta_2_Base
Fra:1 Mem:24.83M (Peak 24.83M) | Time:00:00.02 | Mem:0.00M, Peak:0.00M | Scene, ViewLayer | Synchronizing object | MesaBar_2_Tampo
Fra:1 Mem:24.84M (Peak 24.84M) | Time:00:00.02 | Mem:0.00M, Peak:0.00M | Scene, ViewLayer | Synchronizing object | MesaBar_2_Coluna
Fra:1 Mem:24.84M (Peak 24.84M) | Time:00:00.02 | Mem:0.00M, Peak:0.00M | Scene, ViewLayer | Synchronizing object | MesaBar_2_Base
Fra:1 Mem:24.84M (Peak 24.84M) | Time:00:00.02 | Mem:0.00M, Peak:0.00M | Scene, ViewLayer | Synchronizing object | MesaBar_2_Banqueta_1_Assento
Fra:1 Mem:24.85M (Peak 24.85M) | Time:00:00.02 | Mem:0.00M, Peak:0.00M | Scene, ViewLayer | Synchronizing object | MesaBar_2_Banqueta_1_Coluna
Fra:1 Mem:24.85M (Peak 24.85M) | Time:00:00.02 | Mem:0.00M, Peak:0.00M | Scene, ViewLayer | Synchronizing object | MesaBar_2_Banqueta_1_Base
Fra:1 Mem:24.85M (Peak 24.85M) | Time:00:00.02 | Mem:0.00M, Peak:0.00M | Scene, ViewLayer | Synchronizing object | MesaBar_2_Banqueta_2_Assento
Fra:1 Mem:24.85M (Peak 24.85M) | Time:00:00.02 | Mem:0.00M, Peak:0.00M | Scene, ViewLayer | Synchronizing object | MesaBar_2_Banqueta_2_Coluna
Fra:1 Mem:24.86M (Peak 24.86M) | Time:00:00.02 | Mem:0.00M, Peak:0.00M | Scene, ViewLayer | Synchronizing object | Geladeira_Corpo
Fra:1 Mem:24.87M (Peak 24.87M) | Time:00:00.02 | Mem:0.00M, Peak:0.00M | Scene, ViewLayer | Synchronizing object | Geladeira_Linha_Divisoria
Fra:1 Mem:24.87M (Peak 24.87M) | Time:00:00.02 | Mem:0.00M, Peak:0.00M | Scene, ViewLayer | Synchronizing object | Geladeira_Puxador_1
Fra:1 Mem:24.87M (Peak 24.87M) | Time:00:00.02 | Mem:0.00M, Peak:0.00M | Scene, ViewLayer | Synchronizing object | Geladeira_Puxador_2
Fra:1 Mem:24.87M (Peak 24.87M) | Time:00:00.02 | Mem:0.00M, Peak:0.00M | Scene, ViewLayer | Synchronizing object | Fogao_Corpo
Fra:1 Mem:24.88M (Peak 24.88M) | Time:00:00.02 | Mem:0.00M, Peak:0.00M | Scene, ViewLayer | Synchronizing object | Fogao_Cooktop
Fra:1 Mem:24.88M (Peak 24.88M) | Time:00:00.02 | Mem:0.00M, Peak:0.00M | Scene, ViewLayer | Synchronizing object | Fogao_Boca_0_0
Fra:1 Mem:24.89M (Peak 24.89M) | Time:00:00.02 | Mem:0.00M, Peak:0.00M | Scene, ViewLayer | Synchronizing object | Fogao_Boca_0_1
Fra:1 Mem:24.89M (Peak 24.89M) | Time:00:00.02 | Mem:0.00M, Peak:0.00M | Scene, ViewLayer | Synchronizing object | Fogao_Boca_1_0
Fra:1 Mem:24.90M (Peak 24.90M) | Time:00:00.02 | Mem:0.00M, Peak:0.00M | Scene, ViewLayer | Synchronizing object | Fogao_Boca_1_1
Fra:1 Mem:24.90M (Peak 24.90M) | Time:00:00.02 | Mem:0.00M, Peak:0.00M | Scene, ViewLayer | Synchronizing object | Fogao_Forno_Porta
Fra:1 Mem:24.90M (Peak 24.90M) | Time:00:00.02 | Mem:0.00M, Peak:0.00M | Scene, ViewLayer | Synchronizing object | TV_Suporte
Fra:1 Mem:24.91M (Peak 24.91M) | Time:00:00.02 | Mem:0.00M, Peak:0.00M | Scene, ViewLayer | Synchronizing object | TV_Moldura
Fra:1 Mem:24.91M (Peak 24.91M) | Time:00:00.02 | Mem:0.00M, Peak:0.00M | Scene, ViewLayer | Synchronizing object | Montante_P2
Fra:1 Mem:24.92M (Peak 24.92M) | Time:00:00.02 | Mem:0.00M, Peak:0.00M | Scene, ViewLayer | Synchronizing object | Montante_P3
Fra:1 Mem:24.92M (Peak 24.92M) | Time:00:00.02 | Mem:0.00M, Peak:0.00M | Scene, ViewLayer | Synchronizing object | Montante_P4
Fra:1 Mem:24.93M (Peak 24.93M) | Time:00:00.02 | Mem:0.00M, Peak:0.00M | Scene, ViewLayer | Synchronizing object | Montante_P5
Fra:1 Mem:24.94M (Peak 24.94M) | Time:00:00.02 | Mem:0.00M, Peak:0.00M | Scene, ViewLayer | Synchronizing object | Viga_Transv_Y4
Fra:1 Mem:24.94M (Peak 24.94M) | Time:00:00.02 | Mem:0.00M, Peak:0.00M | Scene, ViewLayer | Synchronizing object | Viga_Transv_P9_P4
Fra:1 Mem:24.95M (Peak 24.95M) | Time:00:00.02 | Mem:0.00M, Peak:0.00M | Scene, ViewLayer | Synchronizing object | Viga_Transv_Y12
Fra:1 Mem:24.95M (Peak 24.95M) | Time:00:00.02 | Mem:0.00M, Peak:0.00M | Scene, ViewLayer | Synchronizing object | Viga_Transv_Ala_Y9_5
Fra:1 Mem:25.01M (Peak 25.01M) | Time:00:00.02 | Mem:0.00M, Peak:0.00M | Scene, ViewLayer | Initializing
Fra:1 Mem:18.85M (Peak 25.01M) | Time:00:00.02 | Mem:0.00M, Peak:0.00M | Scene, ViewLayer | Waiting for render to start
Fra:1 Mem:18.85M (Peak 25.01M) | Time:00:00.02 | Mem:0.00M, Peak:0.00M | Scene, ViewLayer | Loading render kernels (may take a few minutes the first time)
Fra:1 Mem:18.85M (Peak 25.01M) | Time:00:00.02 | Mem:0.00M, Peak:0.00M | Scene, ViewLayer | Updating Scene
Fra:1 Mem:18.85M (Peak 25.01M) | Time:00:00.02 | Mem:0.00M, Peak:0.00M | Scene, ViewLayer | Updating Shaders
Fra:1 Mem:18.95M (Peak 25.01M) | Time:00:00.02 | Mem:0.02M, Peak:0.02M | Scene, ViewLayer | Updating Procedurals
Fra:1 Mem:18.95M (Peak 25.01M) | Time:00:00.02 | Mem:0.02M, Peak:0.02M | Scene, ViewLayer | Updating Background
Fra:1 Mem:18.95M (Peak 25.01M) | Time:00:00.02 | Mem:0.02M, Peak:0.02M | Scene, ViewLayer | Updating Camera
Fra:1 Mem:18.95M (Peak 25.01M) | Time:00:00.02 | Mem:0.02M, Peak:0.02M | Scene, ViewLayer | Updating Meshes Flags
Fra:1 Mem:18.95M (Peak 25.01M) | Time:00:00.02 | Mem:0.02M, Peak:0.02M | Scene, ViewLayer | Updating Objects
Fra:1 Mem:18.95M (Peak 25.01M) | Time:00:00.02 | Mem:0.02M, Peak:0.02M | Scene, ViewLayer | Updating Objects | Copying Transformations to device
Fra:1 Mem:18.99M (Peak 25.01M) | Time:00:00.02 | Mem:0.06M, Peak:0.06M | Scene, ViewLayer | Updating Objects | Applying Static Transformations
Fra:1 Mem:18.99M (Peak 25.01M) | Time:00:00.02 | Mem:0.06M, Peak:0.06M | Scene, ViewLayer | Updating Particle Systems
Fra:1 Mem:18.99M (Peak 25.01M) | Time:00:00.02 | Mem:0.06M, Peak:0.06M | Scene, ViewLayer | Updating Particle Systems | Copying Particles to device
Fra:1 Mem:18.99M (Peak 25.01M) | Time:00:00.02 | Mem:0.06M, Peak:0.06M | Scene, ViewLayer | Updating Meshes
Fra:1 Mem:19.15M (Peak 25.01M) | Time:00:00.02 | Mem:0.06M, Peak:0.06M | Scene, ViewLayer | Updating Mesh | Computing attributes
Fra:1 Mem:19.25M (Peak 25.01M) | Time:00:00.02 | Mem:0.07M, Peak:0.07M | Scene, ViewLayer | Updating Mesh | Copying Attributes to device
Fra:1 Mem:19.22M (Peak 25.01M) | Time:00:00.03 | Mem:0.13M, Peak:0.13M | Scene, ViewLayer | Updating Scene BVH | Building
Fra:1 Mem:19.22M (Peak 25.01M) | Time:00:00.03 | Mem:0.13M, Peak:0.13M | Scene, ViewLayer | Updating Scene BVH | Building BVH
Fra:1 Mem:19.22M (Peak 25.01M) | Time:00:00.03 | Mem:0.45M, Peak:0.45M | Scene, ViewLayer | Updating Scene BVH | Building BVH 0%
Fra:1 Mem:19.22M (Peak 25.01M) | Time:00:00.03 | Mem:0.84M, Peak:1.16M | Scene, ViewLayer | Updating Scene BVH | Copying BVH to device
Fra:1 Mem:19.22M (Peak 25.01M) | Time:00:00.03 | Mem:0.84M, Peak:1.16M | Scene, ViewLayer | Updating Mesh | Computing normals
Fra:1 Mem:19.59M (Peak 25.01M) | Time:00:00.03 | Mem:0.84M, Peak:1.16M | Scene, ViewLayer | Updating Mesh | Copying Mesh to device
Fra:1 Mem:19.59M (Peak 25.01M) | Time:00:00.03 | Mem:1.21M, Peak:1.21M | Scene, ViewLayer | Updating Objects Flags
Fra:1 Mem:19.59M (Peak 25.01M) | Time:00:00.03 | Mem:1.21M, Peak:1.21M | Scene, ViewLayer | Updating Primitive Offsets
Fra:1 Mem:19.60M (Peak 25.01M) | Time:00:00.03 | Mem:1.21M, Peak:1.21M | Scene, ViewLayer | Updating Images
Fra:1 Mem:19.60M (Peak 25.01M) | Time:00:00.03 | Mem:1.21M, Peak:1.21M | Scene, ViewLayer | Updating Camera Volume
Fra:1 Mem:19.60M (Peak 25.01M) | Time:00:00.03 | Mem:1.21M, Peak:1.21M | Scene, ViewLayer | Updating Lookup Tables
Fra:1 Mem:19.60M (Peak 25.01M) | Time:00:00.03 | Mem:1.29M, Peak:1.29M | Scene, ViewLayer | Updating Lights
Fra:1 Mem:19.60M (Peak 25.01M) | Time:00:00.03 | Mem:1.29M, Peak:1.29M | Scene, ViewLayer | Updating Lights | Computing distribution
Fra:1 Mem:19.60M (Peak 25.01M) | Time:00:00.03 | Mem:1.29M, Peak:1.29M | Scene, ViewLayer | Updating Lights | Computing tree
Fra:1 Mem:19.60M (Peak 25.01M) | Time:00:00.03 | Mem:1.29M, Peak:1.29M | Scene, ViewLayer | Updating Integrator
Fra:1 Mem:21.60M (Peak 25.01M) | Time:00:00.03 | Mem:3.29M, Peak:3.29M | Scene, ViewLayer | Updating Film
Fra:1 Mem:21.60M (Peak 25.01M) | Time:00:00.03 | Mem:3.21M, Peak:3.29M | Scene, ViewLayer | Updating Lookup Tables
Fra:1 Mem:21.60M (Peak 25.01M) | Time:00:00.03 | Mem:3.30M, Peak:3.30M | Scene, ViewLayer | Updating Baking
Fra:1 Mem:21.60M (Peak 25.01M) | Time:00:00.03 | Mem:3.30M, Peak:3.30M | Scene, ViewLayer | Updating Device | Writing constant memory
Fra:1 Mem:21.61M (Peak 25.01M) | Time:00:00.03 | Mem:3.30M, Peak:3.30M | Scene, ViewLayer | Sample 0/300
Fra:1 Mem:92.85M (Peak 92.85M) | Time:00:01.27 | Remaining:06:11.33 | Mem:74.49M, Peak:74.49M | Scene, ViewLayer | Sample 1/300
Fra:1 Mem:92.85M (Peak 92.85M) | Time:00:37.93 | Remaining:05:06.66 | Mem:74.49M, Peak:74.49M | Scene, ViewLayer | Sample 33/300
Fra:1 Mem:92.85M (Peak 92.85M) | Time:01:20.07 | Remaining:04:49.36 | Mem:74.49M, Peak:74.49M | Scene, ViewLayer | Sample 65/300
Fra:1 Mem:92.85M (Peak 92.85M) | Time:01:34.01 | Remaining:04:18.43 | Mem:74.49M, Peak:74.49M | Scene, ViewLayer | Sample 80/300
Fra:1 Mem:92.85M (Peak 92.85M) | Time:01:34.28 | Remaining:03:20.28 | Mem:74.49M, Peak:74.49M | Scene, ViewLayer | Sample 96/300
Fra:1 Mem:92.85M (Peak 92.85M) | Time:01:34.44 | Remaining:02:38.47 | Mem:74.49M, Peak:74.49M | Scene, ViewLayer | Sample 112/300
Fra:1 Mem:92.85M (Peak 92.85M) | Time:01:34.55 | Remaining:02:07.01 | Mem:74.49M, Peak:74.49M | Scene, ViewLayer | Sample 128/300
Fra:1 Mem:92.85M (Peak 92.85M) | Time:01:34.65 | Remaining:01:42.50 | Mem:74.49M, Peak:74.49M | Scene, ViewLayer | Sample 144/300
Fra:1 Mem:92.85M (Peak 92.85M) | Time:01:34.74 | Remaining:01:22.86 | Mem:74.49M, Peak:74.49M | Scene, ViewLayer | Sample 160/300
Fra:1 Mem:92.85M (Peak 92.85M) | Time:01:34.82 | Remaining:01:06.78 | Mem:74.49M, Peak:74.49M | Scene, ViewLayer | Sample 176/300
Fra:1 Mem:92.85M (Peak 92.85M) | Time:01:34.89 | Remaining:00:53.35 | Mem:74.49M, Peak:74.49M | Scene, ViewLayer | Sample 192/300
Fra:1 Mem:92.85M (Peak 92.85M) | Time:01:34.97 | Remaining:00:41.99 | Mem:74.49M, Peak:74.49M | Scene, ViewLayer | Sample 208/300
Fra:1 Mem:92.85M (Peak 92.85M) | Time:01:35.04 | Remaining:00:32.23 | Mem:74.49M, Peak:74.49M | Scene, ViewLayer | Sample 224/300
Fra:1 Mem:92.85M (Peak 92.85M) | Time:01:35.11 | Remaining:00:23.76 | Mem:74.49M, Peak:74.49M | Scene, ViewLayer | Sample 240/300
Fra:1 Mem:92.85M (Peak 92.85M) | Time:01:35.18 | Remaining:00:16.35 | Mem:74.49M, Peak:74.49M | Scene, ViewLayer | Sample 256/300
Fra:1 Mem:92.85M (Peak 92.85M) | Time:01:35.25 | Remaining:00:09.80 | Mem:74.49M, Peak:74.49M | Scene, ViewLayer | Sample 272/300
Fra:1 Mem:124.49M (Peak 187.77M) | Time:01:35.41 | Remaining:00:09.81 | Mem:74.49M, Peak:74.49M | Scene, ViewLayer | Sample 0/300
Fra:1 Mem:124.49M (Peak 187.77M) | Time:01:35.41 | Remaining:00:09.81 | Mem:74.49M, Peak:74.49M | Scene, ViewLayer | Finished
Saved: '/home/fac/piscina/V3/renders/projeto_render_18h.png'
Time: 01:35.71 (Saving: 00:00.27)

Fra:1 Mem:24.54M (Peak 24.54M) | Time:00:00.01 | Mem:0.00M, Peak:0.00M | Scene, ViewLayer | Synchronizing object | Pedestal_Concreto_1
Fra:1 Mem:24.54M (Peak 24.54M) | Time:00:00.01 | Mem:0.00M, Peak:0.00M | Scene, ViewLayer | Synchronizing object | Pedestal_Concreto_4
Fra:1 Mem:24.54M (Peak 24.54M) | Time:00:00.01 | Mem:0.00M, Peak:0.00M | Scene, ViewLayer | Synchronizing object | Pilar_Eucalipto_4
Fra:1 Mem:24.55M (Peak 24.55M) | Time:00:00.01 | Mem:0.00M, Peak:0.00M | Scene, ViewLayer | Synchronizing object | Pilar_Eucalipto_5
Fra:1 Mem:24.55M (Peak 24.55M) | Time:00:00.01 | Mem:0.00M, Peak:0.00M | Scene, ViewLayer | Synchronizing object | Pilar_Eucalipto_7
Fra:1 Mem:24.56M (Peak 24.56M) | Time:00:00.01 | Mem:0.00M, Peak:0.00M | Scene, ViewLayer | Synchronizing object | Pedestal_Concreto_9
Fra:1 Mem:24.57M (Peak 24.57M) | Time:00:00.01 | Mem:0.00M, Peak:0.00M | Scene, ViewLayer | Synchronizing object | Pilar_Eucalipto_9
Fra:1 Mem:24.58M (Peak 24.58M) | Time:00:00.01 | Mem:0.00M, Peak:0.00M | Scene, ViewLayer | Synchronizing object | Pilar_Eucalipto_10
Fra:1 Mem:24.59M (Peak 24.59M) | Time:00:00.01 | Mem:0.00M, Peak:0.00M | Scene, ViewLayer | Synchronizing object | Telhado_Zinco_L
Fra:1 Mem:24.60M (Peak 24.60M) | Time:00:00.01 | Mem:0.00M, Peak:0.00M | Scene, ViewLayer | Synchronizing object | Piscina_Esmeralda_Casca
Fra:1 Mem:24.60M (Peak 24.60M) | Time:00:00.01 | Mem:0.00M, Peak:0.00M | Scene, ViewLayer | Synchronizing object | Piscina_Esmeralda_Agua
Fra:1 Mem:24.60M (Peak 24.60M) | Time:00:00.01 | Mem:0.00M, Peak:0.00M | Scene, ViewLayer | Synchronizing object | Banheiro_Parede_Oeste_1_a
Fra:1 Mem:24.61M (Peak 24.61M) | Time:00:00.01 | Mem:0.00M, Peak:0.00M | Scene, ViewLayer | Synchronizing object | Banheiro_Parede_Oeste_1_b
Fra:1 Mem:24.62M (Peak 24.62M) | Time:00:00.01 | Mem:0.00M, Peak:0.00M | Scene, ViewLayer | Synchronizing object | Banheiro_Parede_Oeste_2_a
Fra:1 Mem:24.62M (Peak 24.62M) | Time:00:00.01 | Mem:0.00M, Peak:0.00M | Scene, ViewLayer | Synchronizing object | Banheiro_Parede_Oeste_2_Porta
Fra:1 Mem:24.63M (Peak 24.63M) | Time:00:00.01 | Mem:0.00M, Peak:0.00M | Scene, ViewLayer | Synchronizing object | Banheiro_Parede_Leste_1_a
Fra:1 Mem:24.64M (Peak 24.64M) | Time:00:00.01 | Mem:0.00M, Peak:0.00M | Scene, ViewLayer | Synchronizing object | Banheiro_Parede_Leste_1_b
Fra:1 Mem:24.64M (Peak 24.64M) | Time:00:00.01 | Mem:0.00M, Peak:0.00M | Scene, ViewLayer | Synchronizing object | Banheiro_Parede_Leste_1_Porta
Fra:1 Mem:24.64M (Peak 24.64M) | Time:00:00.01 | Mem:0.00M, Peak:0.00M | Scene, ViewLayer | Synchronizing object | Banheiro_Parede_Leste_2_a
Fra:1 Mem:24.65M (Peak 24.65M) | Time:00:00.01 | Mem:0.00M, Peak:0.00M | Scene, ViewLayer | Synchronizing object | Banheiro_Parede_Leste_2_b
Fra:1 Mem:24.65M (Peak 24.65M) | Time:00:00.01 | Mem:0.00M, Peak:0.00M | Scene, ViewLayer | Synchronizing object | Banheiro_Parede_Leste_2_Porta
Fra:1 Mem:24.65M (Peak 24.65M) | Time:00:00.01 | Mem:0.00M, Peak:0.00M | Scene, ViewLayer | Synchronizing object | Banheiro_Parede_Sul
Fra:1 Mem:24.66M (Peak 24.66M) | Time:00:00.01 | Mem:0.00M, Peak:0.00M | Scene, ViewLayer | Synchronizing object | Banheiro_Parede_Central
Fra:1 Mem:24.67M (Peak 24.67M) | Time:00:00.01 | Mem:0.00M, Peak:0.00M | Scene, ViewLayer | Synchronizing object | Banheiro_Particao_Ducha
Fra:1 Mem:24.66M (Peak 24.67M) | Time:00:00.01 | Mem:0.00M, Peak:0.00M | Scene, ViewLayer | Synchronizing object | Banheiro_Particao_Lavabo
Fra:1 Mem:24.66M (Peak 24.67M) | Time:00:00.01 | Mem:0.00M, Peak:0.00M | Scene, ViewLayer | Synchronizing object | Banheiro_Piso
Fra:1 Mem:24.66M (Peak 24.67M) | Time:00:00.01 | Mem:0.00M, Peak:0.00M | Scene, ViewLayer | Synchronizing object | Ducha_1_Coluna
Fra:1 Mem:24.66M (Peak 24.67M) | Time:00:00.01 | Mem:0.00M, Peak:0.00M | Scene, ViewLayer | Synchronizing object | Ducha_1_Registro
Fra:1 Mem:24.67M (Peak 24.67M) | Time:00:00.01 | Mem:0.00M, Peak:0.00M | Scene, ViewLayer | Synchronizing object | Ducha_2_Base
Fra:1 Mem:24.67M (Peak 24.67M) | Time:00:00.01 | Mem:0.00M, Peak:0.00M | Scene, ViewLayer | Synchronizing object | Ducha_2_Coluna
Fra:1 Mem:24.67M (Peak 24.67M) | Time:00:00.01 | Mem:0.00M, Peak:0.00M | Scene, ViewLayer | Synchronizing object | Ducha_2_Eletrico
Fra:1 Mem:24.68M (Peak 24.68M) | Time:00:00.01 | Mem:0.00M, Peak:0.00M | Scene, ViewLayer | Synchronizing object | Lavabo_1_Caixa
Fra:1 Mem:24.68M (Peak 24.68M) | Time:00:00.01 | Mem:0.00M, Peak:0.00M | Scene, ViewLayer | Synchronizing object | Lavabo_1_Bacia
Fra:1 Mem:24.69M (Peak 24.69M) | Time:00:00.01 | Mem:0.00M, Peak:0.00M | Scene, ViewLayer | Synchronizing object | Lavabo_1_Assento
Fra:1 Mem:24.70M (Peak 24.70M) | Time:00:00.01 | Mem:0.00M, Peak:0.00M | Scene, ViewLayer | Synchronizing object | Lavabo_1_Pia
Fra:1 Mem:24.70M (Peak 24.70M) | Time:00:00.01 | Mem:0.00M, Peak:0.00M | Scene, ViewLayer | Synchronizing object | Lavabo_1_Torneira
Fra:1 Mem:24.70M (Peak 24.70M) | Time:00:00.01 | Mem:0.00M, Peak:0.00M | Scene, ViewLayer | Synchronizing object | Lavabo_2_Caixa
Fra:1 Mem:24.71M (Peak 24.71M) | Time:00:00.01 | Mem:0.00M, Peak:0.00M | Scene, ViewLayer | Synchronizing object | Lavabo_2_Bacia
Fra:1 Mem:24.71M (Peak 24.71M) | Time:00:00.01 | Mem:0.00M, Peak:0.00M | Scene, ViewLayer | Synchronizing object | Lavabo_2_Assento
Fra:1 Mem:24.71M (Peak 24.71M) | Time:00:00.01 | Mem:0.00M, Peak:0.00M | Scene, ViewLayer | Synchronizing object | Terreno_V3
Fra:1 Mem:24.71M (Peak 24.71M) | Time:00:00.01 | Mem:0.00M, Peak:0.00M | Scene, ViewLayer | Synchronizing object | Lavabo_2_Torneira
Fra:1 Mem:24.72M (Peak 24.72M) | Time:00:00.01 | Mem:0.00M, Peak:0.00M | Scene, ViewLayer | Synchronizing object | Terca_Ala_Xm225
Fra:1 Mem:24.72M (Peak 24.72M) | Time:00:00.01 | Mem:0.00M, Peak:0.00M | Scene, ViewLayer | Synchronizing object | Bancada_Base
Fra:1 Mem:24.72M (Peak 24.72M) | Time:00:00.01 | Mem:0.00M, Peak:0.00M | Scene, ViewLayer | Synchronizing object | Bancada_Tampo_Norte
Fra:1 Mem:24.72M (Peak 24.72M) | Time:00:00.01 | Mem:0.00M, Peak:0.00M | Scene, ViewLayer | Synchronizing object | Bancada_Pia_Cuba
Fra:1 Mem:24.72M (Peak 24.72M) | Time:00:00.01 | Mem:0.00M, Peak:0.00M | Scene, ViewLayer | Synchronizing object | Bancada_Pia_Coluna_Torneira
Fra:1 Mem:24.72M (Peak 24.72M) | Time:00:00.01 | Mem:0.00M, Peak:0.00M | Scene, ViewLayer | Synchronizing object | Bancada_Pia_Bico_Torneira
Fra:1 Mem:24.73M (Peak 24.73M) | Time:00:00.01 | Mem:0.00M, Peak:0.00M | Scene, ViewLayer | Synchronizing object | Churrasqueira_Corpo
Fra:1 Mem:24.73M (Peak 24.73M) | Time:00:00.01 | Mem:0.00M, Peak:0.00M | Scene, ViewLayer | Synchronizing object | Churrasqueira_Barra_1
Fra:1 Mem:24.73M (Peak 24.73M) | Time:00:00.01 | Mem:0.00M, Peak:0.00M | Scene, ViewLayer | Synchronizing object | Churrasqueira_Barra_2
Fra:1 Mem:24.73M (Peak 24.73M) | Time:00:00.01 | Mem:0.00M, Peak:0.00M | Scene, ViewLayer | Synchronizing object | Churrasqueira_Barra_4
Fra:1 Mem:24.74M (Peak 24.74M) | Time:00:00.01 | Mem:0.00M, Peak:0.00M | Scene, ViewLayer | Synchronizing object | Churrasqueira_Barra_5
Fra:1 Mem:24.75M (Peak 24.75M) | Time:00:00.01 | Mem:0.00M, Peak:0.00M | Scene, ViewLayer | Synchronizing object | Churrasqueira_Barra_6
Fra:1 Mem:24.75M (Peak 24.75M) | Time:00:00.01 | Mem:0.00M, Peak:0.00M | Scene, ViewLayer | Synchronizing object | Churrasqueira_Brasa
Fra:1 Mem:24.75M (Peak 24.75M) | Time:00:00.01 | Mem:0.00M, Peak:0.00M | Scene, ViewLayer | Synchronizing object | Churrasqueira_Chamine
Fra:1 Mem:24.76M (Peak 24.76M) | Time:00:00.01 | Mem:0.00M, Peak:0.00M | Scene, ViewLayer | Synchronizing object | Mesa_Pe_-1_-1
Fra:1 Mem:24.76M (Peak 24.76M) | Time:00:00.01 | Mem:0.00M, Peak:0.00M | Scene, ViewLayer | Synchronizing object | Mesa_Pe_-1_1
Fra:1 Mem:24.76M (Peak 24.76M) | Time:00:00.01 | Mem:0.00M, Peak:0.00M | Scene, ViewLayer | Synchronizing object | Terca_Leste_X4
Fra:1 Mem:24.76M (Peak 24.76M) | Time:00:00.01 | Mem:0.00M, Peak:0.00M | Scene, ViewLayer | Synchronizing object | Mesa_Pe_1_-1
Fra:1 Mem:24.76M (Peak 24.76M) | Time:00:00.01 | Mem:0.00M, Peak:0.00M | Scene, ViewLayer | Synchronizing object | Mesa_Pe_1_1
Fra:1 Mem:24.77M (Peak 24.77M) | Time:00:00.01 | Mem:0.00M, Peak:0.00M | Scene, ViewLayer | Synchronizing object | Banco_Oeste_Assento
Fra:1 Mem:24.77M (Peak 24.77M) | Time:00:00.01 | Mem:0.00M, Peak:0.00M | Scene, ViewLayer | Synchronizing object | Banco_Oeste_Pe_-1
Fra:1 Mem:24.77M (Peak 24.77M) | Time:00:00.01 | Mem:0.00M, Peak:0.00M | Scene, ViewLayer | Synchronizing object | Banco_Oeste_Pe_1
Fra:1 Mem:24.77M (Peak 24.77M) | Time:00:00.01 | Mem:0.00M, Peak:0.00M | Scene, ViewLayer | Synchronizing object | Banco_Leste_Pe_-1
Fra:1 Mem:24.78M (Peak 24.78M) | Time:00:00.01 | Mem:0.00M, Peak:0.00M | Scene, ViewLayer | Synchronizing object | Banco_Leste_Pe_1
Fra:1 Mem:24.78M (Peak 24.78M) | Time:00:00.01 | Mem:0.00M, Peak:0.00M | Scene, ViewLayer | Synchronizing object | Parede_Sul_1_2
Fra:1 Mem:24.78M (Peak 24.78M) | Time:00:00.01 | Mem:0.00M, Peak:0.00M | Scene, ViewLayer | Synchronizing object | Parede_Leste_2_3
Fra:1 Mem:24.78M (Peak 24.78M) | Time:00:00.01 | Mem:0.00M, Peak:0.00M | Scene, ViewLayer | Synchronizing object | Parede_Leste_4_5
Fra:1 Mem:24.78M (Peak 24.78M) | Time:00:00.02 | Mem:0.00M, Peak:0.00M | Scene, ViewLayer | Synchronizing object | Sala_Tapete
Fra:1 Mem:24.78M (Peak 24.78M) | Time:00:00.02 | Mem:0.00M, Peak:0.00M | Scene, ViewLayer | Synchronizing object | Sofa_Sul_Encosto
Fra:1 Mem:24.78M (Peak 24.78M) | Time:00:00.02 | Mem:0.00M, Peak:0.00M | Scene, ViewLayer | Synchronizing object | Sofa_Sul_Braco_-1
Fra:1 Mem:24.79M (Peak 24.79M) | Time:00:00.02 | Mem:0.00M, Peak:0.00M | Scene, ViewLayer | Synchronizing object | Sofa_Sul_Braco_1
Fra:1 Mem:24.79M (Peak 24.79M) | Time:00:00.02 | Mem:0.00M, Peak:0.00M | Scene, ViewLayer | Synchronizing object | Sofa_Sul_Pe_0_-1
Fra:1 Mem:24.79M (Peak 24.79M) | Time:00:00.02 | Mem:0.00M, Peak:0.00M | Scene, ViewLayer | Synchronizing object | Terca_Central_X2
Fra:1 Mem:24.79M (Peak 24.79M) | Time:00:00.02 | Mem:0.00M, Peak:0.00M | Scene, ViewLayer | Synchronizing object | Sofa_Sul_Pe_0_1
Fra:1 Mem:24.80M (Peak 24.80M) | Time:00:00.02 | Mem:0.00M, Peak:0.00M | Scene, ViewLayer | Synchronizing object | Sofa_Sul_Pe_1_-1
Fra:1 Mem:24.80M (Peak 24.80M) | Time:00:00.02 | Mem:0.00M, Peak:0.00M | Scene, ViewLayer | Synchronizing object | Sofa_Sul_Pe_1_1
Fra:1 Mem:24.80M (Peak 24.80M) | Time:00:00.02 | Mem:0.00M, Peak:0.00M | Scene, ViewLayer | Synchronizing object | Sofa_Norte_Assento
Fra:1 Mem:24.80M (Peak 24.80M) | Time:00:00.02 | Mem:0.00M, Peak:0.00M | Scene, ViewLayer | Synchronizing object | Sofa_Norte_Encosto
Fra:1 Mem:24.81M (Peak 24.81M) | Time:00:00.02 | Mem:0.00M, Peak:0.00M | Scene, ViewLayer | Synchronizing object | Sofa_Norte_Braco_-1
Fra:1 Mem:24.81M (Peak 24.81M) | Time:00:00.02 | Mem:0.00M, Peak:0.00M | Scene, ViewLayer | Synchronizing object | Sofa_Norte_Braco_1
Fra:1 Mem:24.81M (Peak 24.81M) | Time:00:00.02 | Mem:0.00M, Peak:0.00M | Scene, ViewLayer | Synchronizing object | Sofa_Norte_Pe_0_-1
Fra:1 Mem:24.81M (Peak 24.81M) | Time:00:00.02 | Mem:0.00M, Peak:0.00M | Scene, ViewLayer | Synchronizing object | Sofa_Norte_Pe_1_-1
Fra:1 Mem:24.81M (Peak 24.81M) | Time:00:00.02 | Mem:0.00M, Peak:0.00M | Scene, ViewLayer | Synchronizing object | Sofa_Norte_Pe_1_1
Fra:1 Mem:24.81M (Peak 24.81M) | Time:00:00.02 | Mem:0.00M, Peak:0.00M | Scene, ViewLayer | Synchronizing object | Mesa_Centro_Tampo
Fra:1 Mem:24.81M (Peak 24.81M) | Time:00:00.02 | Mem:0.00M, Peak:0.00M | Scene, ViewLayer | Synchronizing object | Mesa_Centro_Pe_-1_-1
Fra:1 Mem:24.82M (Peak 24.82M) | Time:00:00.02 | Mem:0.00M, Peak:0.00M | Scene, ViewLayer | Synchronizing object | Mesa_Centro_Pe_-1_1
Fra:1 Mem:24.82M (Peak 24.82M) | Time:00:00.02 | Mem:0.00M, Peak:0.00M | Scene, ViewLayer | Synchronizing object | Mesa_Centro_Pe_1_1
Fra:1 Mem:24.82M (Peak 24.82M) | Time:00:00.02 | Mem:0.00M, Peak:0.00M | Scene, ViewLayer | Synchronizing object | MesaBar_1_Tampo
Fra:1 Mem:24.82M (Peak 24.82M) | Time:00:00.02 | Mem:0.00M, Peak:0.00M | Scene, ViewLayer | Synchronizing object | Terca_Oeste_X0
Fra:1 Mem:24.83M (Peak 24.83M) | Time:00:00.02 | Mem:0.00M, Peak:0.00M | Scene, ViewLayer | Synchronizing object | MesaBar_1_Coluna
Fra:1 Mem:24.83M (Peak 24.83M) | Time:00:00.02 | Mem:0.00M, Peak:0.00M | Scene, ViewLayer | Synchronizing object | Viga_Transv_Ala_Y12
Fra:1 Mem:24.83M (Peak 24.83M) | Time:00:00.02 | Mem:0.00M, Peak:0.00M | Scene, ViewLayer | Synchronizing object | MesaBar_1_Base
Fra:1 Mem:24.83M (Peak 24.83M) | Time:00:00.02 | Mem:0.00M, Peak:0.00M | Scene, ViewLayer | Synchronizing object | MesaBar_1_Banqueta_1_Assento
Fra:1 Mem:24.83M (Peak 24.83M) | Time:00:00.02 | Mem:0.00M, Peak:0.00M | Scene, ViewLayer | Synchronizing object | MesaBar_1_Banqueta_1_Coluna
Fra:1 Mem:24.83M (Peak 24.83M) | Time:00:00.02 | Mem:0.00M, Peak:0.00M | Scene, ViewLayer | Synchronizing object | MesaBar_1_Banqueta_2_Assento
Fra:1 Mem:24.84M (Peak 24.84M) | Time:00:00.02 | Mem:0.00M, Peak:0.00M | Scene, ViewLayer | Synchronizing object | MesaBar_1_Banqueta_2_Coluna
Fra:1 Mem:24.84M (Peak 24.84M) | Time:00:00.02 | Mem:0.00M, Peak:0.00M | Scene, ViewLayer | Synchronizing object | MesaBar_1_Banqueta_2_Base
Fra:1 Mem:24.85M (Peak 24.85M) | Time:00:00.02 | Mem:0.00M, Peak:0.00M | Scene, ViewLayer | Synchronizing object | MesaBar_2_Tampo
Fra:1 Mem:24.85M (Peak 24.85M) | Time:00:00.02 | Mem:0.00M, Peak:0.00M | Scene, ViewLayer | Synchronizing object | MesaBar_2_Base
Fra:1 Mem:24.85M (Peak 24.85M) | Time:00:00.02 | Mem:0.00M, Peak:0.00M | Scene, ViewLayer | Synchronizing object | MesaBar_2_Banqueta_1_Assento
Fra:1 Mem:24.86M (Peak 24.86M) | Time:00:00.02 | Mem:0.00M, Peak:0.00M | Scene, ViewLayer | Synchronizing object | MesaBar_2_Banqueta_1_Coluna
Fra:1 Mem:24.86M (Peak 24.86M) | Time:00:00.02 | Mem:0.00M, Peak:0.00M | Scene, ViewLayer | Synchronizing object | MesaBar_2_Banqueta_1_Base
Fra:1 Mem:24.86M (Peak 24.86M) | Time:00:00.02 | Mem:0.00M, Peak:0.00M | Scene, ViewLayer | Synchronizing object | MesaBar_2_Banqueta_2_Assento
Fra:1 Mem:24.87M (Peak 24.87M) | Time:00:00.02 | Mem:0.00M, Peak:0.00M | Scene, ViewLayer | Synchronizing object | MesaBar_2_Banqueta_2_Coluna
Fra:1 Mem:24.87M (Peak 24.87M) | Time:00:00.02 | Mem:0.00M, Peak:0.00M | Scene, ViewLayer | Synchronizing object | MesaBar_2_Banqueta_2_Base
Fra:1 Mem:24.88M (Peak 24.88M) | Time:00:00.02 | Mem:0.00M, Peak:0.00M | Scene, ViewLayer | Synchronizing object | Viga_Transv_Ala_Y9_5
Fra:1 Mem:24.88M (Peak 24.88M) | Time:00:00.02 | Mem:0.00M, Peak:0.00M | Scene, ViewLayer | Synchronizing object | Geladeira_Corpo
Fra:1 Mem:24.89M (Peak 24.89M) | Time:00:00.02 | Mem:0.00M, Peak:0.00M | Scene, ViewLayer | Synchronizing object | Geladeira_Linha_Divisoria
Fra:1 Mem:24.89M (Peak 24.89M) | Time:00:00.02 | Mem:0.00M, Peak:0.00M | Scene, ViewLayer | Synchronizing object | Geladeira_Puxador_1
Fra:1 Mem:24.89M (Peak 24.89M) | Time:00:00.02 | Mem:0.00M, Peak:0.00M | Scene, ViewLayer | Synchronizing object | Geladeira_Puxador_2
Fra:1 Mem:24.89M (Peak 24.89M) | Time:00:00.02 | Mem:0.00M, Peak:0.00M | Scene, ViewLayer | Synchronizing object | Fogao_Corpo
Fra:1 Mem:24.90M (Peak 24.90M) | Time:00:00.02 | Mem:0.00M, Peak:0.00M | Scene, ViewLayer | Synchronizing object | Fogao_Boca_0_1
Fra:1 Mem:24.90M (Peak 24.90M) | Time:00:00.02 | Mem:0.00M, Peak:0.00M | Scene, ViewLayer | Synchronizing object | Fogao_Boca_1_0
Fra:1 Mem:24.91M (Peak 24.91M) | Time:00:00.02 | Mem:0.00M, Peak:0.00M | Scene, ViewLayer | Synchronizing object | Fogao_Boca_1_1
Fra:1 Mem:24.91M (Peak 24.91M) | Time:00:00.02 | Mem:0.00M, Peak:0.00M | Scene, ViewLayer | Synchronizing object | Fogao_Forno_Porta
Fra:1 Mem:24.91M (Peak 24.91M) | Time:00:00.02 | Mem:0.00M, Peak:0.00M | Scene, ViewLayer | Synchronizing object | TV_Suporte
Fra:1 Mem:24.92M (Peak 24.92M) | Time:00:00.02 | Mem:0.00M, Peak:0.00M | Scene, ViewLayer | Synchronizing object | TV_Moldura
Fra:1 Mem:24.92M (Peak 24.92M) | Time:00:00.02 | Mem:0.00M, Peak:0.00M | Scene, ViewLayer | Synchronizing object | TV_Tela
Fra:1 Mem:24.92M (Peak 24.92M) | Time:00:00.02 | Mem:0.00M, Peak:0.00M | Scene, ViewLayer | Synchronizing object | Montante_P3
Fra:1 Mem:24.93M (Peak 24.93M) | Time:00:00.02 | Mem:0.00M, Peak:0.00M | Scene, ViewLayer | Synchronizing object | Montante_P4
Fra:1 Mem:24.93M (Peak 24.93M) | Time:00:00.02 | Mem:0.00M, Peak:0.00M | Scene, ViewLayer | Synchronizing object | Montante_P5
Fra:1 Mem:24.94M (Peak 24.94M) | Time:00:00.02 | Mem:0.00M, Peak:0.00M | Scene, ViewLayer | Synchronizing object | Viga_Transv_Y0
Fra:1 Mem:24.94M (Peak 24.94M) | Time:00:00.02 | Mem:0.00M, Peak:0.00M | Scene, ViewLayer | Synchronizing object | Viga_Transv_Y4
Fra:1 Mem:24.95M (Peak 24.95M) | Time:00:00.02 | Mem:0.00M, Peak:0.00M | Scene, ViewLayer | Synchronizing object | Viga_Transv_Y12
Fra:1 Mem:25.01M (Peak 25.01M) | Time:00:00.02 | Mem:0.00M, Peak:0.00M | Scene, ViewLayer | Initializing
Fra:1 Mem:18.85M (Peak 25.01M) | Time:00:00.02 | Mem:0.00M, Peak:0.00M | Scene, ViewLayer | Waiting for render to start
Fra:1 Mem:18.85M (Peak 25.01M) | Time:00:00.02 | Mem:0.00M, Peak:0.00M | Scene, ViewLayer | Loading render kernels (may take a few minutes the first time)
Fra:1 Mem:18.85M (Peak 25.01M) | Time:00:00.02 | Mem:0.00M, Peak:0.00M | Scene, ViewLayer | Updating Scene
Fra:1 Mem:18.85M (Peak 25.01M) | Time:00:00.02 | Mem:0.00M, Peak:0.00M | Scene, ViewLayer | Updating Shaders
Fra:1 Mem:18.95M (Peak 25.01M) | Time:00:00.02 | Mem:0.02M, Peak:0.02M | Scene, ViewLayer | Updating Procedurals
Fra:1 Mem:18.95M (Peak 25.01M) | Time:00:00.02 | Mem:0.02M, Peak:0.02M | Scene, ViewLayer | Updating Background
Fra:1 Mem:18.95M (Peak 25.01M) | Time:00:00.02 | Mem:0.02M, Peak:0.02M | Scene, ViewLayer | Updating Camera
Fra:1 Mem:18.95M (Peak 25.01M) | Time:00:00.02 | Mem:0.02M, Peak:0.02M | Scene, ViewLayer | Updating Meshes Flags
Fra:1 Mem:18.95M (Peak 25.01M) | Time:00:00.02 | Mem:0.02M, Peak:0.02M | Scene, ViewLayer | Updating Objects
Fra:1 Mem:18.95M (Peak 25.01M) | Time:00:00.02 | Mem:0.02M, Peak:0.02M | Scene, ViewLayer | Updating Objects | Copying Transformations to device
Fra:1 Mem:18.99M (Peak 25.01M) | Time:00:00.02 | Mem:0.06M, Peak:0.06M | Scene, ViewLayer | Updating Objects | Applying Static Transformations
Fra:1 Mem:18.99M (Peak 25.01M) | Time:00:00.02 | Mem:0.06M, Peak:0.06M | Scene, ViewLayer | Updating Particle Systems
Fra:1 Mem:18.99M (Peak 25.01M) | Time:00:00.02 | Mem:0.06M, Peak:0.06M | Scene, ViewLayer | Updating Particle Systems | Copying Particles to device
Fra:1 Mem:18.99M (Peak 25.01M) | Time:00:00.02 | Mem:0.06M, Peak:0.06M | Scene, ViewLayer | Updating Meshes
Fra:1 Mem:19.15M (Peak 25.01M) | Time:00:00.02 | Mem:0.06M, Peak:0.06M | Scene, ViewLayer | Updating Mesh | Computing attributes
Fra:1 Mem:19.25M (Peak 25.01M) | Time:00:00.02 | Mem:0.07M, Peak:0.07M | Scene, ViewLayer | Updating Mesh | Copying Attributes to device
Fra:1 Mem:19.22M (Peak 25.01M) | Time:00:00.02 | Mem:0.13M, Peak:0.13M | Scene, ViewLayer | Updating Scene BVH | Building
Fra:1 Mem:19.22M (Peak 25.01M) | Time:00:00.02 | Mem:0.13M, Peak:0.13M | Scene, ViewLayer | Updating Scene BVH | Building BVH
Fra:1 Mem:19.22M (Peak 25.01M) | Time:00:00.03 | Mem:0.45M, Peak:0.45M | Scene, ViewLayer | Updating Scene BVH | Building BVH 0%
Fra:1 Mem:19.22M (Peak 25.01M) | Time:00:00.03 | Mem:0.84M, Peak:1.16M | Scene, ViewLayer | Updating Scene BVH | Copying BVH to device
Fra:1 Mem:19.22M (Peak 25.01M) | Time:00:00.03 | Mem:0.84M, Peak:1.16M | Scene, ViewLayer | Updating Mesh | Computing normals
Fra:1 Mem:19.59M (Peak 25.01M) | Time:00:00.03 | Mem:0.84M, Peak:1.16M | Scene, ViewLayer | Updating Mesh | Copying Mesh to device
Fra:1 Mem:19.59M (Peak 25.01M) | Time:00:00.03 | Mem:1.21M, Peak:1.21M | Scene, ViewLayer | Updating Objects Flags
Fra:1 Mem:19.59M (Peak 25.01M) | Time:00:00.03 | Mem:1.21M, Peak:1.21M | Scene, ViewLayer | Updating Primitive Offsets
Fra:1 Mem:19.60M (Peak 25.01M) | Time:00:00.03 | Mem:1.21M, Peak:1.21M | Scene, ViewLayer | Updating Images
Fra:1 Mem:19.60M (Peak 25.01M) | Time:00:00.03 | Mem:1.21M, Peak:1.21M | Scene, ViewLayer | Updating Camera Volume
Fra:1 Mem:19.60M (Peak 25.01M) | Time:00:00.03 | Mem:1.21M, Peak:1.21M | Scene, ViewLayer | Updating Lookup Tables
Fra:1 Mem:19.60M (Peak 25.01M) | Time:00:00.03 | Mem:1.29M, Peak:1.29M | Scene, ViewLayer | Updating Lights
Fra:1 Mem:19.60M (Peak 25.01M) | Time:00:00.03 | Mem:1.29M, Peak:1.29M | Scene, ViewLayer | Updating Lights | Computing distribution
Fra:1 Mem:19.60M (Peak 25.01M) | Time:00:00.03 | Mem:1.29M, Peak:1.29M | Scene, ViewLayer | Updating Lights | Computing tree
Fra:1 Mem:19.60M (Peak 25.01M) | Time:00:00.03 | Mem:1.29M, Peak:1.29M | Scene, ViewLayer | Updating Integrator
Fra:1 Mem:21.60M (Peak 25.01M) | Time:00:00.03 | Mem:3.29M, Peak:3.29M | Scene, ViewLayer | Updating Film
Fra:1 Mem:21.60M (Peak 25.01M) | Time:00:00.03 | Mem:3.21M, Peak:3.29M | Scene, ViewLayer | Updating Lookup Tables
Fra:1 Mem:21.60M (Peak 25.01M) | Time:00:00.03 | Mem:3.30M, Peak:3.30M | Scene, ViewLayer | Updating Baking
Fra:1 Mem:21.60M (Peak 25.01M) | Time:00:00.03 | Mem:3.30M, Peak:3.30M | Scene, ViewLayer | Updating Device | Writing constant memory
Fra:1 Mem:21.61M (Peak 25.01M) | Time:00:00.03 | Mem:3.30M, Peak:3.30M | Scene, ViewLayer | Sample 0/300
Fra:1 Mem:92.85M (Peak 92.85M) | Time:00:01.15 | Remaining:05:33.27 | Mem:74.49M, Peak:74.49M | Scene, ViewLayer | Sample 1/300
Fra:1 Mem:92.85M (Peak 92.85M) | Time:00:34.31 | Remaining:04:37.38 | Mem:74.49M, Peak:74.49M | Scene, ViewLayer | Sample 33/300
Fra:1 Mem:92.85M (Peak 92.85M) | Time:01:10.32 | Remaining:04:14.13 | Mem:74.49M, Peak:74.49M | Scene, ViewLayer | Sample 65/300
Fra:1 Mem:92.85M (Peak 92.85M) | Time:01:24.51 | Remaining:03:52.32 | Mem:74.49M, Peak:74.49M | Scene, ViewLayer | Sample 80/300
Fra:1 Mem:92.85M (Peak 92.85M) | Time:01:24.86 | Remaining:03:00.25 | Mem:74.49M, Peak:74.49M | Scene, ViewLayer | Sample 96/300
Fra:1 Mem:92.85M (Peak 92.85M) | Time:01:25.06 | Remaining:02:22.73 | Mem:74.49M, Peak:74.49M | Scene, ViewLayer | Sample 112/300
Fra:1 Mem:92.85M (Peak 92.85M) | Time:01:25.21 | Remaining:01:54.45 | Mem:74.49M, Peak:74.49M | Scene, ViewLayer | Sample 128/300
Fra:1 Mem:92.85M (Peak 92.85M) | Time:01:25.31 | Remaining:01:32.38 | Mem:74.49M, Peak:74.49M | Scene, ViewLayer | Sample 144/300
Fra:1 Mem:92.85M (Peak 92.85M) | Time:01:25.40 | Remaining:01:14.70 | Mem:74.49M, Peak:74.49M | Scene, ViewLayer | Sample 160/300
Fra:1 Mem:92.85M (Peak 92.85M) | Time:01:25.48 | Remaining:01:00.20 | Mem:74.49M, Peak:74.49M | Scene, ViewLayer | Sample 176/300
Fra:1 Mem:92.85M (Peak 92.85M) | Time:01:25.57 | Remaining:00:48.11 | Mem:74.49M, Peak:74.49M | Scene, ViewLayer | Sample 192/300
Fra:1 Mem:92.85M (Peak 92.85M) | Time:01:25.66 | Remaining:00:37.87 | Mem:74.49M, Peak:74.49M | Scene, ViewLayer | Sample 208/300
Fra:1 Mem:92.85M (Peak 92.85M) | Time:01:25.74 | Remaining:00:29.08 | Mem:74.49M, Peak:74.49M | Scene, ViewLayer | Sample 224/300
Fra:1 Mem:92.85M (Peak 92.85M) | Time:01:25.81 | Remaining:00:21.44 | Mem:74.49M, Peak:74.49M | Scene, ViewLayer | Sample 240/300
Fra:1 Mem:92.85M (Peak 92.85M) | Time:01:25.88 | Remaining:00:14.75 | Mem:74.49M, Peak:74.49M | Scene, ViewLayer | Sample 256/300
Fra:1 Mem:92.85M (Peak 92.85M) | Time:01:25.94 | Remaining:00:08.84 | Mem:74.49M, Peak:74.49M | Scene, ViewLayer | Sample 272/300
Fra:1 Mem:124.49M (Peak 187.77M) | Time:01:26.07 | Remaining:00:08.85 | Mem:74.49M, Peak:74.49M | Scene, ViewLayer | Sample 0/300
Fra:1 Mem:124.49M (Peak 187.77M) | Time:01:26.07 | Remaining:00:08.85 | Mem:74.49M, Peak:74.49M | Scene, ViewLayer | Finished
Saved: '/home/fac/piscina/V3/renders/projeto_render_19h.png'
Time: 01:26.33 (Saving: 00:00.24)

✅ SCRIPT EXECUTADO COM SUCESSO! CENA 3D COMPLETA E ALINHADA.
V3 | Estudo solar 2026-08-31 | lat -23.55 lon -46.63 tz -3.0
  10h -> elev  45.0 deg  azim  47.4 deg  -> projeto_render_10h.png
  11h -> elev  53.6 deg  azim  28.8 deg  -> projeto_render_11h.png
  12h -> elev  57.5 deg  azim   3.3 deg  -> projeto_render_12h.png
  13h -> elev  55.1 deg  azim 336.8 deg  -> projeto_render_13h.png
  14h -> elev  47.4 deg  azim 316.4 deg  -> projeto_render_14h.png
  15h -> elev  36.8 deg  azim 302.4 deg  -> projeto_render_15h.png
  16h -> elev  24.6 deg  azim 292.6 deg  -> projeto_render_16h.png
  17h -> elev  11.5 deg  azim 285.1 deg  -> projeto_render_17h.png
  18h -> elev  -1.9 deg  azim 278.8 deg  -> projeto_render_18h.png
  19h -> elev -15.6 deg  azim 273.0 deg  -> projeto_render_19h.png
RENDER_V3_OK

Blender quit
