Blender 4.0.2
Fra:1 Mem:24.39M (Peak 24.39M) | Time:00:00.02 | Mem:0.00M, Peak:0.00M | Scene, ViewLayer | Synchronizing object | Pedestal_Concreto_1
Fra:1 Mem:24.40M (Peak 24.40M) | Time:00:00.02 | Mem:0.00M, Peak:0.00M | Scene, ViewLayer | Synchronizing object | Pilar_Eucalipto_3
Fra:1 Mem:24.40M (Peak 24.40M) | Time:00:00.02 | Mem:0.00M, Peak:0.00M | Scene, ViewLayer | Synchronizing object | Pilar_Eucalipto_4
Fra:1 Mem:24.42M (Peak 24.42M) | Time:00:00.02 | Mem:0.00M, Peak:0.00M | Scene, ViewLayer | Synchronizing object | Pilar_Eucalipto_5
Fra:1 Mem:24.43M (Peak 24.43M) | Time:00:00.02 | Mem:0.00M, Peak:0.00M | Scene, ViewLayer | Synchronizing object | Pedestal_Concreto_6
Fra:1 Mem:24.43M (Peak 24.43M) | Time:00:00.02 | Mem:0.00M, Peak:0.00M | Scene, ViewLayer | Synchronizing object | Pedestal_Concreto_8
Fra:1 Mem:24.44M (Peak 24.44M) | Time:00:00.02 | Mem:0.00M, Peak:0.00M | Scene, ViewLayer | Synchronizing object | Pilar_Eucalipto_9
Fra:1 Mem:24.45M (Peak 24.45M) | Time:00:00.02 | Mem:0.00M, Peak:0.00M | Scene, ViewLayer | Synchronizing object | Pedestal_Concreto_10
Fra:1 Mem:24.46M (Peak 24.46M) | Time:00:00.02 | Mem:0.00M, Peak:0.00M | Scene, ViewLayer | Synchronizing object | Telhado_Zinco_L
Fra:1 Mem:24.47M (Peak 24.47M) | Time:00:00.02 | Mem:0.00M, Peak:0.00M | Scene, ViewLayer | Synchronizing object | Piscina_Esmeralda_Casca
Fra:1 Mem:24.47M (Peak 24.47M) | Time:00:00.02 | Mem:0.00M, Peak:0.00M | Scene, ViewLayer | Synchronizing object | Piscina_Esmeralda_Agua
Fra:1 Mem:24.47M (Peak 24.47M) | Time:00:00.02 | Mem:0.00M, Peak:0.00M | Scene, ViewLayer | Synchronizing object | Banheiro_Parede_Oeste_1_b
Fra:1 Mem:24.50M (Peak 24.50M) | Time:00:00.02 | Mem:0.00M, Peak:0.00M | Scene, ViewLayer | Synchronizing object | Banheiro_Parede_Oeste_1_Porta
Fra:1 Mem:24.51M (Peak 24.51M) | Time:00:00.02 | Mem:0.00M, Peak:0.00M | Scene, ViewLayer | Synchronizing object | Banheiro_Parede_Oeste_2_b
Fra:1 Mem:24.51M (Peak 24.51M) | Time:00:00.02 | Mem:0.00M, Peak:0.00M | Scene, ViewLayer | Synchronizing object | Banheiro_Parede_Oeste_2_Porta
Fra:1 Mem:24.53M (Peak 24.53M) | Time:00:00.02 | Mem:0.00M, Peak:0.00M | Scene, ViewLayer | Synchronizing object | Banheiro_Parede_Leste_1_a
Fra:1 Mem:24.53M (Peak 24.53M) | Time:00:00.02 | Mem:0.00M, Peak:0.00M | Scene, ViewLayer | Synchronizing object | Banheiro_Parede_Leste_1_b
Fra:1 Mem:24.54M (Peak 24.54M) | Time:00:00.02 | Mem:0.00M, Peak:0.00M | Scene, ViewLayer | Synchronizing object | Banheiro_Parede_Leste_2_a
Fra:1 Mem:24.54M (Peak 24.54M) | Time:00:00.02 | Mem:0.00M, Peak:0.00M | Scene, ViewLayer | Synchronizing object | Banheiro_Parede_Leste_2_b
Fra:1 Mem:24.56M (Peak 24.56M) | Time:00:00.02 | Mem:0.00M, Peak:0.00M | Scene, ViewLayer | Synchronizing object | Banheiro_Parede_Leste_2_Porta
Fra:1 Mem:24.55M (Peak 24.56M) | Time:00:00.02 | Mem:0.00M, Peak:0.00M | Scene, ViewLayer | Synchronizing object | Banheiro_Parede_Norte
Fra:1 Mem:24.55M (Peak 24.56M) | Time:00:00.02 | Mem:0.00M, Peak:0.00M | Scene, ViewLayer | Synchronizing object | Banheiro_Parede_Sul
Fra:1 Mem:24.56M (Peak 24.56M) | Time:00:00.02 | Mem:0.00M, Peak:0.00M | Scene, ViewLayer | Synchronizing object | Banheiro_Parede_Central
Fra:1 Mem:24.57M (Peak 24.57M) | Time:00:00.02 | Mem:0.00M, Peak:0.00M | Scene, ViewLayer | Synchronizing object | Banheiro_Particao_Ducha
Fra:1 Mem:24.57M (Peak 24.57M) | Time:00:00.02 | Mem:0.00M, Peak:0.00M | Scene, ViewLayer | Synchronizing object | Banheiro_Piso
Fra:1 Mem:24.57M (Peak 24.57M) | Time:00:00.02 | Mem:0.00M, Peak:0.00M | Scene, ViewLayer | Synchronizing object | Ducha_1_Base
Fra:1 Mem:24.57M (Peak 24.57M) | Time:00:00.02 | Mem:0.00M, Peak:0.00M | Scene, ViewLayer | Synchronizing object | Ducha_1_Registro
Fra:1 Mem:24.58M (Peak 24.58M) | Time:00:00.02 | Mem:0.00M, Peak:0.00M | Scene, ViewLayer | Synchronizing object | Ducha_2_Base
Fra:1 Mem:24.58M (Peak 24.58M) | Time:00:00.02 | Mem:0.00M, Peak:0.00M | Scene, ViewLayer | Synchronizing object | Ducha_2_Coluna
Fra:1 Mem:24.58M (Peak 24.58M) | Time:00:00.02 | Mem:0.00M, Peak:0.00M | Scene, ViewLayer | Synchronizing object | Ducha_2_Eletrico
Fra:1 Mem:24.59M (Peak 24.59M) | Time:00:00.02 | Mem:0.00M, Peak:0.00M | Scene, ViewLayer | Synchronizing object | Ducha_2_Registro
Fra:1 Mem:24.59M (Peak 24.59M) | Time:00:00.02 | Mem:0.00M, Peak:0.00M | Scene, ViewLayer | Synchronizing object | Lavabo_1_Caixa
Fra:1 Mem:24.59M (Peak 24.59M) | Time:00:00.02 | Mem:0.00M, Peak:0.00M | Scene, ViewLayer | Synchronizing object | Lavabo_1_Bacia
Fra:1 Mem:24.59M (Peak 24.59M) | Time:00:00.02 | Mem:0.00M, Peak:0.00M | Scene, ViewLayer | Synchronizing object | Lavabo_1_Assento
Fra:1 Mem:24.59M (Peak 24.59M) | Time:00:00.02 | Mem:0.00M, Peak:0.00M | Scene, ViewLayer | Synchronizing object | Lavabo_1_Pia
Fra:1 Mem:24.60M (Peak 24.60M) | Time:00:00.02 | Mem:0.00M, Peak:0.00M | Scene, ViewLayer | Synchronizing object | Lavabo_1_Torneira
Fra:1 Mem:24.60M (Peak 24.60M) | Time:00:00.02 | Mem:0.00M, Peak:0.00M | Scene, ViewLayer | Synchronizing object | Lavabo_2_Bacia
Fra:1 Mem:24.61M (Peak 24.61M) | Time:00:00.02 | Mem:0.00M, Peak:0.00M | Scene, ViewLayer | Synchronizing object | Lavabo_2_Assento
Fra:1 Mem:24.61M (Peak 24.61M) | Time:00:00.02 | Mem:0.00M, Peak:0.00M | Scene, ViewLayer | Synchronizing object | Lavabo_2_Pia
Fra:1 Mem:24.62M (Peak 24.62M) | Time:00:00.02 | Mem:0.00M, Peak:0.00M | Scene, ViewLayer | Synchronizing object | Lavabo_2_Torneira
Fra:1 Mem:24.62M (Peak 24.62M) | Time:00:00.02 | Mem:0.00M, Peak:0.00M | Scene, ViewLayer | Synchronizing object | Terreno_V4
Fra:1 Mem:24.62M (Peak 24.62M) | Time:00:00.02 | Mem:0.00M, Peak:0.00M | Scene, ViewLayer | Synchronizing object | Bancada_Tampo_Sul
Fra:1 Mem:24.62M (Peak 24.62M) | Time:00:00.02 | Mem:0.00M, Peak:0.00M | Scene, ViewLayer | Synchronizing object | Bancada_Tampo_Norte
Fra:1 Mem:24.62M (Peak 24.62M) | Time:00:00.02 | Mem:0.00M, Peak:0.00M | Scene, ViewLayer | Synchronizing object | Bancada_Pia_Cuba
Fra:1 Mem:24.62M (Peak 24.62M) | Time:00:00.02 | Mem:0.00M, Peak:0.00M | Scene, ViewLayer | Synchronizing object | Terca_Ala_Xm225
Fra:1 Mem:24.63M (Peak 24.63M) | Time:00:00.02 | Mem:0.00M, Peak:0.00M | Scene, ViewLayer | Synchronizing object | Bancada_Pia_Bico_Torneira
Fra:1 Mem:24.63M (Peak 24.63M) | Time:00:00.02 | Mem:0.00M, Peak:0.00M | Scene, ViewLayer | Synchronizing object | Churrasqueira_Corpo
Fra:1 Mem:24.63M (Peak 24.63M) | Time:00:00.02 | Mem:0.00M, Peak:0.00M | Scene, ViewLayer | Synchronizing object | Churrasqueira_Barra_1
Fra:1 Mem:24.64M (Peak 24.64M) | Time:00:00.02 | Mem:0.00M, Peak:0.00M | Scene, ViewLayer | Synchronizing object | Churrasqueira_Barra_2
Fra:1 Mem:24.65M (Peak 24.65M) | Time:00:00.02 | Mem:0.00M, Peak:0.00M | Scene, ViewLayer | Synchronizing object | Churrasqueira_Barra_3
Fra:1 Mem:24.66M (Peak 24.66M) | Time:00:00.02 | Mem:0.00M, Peak:0.00M | Scene, ViewLayer | Synchronizing object | Churrasqueira_Barra_5
Fra:1 Mem:24.66M (Peak 24.66M) | Time:00:00.02 | Mem:0.00M, Peak:0.00M | Scene, ViewLayer | Synchronizing object | Churrasqueira_Barra_6
Fra:1 Mem:24.67M (Peak 24.67M) | Time:00:00.02 | Mem:0.00M, Peak:0.00M | Scene, ViewLayer | Synchronizing object | Churrasqueira_Brasa
Fra:1 Mem:24.67M (Peak 24.67M) | Time:00:00.02 | Mem:0.00M, Peak:0.00M | Scene, ViewLayer | Synchronizing object | Mesa_Tampo
Fra:1 Mem:24.68M (Peak 24.68M) | Time:00:00.02 | Mem:0.00M, Peak:0.00M | Scene, ViewLayer | Synchronizing object | Mesa_Pe_-1_-1
Fra:1 Mem:24.68M (Peak 24.68M) | Time:00:00.02 | Mem:0.00M, Peak:0.00M | Scene, ViewLayer | Synchronizing object | Mesa_Pe_-1_1
Fra:1 Mem:24.68M (Peak 24.68M) | Time:00:00.02 | Mem:0.00M, Peak:0.00M | Scene, ViewLayer | Synchronizing object | Mesa_Pe_1_-1
Fra:1 Mem:24.68M (Peak 24.68M) | Time:00:00.02 | Mem:0.00M, Peak:0.00M | Scene, ViewLayer | Synchronizing object | Mesa_Pe_1_1
Fra:1 Mem:24.69M (Peak 24.69M) | Time:00:00.02 | Mem:0.00M, Peak:0.00M | Scene, ViewLayer | Synchronizing object | Banco_Oeste_Assento
Fra:1 Mem:24.69M (Peak 24.69M) | Time:00:00.02 | Mem:0.00M, Peak:0.00M | Scene, ViewLayer | Synchronizing object | Terca_Leste_X4
Fra:1 Mem:24.70M (Peak 24.70M) | Time:00:00.02 | Mem:0.00M, Peak:0.00M | Scene, ViewLayer | Synchronizing object | Banco_Oeste_Pe_-1
Fra:1 Mem:24.70M (Peak 24.70M) | Time:00:00.02 | Mem:0.00M, Peak:0.00M | Scene, ViewLayer | Synchronizing object | Banco_Oeste_Pe_1
Fra:1 Mem:24.71M (Peak 24.71M) | Time:00:00.02 | Mem:0.00M, Peak:0.00M | Scene, ViewLayer | Synchronizing object | Banco_Leste_Assento
Fra:1 Mem:24.71M (Peak 24.71M) | Time:00:00.02 | Mem:0.00M, Peak:0.00M | Scene, ViewLayer | Synchronizing object | Banco_Leste_Pe_-1
Fra:1 Mem:24.72M (Peak 24.72M) | Time:00:00.02 | Mem:0.00M, Peak:0.00M | Scene, ViewLayer | Synchronizing object | Banco_Leste_Pe_1
Fra:1 Mem:24.72M (Peak 24.72M) | Time:00:00.02 | Mem:0.00M, Peak:0.00M | Scene, ViewLayer | Synchronizing object | Parede_Sul_1_2
Fra:1 Mem:24.72M (Peak 24.72M) | Time:00:00.02 | Mem:0.00M, Peak:0.00M | Scene, ViewLayer | Synchronizing object | Parede_Leste_3_4
Fra:1 Mem:24.72M (Peak 24.72M) | Time:00:00.02 | Mem:0.00M, Peak:0.00M | Scene, ViewLayer | Synchronizing object | Sala_Tapete
Fra:1 Mem:24.73M (Peak 24.73M) | Time:00:00.02 | Mem:0.00M, Peak:0.00M | Scene, ViewLayer | Synchronizing object | Sofa_Sul_Assento
Fra:1 Mem:24.73M (Peak 24.73M) | Time:00:00.02 | Mem:0.00M, Peak:0.00M | Scene, ViewLayer | Synchronizing object | Sofa_Sul_Encosto
Fra:1 Mem:24.73M (Peak 24.73M) | Time:00:00.02 | Mem:0.00M, Peak:0.00M | Scene, ViewLayer | Synchronizing object | Sofa_Sul_Braco_-1
Fra:1 Mem:24.73M (Peak 24.73M) | Time:00:00.02 | Mem:0.00M, Peak:0.00M | Scene, ViewLayer | Synchronizing object | Sofa_Sul_Pe_0_-1
Fra:1 Mem:24.74M (Peak 24.74M) | Time:00:00.02 | Mem:0.00M, Peak:0.00M | Scene, ViewLayer | Synchronizing object | Sofa_Sul_Pe_0_1
Fra:1 Mem:24.74M (Peak 24.74M) | Time:00:00.02 | Mem:0.00M, Peak:0.00M | Scene, ViewLayer | Synchronizing object | Sofa_Sul_Pe_1_-1
Fra:1 Mem:24.74M (Peak 24.74M) | Time:00:00.02 | Mem:0.00M, Peak:0.00M | Scene, ViewLayer | Synchronizing object | Sofa_Sul_Pe_1_1
Fra:1 Mem:24.74M (Peak 24.74M) | Time:00:00.02 | Mem:0.00M, Peak:0.00M | Scene, ViewLayer | Synchronizing object | Sofa_Norte_Encosto
Fra:1 Mem:24.74M (Peak 24.74M) | Time:00:00.02 | Mem:0.00M, Peak:0.00M | Scene, ViewLayer | Synchronizing object | Sofa_Norte_Braco_-1
Fra:1 Mem:24.74M (Peak 24.74M) | Time:00:00.02 | Mem:0.00M, Peak:0.00M | Scene, ViewLayer | Synchronizing object | Sofa_Norte_Braco_1
Fra:1 Mem:24.74M (Peak 24.74M) | Time:00:00.02 | Mem:0.00M, Peak:0.00M | Scene, ViewLayer | Synchronizing object | Sofa_Norte_Pe_0_-1
Fra:1 Mem:24.74M (Peak 24.74M) | Time:00:00.02 | Mem:0.00M, Peak:0.00M | Scene, ViewLayer | Synchronizing object | Sofa_Norte_Pe_0_1
Fra:1 Mem:24.74M (Peak 24.74M) | Time:00:00.02 | Mem:0.00M, Peak:0.00M | Scene, ViewLayer | Synchronizing object | Sofa_Norte_Pe_1_-1
Fra:1 Mem:24.74M (Peak 24.74M) | Time:00:00.02 | Mem:0.00M, Peak:0.00M | Scene, ViewLayer | Synchronizing object | Sofa_Norte_Pe_1_1
Fra:1 Mem:24.74M (Peak 24.74M) | Time:00:00.02 | Mem:0.00M, Peak:0.00M | Scene, ViewLayer | Synchronizing object | Mesa_Centro_Tampo
Fra:1 Mem:24.75M (Peak 24.75M) | Time:00:00.02 | Mem:0.00M, Peak:0.00M | Scene, ViewLayer | Synchronizing object | Mesa_Centro_Pe_-1_-1
Fra:1 Mem:24.75M (Peak 24.75M) | Time:00:00.02 | Mem:0.00M, Peak:0.00M | Scene, ViewLayer | Synchronizing object | Mesa_Centro_Pe_1_-1
Fra:1 Mem:24.75M (Peak 24.75M) | Time:00:00.02 | Mem:0.00M, Peak:0.00M | Scene, ViewLayer | Synchronizing object | Mesa_Centro_Pe_1_1
Fra:1 Mem:24.76M (Peak 24.76M) | Time:00:00.02 | Mem:0.00M, Peak:0.00M | Scene, ViewLayer | Synchronizing object | MesaBar_1_Tampo
Fra:1 Mem:24.76M (Peak 24.76M) | Time:00:00.02 | Mem:0.00M, Peak:0.00M | Scene, ViewLayer | Synchronizing object | MesaBar_1_Coluna
Fra:1 Mem:24.77M (Peak 24.77M) | Time:00:00.02 | Mem:0.00M, Peak:0.00M | Scene, ViewLayer | Synchronizing object | MesaBar_1_Base
Fra:1 Mem:24.79M (Peak 24.79M) | Time:00:00.02 | Mem:0.00M, Peak:0.00M | Scene, ViewLayer | Synchronizing object | MesaBar_1_Banqueta_1_Assento
Fra:1 Mem:24.79M (Peak 24.79M) | Time:00:00.02 | Mem:0.00M, Peak:0.00M | Scene, ViewLayer | Synchronizing object | Terca_Central_X2
Fra:1 Mem:24.79M (Peak 24.79M) | Time:00:00.02 | Mem:0.00M, Peak:0.00M | Scene, ViewLayer | Synchronizing object | MesaBar_1_Banqueta_2_Assento
Fra:1 Mem:24.80M (Peak 24.80M) | Time:00:00.02 | Mem:0.00M, Peak:0.00M | Scene, ViewLayer | Synchronizing object | Terca_Oeste_X0
Fra:1 Mem:24.80M (Peak 24.80M) | Time:00:00.02 | Mem:0.00M, Peak:0.00M | Scene, ViewLayer | Synchronizing object | MesaBar_1_Banqueta_2_Coluna
Fra:1 Mem:24.80M (Peak 24.80M) | Time:00:00.02 | Mem:0.00M, Peak:0.00M | Scene, ViewLayer | Synchronizing object | MesaBar_1_Banqueta_2_Base
Fra:1 Mem:24.80M (Peak 24.80M) | Time:00:00.02 | Mem:0.00M, Peak:0.00M | Scene, ViewLayer | Synchronizing object | MesaBar_2_Tampo
Fra:1 Mem:24.81M (Peak 24.81M) | Time:00:00.02 | Mem:0.00M, Peak:0.00M | Scene, ViewLayer | Synchronizing object | MesaBar_2_Coluna
Fra:1 Mem:24.81M (Peak 24.81M) | Time:00:00.02 | Mem:0.00M, Peak:0.00M | Scene, ViewLayer | Synchronizing object | MesaBar_2_Base
Fra:1 Mem:24.82M (Peak 24.82M) | Time:00:00.02 | Mem:0.00M, Peak:0.00M | Scene, ViewLayer | Synchronizing object | MesaBar_2_Banqueta_1_Assento
Fra:1 Mem:24.83M (Peak 24.83M) | Time:00:00.02 | Mem:0.00M, Peak:0.00M | Scene, ViewLayer | Synchronizing object | MesaBar_2_Banqueta_1_Coluna
Fra:1 Mem:24.84M (Peak 24.84M) | Time:00:00.02 | Mem:0.00M, Peak:0.00M | Scene, ViewLayer | Synchronizing object | MesaBar_2_Banqueta_1_Base
Fra:1 Mem:24.84M (Peak 24.84M) | Time:00:00.02 | Mem:0.00M, Peak:0.00M | Scene, ViewLayer | Synchronizing object | MesaBar_2_Banqueta_2_Assento
Fra:1 Mem:24.85M (Peak 24.85M) | Time:00:00.02 | Mem:0.00M, Peak:0.00M | Scene, ViewLayer | Synchronizing object | MesaBar_2_Banqueta_2_Coluna
Fra:1 Mem:24.85M (Peak 24.86M) | Time:00:00.02 | Mem:0.00M, Peak:0.00M | Scene, ViewLayer | Synchronizing object | MesaBar_2_Banqueta_2_Base
Fra:1 Mem:24.86M (Peak 24.86M) | Time:00:00.02 | Mem:0.00M, Peak:0.00M | Scene, ViewLayer | Synchronizing object | Geladeira_Linha_Divisoria
Fra:1 Mem:24.87M (Peak 24.87M) | Time:00:00.02 | Mem:0.00M, Peak:0.00M | Scene, ViewLayer | Synchronizing object | Geladeira_Puxador_2
Fra:1 Mem:24.88M (Peak 24.88M) | Time:00:00.02 | Mem:0.00M, Peak:0.00M | Scene, ViewLayer | Synchronizing object | Fogao_Corpo
Fra:1 Mem:24.88M (Peak 24.88M) | Time:00:00.02 | Mem:0.00M, Peak:0.00M | Scene, ViewLayer | Synchronizing object | Fogao_Boca_0_0
Fra:1 Mem:24.88M (Peak 24.88M) | Time:00:00.02 | Mem:0.00M, Peak:0.00M | Scene, ViewLayer | Synchronizing object | Fogao_Boca_0_1
Fra:1 Mem:24.89M (Peak 24.89M) | Time:00:00.02 | Mem:0.00M, Peak:0.00M | Scene, ViewLayer | Synchronizing object | Fogao_Boca_1_0
Fra:1 Mem:24.90M (Peak 24.90M) | Time:00:00.02 | Mem:0.00M, Peak:0.00M | Scene, ViewLayer | Synchronizing object | Fogao_Boca_1_1
Fra:1 Mem:24.91M (Peak 24.91M) | Time:00:00.02 | Mem:0.00M, Peak:0.00M | Scene, ViewLayer | Synchronizing object | Fogao_Forno_Porta
Fra:1 Mem:24.91M (Peak 24.91M) | Time:00:00.02 | Mem:0.00M, Peak:0.00M | Scene, ViewLayer | Synchronizing object | TV_Suporte
Fra:1 Mem:24.91M (Peak 24.91M) | Time:00:00.02 | Mem:0.00M, Peak:0.00M | Scene, ViewLayer | Synchronizing object | TV_Moldura
Fra:1 Mem:24.94M (Peak 24.94M) | Time:00:00.02 | Mem:0.00M, Peak:0.00M | Scene, ViewLayer | Synchronizing object | Montante_P2
Fra:1 Mem:24.94M (Peak 24.94M) | Time:00:00.02 | Mem:0.00M, Peak:0.00M | Scene, ViewLayer | Synchronizing object | Montante_P3
Fra:1 Mem:24.93M (Peak 24.94M) | Time:00:00.02 | Mem:0.00M, Peak:0.00M | Scene, ViewLayer | Synchronizing object | Montante_P4
Fra:1 Mem:24.95M (Peak 24.95M) | Time:00:00.02 | Mem:0.00M, Peak:0.00M | Scene, ViewLayer | Synchronizing object | Montante_P5
Fra:1 Mem:24.95M (Peak 24.95M) | Time:00:00.02 | Mem:0.00M, Peak:0.00M | Scene, ViewLayer | Synchronizing object | Viga_Transv_Y0
Fra:1 Mem:24.95M (Peak 24.96M) | Time:00:00.02 | Mem:0.00M, Peak:0.00M | Scene, ViewLayer | Synchronizing object | Viga_Transv_Y4
Fra:1 Mem:24.96M (Peak 24.96M) | Time:00:00.02 | Mem:0.00M, Peak:0.00M | Scene, ViewLayer | Synchronizing object | Viga_Transv_Y12
Fra:1 Mem:24.97M (Peak 24.97M) | Time:00:00.02 | Mem:0.00M, Peak:0.00M | Scene, ViewLayer | Synchronizing object | Viga_Transv_Ala_Y9_5
Fra:1 Mem:24.98M (Peak 24.98M) | Time:00:00.02 | Mem:0.00M, Peak:0.00M | Scene, ViewLayer | Synchronizing object | Viga_Transv_Ala_Y12
Fra:1 Mem:25.03M (Peak 25.03M) | Time:00:00.03 | Mem:0.00M, Peak:0.00M | Scene, ViewLayer | Initializing
Fra:1 Mem:18.86M (Peak 25.03M) | Time:00:00.03 | Mem:0.00M, Peak:0.00M | Scene, ViewLayer | Waiting for render to start
Fra:1 Mem:18.87M (Peak 25.03M) | Time:00:00.03 | Mem:0.00M, Peak:0.00M | Scene, ViewLayer | Loading render kernels (may take a few minutes the first time)
Fra:1 Mem:18.87M (Peak 25.03M) | Time:00:00.03 | Mem:0.00M, Peak:0.00M | Scene, ViewLayer | Updating Scene
Fra:1 Mem:18.87M (Peak 25.03M) | Time:00:00.03 | Mem:0.00M, Peak:0.00M | Scene, ViewLayer | Updating Shaders
Fra:1 Mem:18.97M (Peak 25.03M) | Time:00:00.03 | Mem:0.02M, Peak:0.02M | Scene, ViewLayer | Updating Procedurals
Fra:1 Mem:18.97M (Peak 25.03M) | Time:00:00.03 | Mem:0.02M, Peak:0.02M | Scene, ViewLayer | Updating Background
Fra:1 Mem:18.97M (Peak 25.03M) | Time:00:00.03 | Mem:0.02M, Peak:0.02M | Scene, ViewLayer | Updating Camera
Fra:1 Mem:18.97M (Peak 25.03M) | Time:00:00.03 | Mem:0.02M, Peak:0.02M | Scene, ViewLayer | Updating Meshes Flags
Fra:1 Mem:18.97M (Peak 25.03M) | Time:00:00.03 | Mem:0.02M, Peak:0.02M | Scene, ViewLayer | Updating Objects
Fra:1 Mem:18.97M (Peak 25.03M) | Time:00:00.03 | Mem:0.02M, Peak:0.02M | Scene, ViewLayer | Updating Objects | Copying Transformations to device
Fra:1 Mem:19.00M (Peak 25.03M) | Time:00:00.03 | Mem:0.06M, Peak:0.06M | Scene, ViewLayer | Updating Objects | Applying Static Transformations
Fra:1 Mem:19.00M (Peak 25.03M) | Time:00:00.03 | Mem:0.06M, Peak:0.06M | Scene, ViewLayer | Updating Particle Systems
Fra:1 Mem:19.00M (Peak 25.03M) | Time:00:00.03 | Mem:0.06M, Peak:0.06M | Scene, ViewLayer | Updating Particle Systems | Copying Particles to device
Fra:1 Mem:19.00M (Peak 25.03M) | Time:00:00.03 | Mem:0.06M, Peak:0.06M | Scene, ViewLayer | Updating Meshes
Fra:1 Mem:19.16M (Peak 25.03M) | Time:00:00.03 | Mem:0.06M, Peak:0.06M | Scene, ViewLayer | Updating Mesh | Computing attributes
Fra:1 Mem:19.26M (Peak 25.03M) | Time:00:00.03 | Mem:0.07M, Peak:0.07M | Scene, ViewLayer | Updating Mesh | Copying Attributes to device
Fra:1 Mem:19.24M (Peak 25.03M) | Time:00:00.03 | Mem:0.13M, Peak:0.13M | Scene, ViewLayer | Updating Scene BVH | Building
Fra:1 Mem:19.24M (Peak 25.03M) | Time:00:00.03 | Mem:0.13M, Peak:0.13M | Scene, ViewLayer | Updating Scene BVH | Building BVH
Fra:1 Mem:19.24M (Peak 25.03M) | Time:00:00.04 | Mem:0.45M, Peak:0.45M | Scene, ViewLayer | Updating Scene BVH | Building BVH 0%
Fra:1 Mem:19.24M (Peak 25.03M) | Time:00:00.04 | Mem:0.87M, Peak:1.19M | Scene, ViewLayer | Updating Scene BVH | Copying BVH to device
Fra:1 Mem:19.24M (Peak 25.03M) | Time:00:00.04 | Mem:0.87M, Peak:1.19M | Scene, ViewLayer | Updating Mesh | Computing normals
Fra:1 Mem:19.61M (Peak 25.03M) | Time:00:00.04 | Mem:0.87M, Peak:1.19M | Scene, ViewLayer | Updating Mesh | Copying Mesh to device
Fra:1 Mem:19.61M (Peak 25.03M) | Time:00:00.04 | Mem:1.24M, Peak:1.24M | Scene, ViewLayer | Updating Objects Flags
Fra:1 Mem:19.61M (Peak 25.03M) | Time:00:00.04 | Mem:1.24M, Peak:1.24M | Scene, ViewLayer | Updating Primitive Offsets
Fra:1 Mem:19.61M (Peak 25.03M) | Time:00:00.04 | Mem:1.24M, Peak:1.24M | Scene, ViewLayer | Updating Images
Fra:1 Mem:19.61M (Peak 25.03M) | Time:00:00.04 | Mem:1.24M, Peak:1.24M | Scene, ViewLayer | Updating Camera Volume
Fra:1 Mem:19.61M (Peak 25.03M) | Time:00:00.04 | Mem:1.24M, Peak:1.24M | Scene, ViewLayer | Updating Lookup Tables
Fra:1 Mem:19.61M (Peak 25.03M) | Time:00:00.04 | Mem:1.32M, Peak:1.32M | Scene, ViewLayer | Updating Lights
Fra:1 Mem:19.61M (Peak 25.03M) | Time:00:00.04 | Mem:1.33M, Peak:1.33M | Scene, ViewLayer | Updating Lights | Computing distribution
Fra:1 Mem:19.61M (Peak 25.03M) | Time:00:00.04 | Mem:1.33M, Peak:1.33M | Scene, ViewLayer | Updating Lights | Computing tree
Fra:1 Mem:19.62M (Peak 25.03M) | Time:00:00.04 | Mem:1.33M, Peak:1.33M | Scene, ViewLayer | Updating Integrator
Fra:1 Mem:21.62M (Peak 25.03M) | Time:00:00.04 | Mem:3.33M, Peak:3.33M | Scene, ViewLayer | Updating Film
Fra:1 Mem:21.62M (Peak 25.03M) | Time:00:00.04 | Mem:3.25M, Peak:3.33M | Scene, ViewLayer | Updating Lookup Tables
Fra:1 Mem:21.62M (Peak 25.03M) | Time:00:00.04 | Mem:3.33M, Peak:3.33M | Scene, ViewLayer | Updating Baking
Fra:1 Mem:21.62M (Peak 25.03M) | Time:00:00.04 | Mem:3.33M, Peak:3.33M | Scene, ViewLayer | Updating Device | Writing constant memory
Fra:1 Mem:21.62M (Peak 25.03M) | Time:00:00.04 | Mem:3.33M, Peak:3.33M | Scene, ViewLayer | Sample 0/300
Fra:1 Mem:92.87M (Peak 92.87M) | Time:00:00.75 | Remaining:03:30.99 | Mem:74.52M, Peak:74.52M | Scene, ViewLayer | Sample 1/300
Fra:1 Mem:92.87M (Peak 92.87M) | Time:00:39.35 | Remaining:02:22.09 | Mem:74.52M, Peak:74.52M | Scene, ViewLayer | Sample 65/300
Fra:1 Mem:92.87M (Peak 92.87M) | Time:00:48.22 | Remaining:02:12.49 | Mem:74.52M, Peak:74.52M | Scene, ViewLayer | Sample 80/300
Fra:1 Mem:92.87M (Peak 92.87M) | Time:00:51.46 | Remaining:01:49.25 | Mem:74.52M, Peak:74.52M | Scene, ViewLayer | Sample 96/300
Fra:1 Mem:92.87M (Peak 92.87M) | Time:00:54.31 | Remaining:01:31.09 | Mem:74.52M, Peak:74.52M | Scene, ViewLayer | Sample 112/300
Fra:1 Mem:92.87M (Peak 92.87M) | Time:00:56.88 | Remaining:01:16.37 | Mem:74.52M, Peak:74.52M | Scene, ViewLayer | Sample 128/300
Fra:1 Mem:92.87M (Peak 92.87M) | Time:00:59.30 | Remaining:01:04.19 | Mem:74.52M, Peak:74.52M | Scene, ViewLayer | Sample 144/300
Fra:1 Mem:92.87M (Peak 92.87M) | Time:01:01.94 | Remaining:00:54.15 | Mem:74.52M, Peak:74.52M | Scene, ViewLayer | Sample 160/300
Fra:1 Mem:92.87M (Peak 92.87M) | Time:01:04.50 | Remaining:00:45.41 | Mem:74.52M, Peak:74.52M | Scene, ViewLayer | Sample 176/300
Fra:1 Mem:92.87M (Peak 92.87M) | Time:01:06.64 | Remaining:00:37.45 | Mem:74.52M, Peak:74.52M | Scene, ViewLayer | Sample 192/300
Fra:1 Mem:92.87M (Peak 92.87M) | Time:01:08.50 | Remaining:00:30.27 | Mem:74.52M, Peak:74.52M | Scene, ViewLayer | Sample 208/300
Fra:1 Mem:92.87M (Peak 92.87M) | Time:01:10.33 | Remaining:00:23.84 | Mem:74.52M, Peak:74.52M | Scene, ViewLayer | Sample 224/300
Fra:1 Mem:92.87M (Peak 92.87M) | Time:01:11.96 | Remaining:00:17.97 | Mem:74.52M, Peak:74.52M | Scene, ViewLayer | Sample 240/300
Fra:1 Mem:92.87M (Peak 92.87M) | Time:01:13.49 | Remaining:00:12.62 | Mem:74.52M, Peak:74.52M | Scene, ViewLayer | Sample 256/300
Fra:1 Mem:92.87M (Peak 92.87M) | Time:01:15.02 | Remaining:00:07.71 | Mem:74.52M, Peak:74.52M | Scene, ViewLayer | Sample 272/300
Fra:1 Mem:92.87M (Peak 92.87M) | Time:01:16.49 | Remaining:00:03.18 | Mem:74.52M, Peak:74.52M | Scene, ViewLayer | Sample 288/300
Fra:1 Mem:124.51M (Peak 187.79M) | Time:01:17.59 | Mem:74.52M, Peak:74.52M | Scene, ViewLayer | Sample 300/300
Fra:1 Mem:124.51M (Peak 187.79M) | Time:01:17.59 | Mem:74.52M, Peak:74.52M | Scene, ViewLayer | Finished
Saved: '/home/fac/piscina/V4/renders/projeto_render_7h.png'
Time: 01:18.01 (Saving: 00:00.39)

Fra:1 Mem:24.56M (Peak 24.56M) | Time:00:00.02 | Mem:0.00M, Peak:0.00M | Scene, ViewLayer | Synchronizing object | Pedestal_Concreto_1
Fra:1 Mem:24.56M (Peak 24.56M) | Time:00:00.02 | Mem:0.00M, Peak:0.00M | Scene, ViewLayer | Synchronizing object | Pedestal_Concreto_5
Fra:1 Mem:24.56M (Peak 24.56M) | Time:00:00.02 | Mem:0.00M, Peak:0.00M | Scene, ViewLayer | Synchronizing object | Pilar_Eucalipto_5
Fra:1 Mem:24.57M (Peak 24.57M) | Time:00:00.02 | Mem:0.00M, Peak:0.00M | Scene, ViewLayer | Synchronizing object | Pedestal_Concreto_7
Fra:1 Mem:24.58M (Peak 24.58M) | Time:00:00.02 | Mem:0.00M, Peak:0.00M | Scene, ViewLayer | Synchronizing object | Pedestal_Concreto_8
Fra:1 Mem:24.58M (Peak 24.58M) | Time:00:00.02 | Mem:0.00M, Peak:0.00M | Scene, ViewLayer | Synchronizing object | Pedestal_Concreto_9
Fra:1 Mem:24.59M (Peak 24.59M) | Time:00:00.02 | Mem:0.00M, Peak:0.00M | Scene, ViewLayer | Synchronizing object | Pilar_Eucalipto_10
Fra:1 Mem:24.60M (Peak 24.60M) | Time:00:00.02 | Mem:0.00M, Peak:0.00M | Scene, ViewLayer | Synchronizing object | Piso_Quiosque_L
Fra:1 Mem:24.61M (Peak 24.61M) | Time:00:00.02 | Mem:0.00M, Peak:0.00M | Scene, ViewLayer | Synchronizing object | Telhado_Zinco_L
Fra:1 Mem:24.62M (Peak 24.62M) | Time:00:00.02 | Mem:0.00M, Peak:0.00M | Scene, ViewLayer | Synchronizing object | Piso_Area_Piscina
Fra:1 Mem:24.62M (Peak 24.62M) | Time:00:00.02 | Mem:0.00M, Peak:0.00M | Scene, ViewLayer | Synchronizing object | Piscina_Esmeralda_Casca
Fra:1 Mem:24.63M (Peak 24.63M) | Time:00:00.02 | Mem:0.00M, Peak:0.00M | Scene, ViewLayer | Synchronizing object | Piscina_Esmeralda_Agua
Fra:1 Mem:24.64M (Peak 24.64M) | Time:00:00.02 | Mem:0.00M, Peak:0.00M | Scene, ViewLayer | Synchronizing object | Banheiro_Parede_Oeste_1_a
Fra:1 Mem:24.64M (Peak 24.64M) | Time:00:00.02 | Mem:0.00M, Peak:0.00M | Scene, ViewLayer | Synchronizing object | Banheiro_Parede_Oeste_1_b
Fra:1 Mem:24.65M (Peak 24.65M) | Time:00:00.02 | Mem:0.00M, Peak:0.00M | Scene, ViewLayer | Synchronizing object | Banheiro_Parede_Oeste_1_Porta
Fra:1 Mem:24.65M (Peak 24.65M) | Time:00:00.02 | Mem:0.00M, Peak:0.00M | Scene, ViewLayer | Synchronizing object | Banheiro_Parede_Oeste_2_a
Fra:1 Mem:24.66M (Peak 24.66M) | Time:00:00.02 | Mem:0.00M, Peak:0.00M | Scene, ViewLayer | Synchronizing object | Banheiro_Parede_Oeste_2_b
Fra:1 Mem:24.66M (Peak 24.66M) | Time:00:00.02 | Mem:0.00M, Peak:0.00M | Scene, ViewLayer | Synchronizing object | Banheiro_Parede_Oeste_2_Porta
Fra:1 Mem:24.67M (Peak 24.67M) | Time:00:00.02 | Mem:0.00M, Peak:0.00M | Scene, ViewLayer | Synchronizing object | Banheiro_Parede_Leste_1_a
Fra:1 Mem:24.68M (Peak 24.68M) | Time:00:00.02 | Mem:0.00M, Peak:0.00M | Scene, ViewLayer | Synchronizing object | Banheiro_Parede_Leste_1_b
Fra:1 Mem:24.68M (Peak 24.68M) | Time:00:00.02 | Mem:0.00M, Peak:0.00M | Scene, ViewLayer | Synchronizing object | Banheiro_Parede_Leste_1_Porta
Fra:1 Mem:24.69M (Peak 24.69M) | Time:00:00.02 | Mem:0.00M, Peak:0.00M | Scene, ViewLayer | Synchronizing object | Banheiro_Parede_Leste_2_a
Fra:1 Mem:24.69M (Peak 24.69M) | Time:00:00.02 | Mem:0.00M, Peak:0.00M | Scene, ViewLayer | Synchronizing object | Banheiro_Parede_Leste_2_b
Fra:1 Mem:24.69M (Peak 24.69M) | Time:00:00.02 | Mem:0.00M, Peak:0.00M | Scene, ViewLayer | Synchronizing object | Banheiro_Parede_Norte
Fra:1 Mem:24.69M (Peak 24.69M) | Time:00:00.02 | Mem:0.00M, Peak:0.00M | Scene, ViewLayer | Synchronizing object | Banheiro_Parede_Sul
Fra:1 Mem:24.69M (Peak 24.69M) | Time:00:00.02 | Mem:0.00M, Peak:0.00M | Scene, ViewLayer | Synchronizing object | Banheiro_Particao_Ducha
Fra:1 Mem:24.70M (Peak 24.70M) | Time:00:00.02 | Mem:0.00M, Peak:0.00M | Scene, ViewLayer | Synchronizing object | Banheiro_Particao_Lavabo
Fra:1 Mem:24.70M (Peak 24.70M) | Time:00:00.02 | Mem:0.00M, Peak:0.00M | Scene, ViewLayer | Synchronizing object | Banheiro_Piso
Fra:1 Mem:24.70M (Peak 24.70M) | Time:00:00.02 | Mem:0.00M, Peak:0.00M | Scene, ViewLayer | Synchronizing object | Ducha_1_Eletrico
Fra:1 Mem:24.70M (Peak 24.70M) | Time:00:00.02 | Mem:0.00M, Peak:0.00M | Scene, ViewLayer | Synchronizing object | Ducha_1_Registro
Fra:1 Mem:24.70M (Peak 24.70M) | Time:00:00.02 | Mem:0.00M, Peak:0.00M | Scene, ViewLayer | Synchronizing object | Ducha_2_Base
Fra:1 Mem:24.70M (Peak 24.70M) | Time:00:00.02 | Mem:0.00M, Peak:0.00M | Scene, ViewLayer | Synchronizing object | Ducha_2_Coluna
Fra:1 Mem:24.71M (Peak 24.71M) | Time:00:00.02 | Mem:0.00M, Peak:0.00M | Scene, ViewLayer | Synchronizing object | Ducha_2_Eletrico
Fra:1 Mem:24.71M (Peak 24.71M) | Time:00:00.02 | Mem:0.00M, Peak:0.00M | Scene, ViewLayer | Synchronizing object | Lavabo_1_Caixa
Fra:1 Mem:24.71M (Peak 24.71M) | Time:00:00.02 | Mem:0.00M, Peak:0.00M | Scene, ViewLayer | Synchronizing object | Lavabo_1_Bacia
Fra:1 Mem:24.71M (Peak 24.71M) | Time:00:00.02 | Mem:0.00M, Peak:0.00M | Scene, ViewLayer | Synchronizing object | Lavabo_1_Assento
Fra:1 Mem:24.71M (Peak 24.71M) | Time:00:00.02 | Mem:0.00M, Peak:0.00M | Scene, ViewLayer | Synchronizing object | Lavabo_1_Pia
Fra:1 Mem:24.71M (Peak 24.71M) | Time:00:00.02 | Mem:0.00M, Peak:0.00M | Scene, ViewLayer | Synchronizing object | Lavabo_1_Torneira
Fra:1 Mem:24.71M (Peak 24.71M) | Time:00:00.02 | Mem:0.00M, Peak:0.00M | Scene, ViewLayer | Synchronizing object | Lavabo_2_Caixa
Fra:1 Mem:24.71M (Peak 24.71M) | Time:00:00.02 | Mem:0.00M, Peak:0.00M | Scene, ViewLayer | Synchronizing object | Lavabo_2_Bacia
Fra:1 Mem:24.72M (Peak 24.72M) | Time:00:00.02 | Mem:0.00M, Peak:0.00M | Scene, ViewLayer | Synchronizing object | Lavabo_2_Assento
Fra:1 Mem:24.72M (Peak 24.72M) | Time:00:00.02 | Mem:0.00M, Peak:0.00M | Scene, ViewLayer | Synchronizing object | Lavabo_2_Torneira
Fra:1 Mem:24.72M (Peak 24.72M) | Time:00:00.02 | Mem:0.00M, Peak:0.00M | Scene, ViewLayer | Synchronizing object | Bancada_Base
Fra:1 Mem:24.73M (Peak 24.73M) | Time:00:00.02 | Mem:0.00M, Peak:0.00M | Scene, ViewLayer | Synchronizing object | Bancada_Tampo_Sul
Fra:1 Mem:24.73M (Peak 24.73M) | Time:00:00.02 | Mem:0.00M, Peak:0.00M | Scene, ViewLayer | Synchronizing object | Bancada_Tampo_Norte
Fra:1 Mem:24.74M (Peak 24.74M) | Time:00:00.02 | Mem:0.00M, Peak:0.00M | Scene, ViewLayer | Synchronizing object | Bancada_Pia_Cuba
Fra:1 Mem:24.74M (Peak 24.74M) | Time:00:00.02 | Mem:0.00M, Peak:0.00M | Scene, ViewLayer | Synchronizing object | Bancada_Pia_Coluna_Torneira
Fra:1 Mem:24.74M (Peak 24.74M) | Time:00:00.02 | Mem:0.00M, Peak:0.00M | Scene, ViewLayer | Synchronizing object | Bancada_Pia_Bico_Torneira
Fra:1 Mem:24.74M (Peak 24.74M) | Time:00:00.02 | Mem:0.00M, Peak:0.00M | Scene, ViewLayer | Synchronizing object | Churrasqueira_Barra_1
Fra:1 Mem:24.75M (Peak 24.75M) | Time:00:00.02 | Mem:0.00M, Peak:0.00M | Scene, ViewLayer | Synchronizing object | Churrasqueira_Barra_3
Fra:1 Mem:24.75M (Peak 24.75M) | Time:00:00.02 | Mem:0.00M, Peak:0.00M | Scene, ViewLayer | Synchronizing object | Churrasqueira_Barra_4
Fra:1 Mem:24.76M (Peak 24.76M) | Time:00:00.02 | Mem:0.00M, Peak:0.00M | Scene, ViewLayer | Synchronizing object | Churrasqueira_Barra_5
Fra:1 Mem:24.76M (Peak 24.76M) | Time:00:00.02 | Mem:0.00M, Peak:0.00M | Scene, ViewLayer | Synchronizing object | Churrasqueira_Barra_6
Fra:1 Mem:24.76M (Peak 24.76M) | Time:00:00.02 | Mem:0.00M, Peak:0.00M | Scene, ViewLayer | Synchronizing object | Churrasqueira_Brasa
Fra:1 Mem:24.76M (Peak 24.76M) | Time:00:00.02 | Mem:0.00M, Peak:0.00M | Scene, ViewLayer | Synchronizing object | Churrasqueira_Chamine
Fra:1 Mem:24.77M (Peak 24.77M) | Time:00:00.02 | Mem:0.00M, Peak:0.00M | Scene, ViewLayer | Synchronizing object | Mesa_Tampo
Fra:1 Mem:24.77M (Peak 24.77M) | Time:00:00.02 | Mem:0.00M, Peak:0.00M | Scene, ViewLayer | Synchronizing object | Terca_Ala_Xm225
Fra:1 Mem:24.77M (Peak 24.77M) | Time:00:00.02 | Mem:0.00M, Peak:0.00M | Scene, ViewLayer | Synchronizing object | Mesa_Pe_-1_-1
Fra:1 Mem:24.77M (Peak 24.77M) | Time:00:00.02 | Mem:0.00M, Peak:0.00M | Scene, ViewLayer | Synchronizing object | Mesa_Pe_-1_1
Fra:1 Mem:24.78M (Peak 24.78M) | Time:00:00.02 | Mem:0.00M, Peak:0.00M | Scene, ViewLayer | Synchronizing object | Mesa_Pe_1_-1
Fra:1 Mem:24.78M (Peak 24.78M) | Time:00:00.02 | Mem:0.00M, Peak:0.00M | Scene, ViewLayer | Synchronizing object | Mesa_Pe_1_1
Fra:1 Mem:24.78M (Peak 24.78M) | Time:00:00.02 | Mem:0.00M, Peak:0.00M | Scene, ViewLayer | Synchronizing object | Banco_Oeste_Pe_-1
Fra:1 Mem:24.78M (Peak 24.78M) | Time:00:00.02 | Mem:0.00M, Peak:0.00M | Scene, ViewLayer | Synchronizing object | Banco_Oeste_Pe_1
Fra:1 Mem:24.79M (Peak 24.79M) | Time:00:00.02 | Mem:0.00M, Peak:0.00M | Scene, ViewLayer | Synchronizing object | Banco_Leste_Pe_-1
Fra:1 Mem:24.79M (Peak 24.79M) | Time:00:00.02 | Mem:0.00M, Peak:0.00M | Scene, ViewLayer | Synchronizing object | Banco_Leste_Pe_1
Fra:1 Mem:24.79M (Peak 24.79M) | Time:00:00.02 | Mem:0.00M, Peak:0.00M | Scene, ViewLayer | Synchronizing object | Parede_Sul_1_2
Fra:1 Mem:24.80M (Peak 24.80M) | Time:00:00.02 | Mem:0.00M, Peak:0.00M | Scene, ViewLayer | Synchronizing object | Parede_Leste_3_4
Fra:1 Mem:24.80M (Peak 24.80M) | Time:00:00.02 | Mem:0.00M, Peak:0.00M | Scene, ViewLayer | Synchronizing object | Parede_Leste_4_5
Fra:1 Mem:24.80M (Peak 24.80M) | Time:00:00.02 | Mem:0.00M, Peak:0.00M | Scene, ViewLayer | Synchronizing object | Sala_Tapete
Fra:1 Mem:24.80M (Peak 24.80M) | Time:00:00.02 | Mem:0.00M, Peak:0.00M | Scene, ViewLayer | Synchronizing object | Sofa_Sul_Assento
Fra:1 Mem:24.81M (Peak 24.81M) | Time:00:00.02 | Mem:0.00M, Peak:0.00M | Scene, ViewLayer | Synchronizing object | Sofa_Sul_Encosto
Fra:1 Mem:24.81M (Peak 24.81M) | Time:00:00.02 | Mem:0.00M, Peak:0.00M | Scene, ViewLayer | Synchronizing object | Sofa_Sul_Braco_1
Fra:1 Mem:24.81M (Peak 24.81M) | Time:00:00.02 | Mem:0.00M, Peak:0.00M | Scene, ViewLayer | Synchronizing object | Sofa_Sul_Pe_0_-1
Fra:1 Mem:24.81M (Peak 24.81M) | Time:00:00.02 | Mem:0.00M, Peak:0.00M | Scene, ViewLayer | Synchronizing object | Sofa_Sul_Pe_0_1
Fra:1 Mem:24.81M (Peak 24.81M) | Time:00:00.02 | Mem:0.00M, Peak:0.00M | Scene, ViewLayer | Synchronizing object | Sofa_Sul_Pe_1_-1
Fra:1 Mem:24.81M (Peak 24.81M) | Time:00:00.02 | Mem:0.00M, Peak:0.00M | Scene, ViewLayer | Synchronizing object | Sofa_Sul_Pe_1_1
Fra:1 Mem:24.81M (Peak 24.81M) | Time:00:00.02 | Mem:0.00M, Peak:0.00M | Scene, ViewLayer | Synchronizing object | Sofa_Norte_Assento
Fra:1 Mem:24.81M (Peak 24.81M) | Time:00:00.02 | Mem:0.00M, Peak:0.00M | Scene, ViewLayer | Synchronizing object | Sofa_Norte_Encosto
Fra:1 Mem:24.82M (Peak 24.82M) | Time:00:00.02 | Mem:0.00M, Peak:0.00M | Scene, ViewLayer | Synchronizing object | Sofa_Norte_Braco_-1
Fra:1 Mem:24.82M (Peak 24.82M) | Time:00:00.02 | Mem:0.00M, Peak:0.00M | Scene, ViewLayer | Synchronizing object | Sofa_Norte_Braco_1
Fra:1 Mem:24.82M (Peak 24.82M) | Time:00:00.02 | Mem:0.00M, Peak:0.00M | Scene, ViewLayer | Synchronizing object | Sofa_Norte_Pe_0_1
Fra:1 Mem:24.82M (Peak 24.82M) | Time:00:00.02 | Mem:0.00M, Peak:0.00M | Scene, ViewLayer | Synchronizing object | Sofa_Norte_Pe_1_-1
Fra:1 Mem:24.82M (Peak 24.82M) | Time:00:00.02 | Mem:0.00M, Peak:0.00M | Scene, ViewLayer | Synchronizing object | Sofa_Norte_Pe_1_1
Fra:1 Mem:24.82M (Peak 24.82M) | Time:00:00.02 | Mem:0.00M, Peak:0.00M | Scene, ViewLayer | Synchronizing object | Mesa_Centro_Pe_-1_-1
Fra:1 Mem:24.82M (Peak 24.82M) | Time:00:00.02 | Mem:0.00M, Peak:0.00M | Scene, ViewLayer | Synchronizing object | Mesa_Centro_Pe_-1_1
Fra:1 Mem:24.82M (Peak 24.82M) | Time:00:00.02 | Mem:0.00M, Peak:0.00M | Scene, ViewLayer | Synchronizing object | Mesa_Centro_Pe_1_-1
Fra:1 Mem:24.83M (Peak 24.83M) | Time:00:00.03 | Mem:0.00M, Peak:0.00M | Scene, ViewLayer | Synchronizing object | MesaBar_1_Tampo
Fra:1 Mem:24.84M (Peak 24.84M) | Time:00:00.03 | Mem:0.00M, Peak:0.00M | Scene, ViewLayer | Synchronizing object | MesaBar_1_Coluna
Fra:1 Mem:24.85M (Peak 24.85M) | Time:00:00.03 | Mem:0.00M, Peak:0.00M | Scene, ViewLayer | Synchronizing object | Terca_Central_X2
Fra:1 Mem:24.85M (Peak 24.85M) | Time:00:00.03 | Mem:0.00M, Peak:0.00M | Scene, ViewLayer | Synchronizing object | MesaBar_1_Banqueta_1_Assento
Fra:1 Mem:24.85M (Peak 24.85M) | Time:00:00.03 | Mem:0.00M, Peak:0.00M | Scene, ViewLayer | Synchronizing object | MesaBar_1_Banqueta_1_Coluna
Fra:1 Mem:24.86M (Peak 24.86M) | Time:00:00.03 | Mem:0.00M, Peak:0.00M | Scene, ViewLayer | Synchronizing object | MesaBar_1_Banqueta_2_Assento
Fra:1 Mem:24.86M (Peak 24.86M) | Time:00:00.03 | Mem:0.00M, Peak:0.00M | Scene, ViewLayer | Synchronizing object | MesaBar_1_Banqueta_2_Coluna
Fra:1 Mem:24.87M (Peak 24.87M) | Time:00:00.03 | Mem:0.00M, Peak:0.00M | Scene, ViewLayer | Synchronizing object | MesaBar_2_Tampo
Fra:1 Mem:24.88M (Peak 24.88M) | Time:00:00.03 | Mem:0.00M, Peak:0.00M | Scene, ViewLayer | Synchronizing object | MesaBar_2_Coluna
Fra:1 Mem:24.88M (Peak 24.88M) | Time:00:00.03 | Mem:0.00M, Peak:0.00M | Scene, ViewLayer | Synchronizing object | MesaBar_2_Base
Fra:1 Mem:24.88M (Peak 24.88M) | Time:00:00.03 | Mem:0.00M, Peak:0.00M | Scene, ViewLayer | Synchronizing object | MesaBar_2_Banqueta_1_Coluna
Fra:1 Mem:24.88M (Peak 24.88M) | Time:00:00.03 | Mem:0.00M, Peak:0.00M | Scene, ViewLayer | Synchronizing object | MesaBar_2_Banqueta_1_Base
Fra:1 Mem:24.89M (Peak 24.89M) | Time:00:00.03 | Mem:0.00M, Peak:0.00M | Scene, ViewLayer | Synchronizing object | MesaBar_2_Banqueta_2_Assento
Fra:1 Mem:24.89M (Peak 24.89M) | Time:00:00.03 | Mem:0.00M, Peak:0.00M | Scene, ViewLayer | Synchronizing object | MesaBar_2_Banqueta_2_Coluna
Fra:1 Mem:24.89M (Peak 24.89M) | Time:00:00.03 | Mem:0.00M, Peak:0.00M | Scene, ViewLayer | Synchronizing object | MesaBar_2_Banqueta_2_Base
Fra:1 Mem:24.90M (Peak 24.90M) | Time:00:00.03 | Mem:0.00M, Peak:0.00M | Scene, ViewLayer | Synchronizing object | Geladeira_Corpo
Fra:1 Mem:24.90M (Peak 24.90M) | Time:00:00.03 | Mem:0.00M, Peak:0.00M | Scene, ViewLayer | Synchronizing object | Geladeira_Linha_Divisoria
Fra:1 Mem:24.90M (Peak 24.90M) | Time:00:00.03 | Mem:0.00M, Peak:0.00M | Scene, ViewLayer | Synchronizing object | Geladeira_Puxador_1
Fra:1 Mem:24.90M (Peak 24.90M) | Time:00:00.03 | Mem:0.00M, Peak:0.00M | Scene, ViewLayer | Synchronizing object | Fogao_Corpo
Fra:1 Mem:24.90M (Peak 24.90M) | Time:00:00.03 | Mem:0.00M, Peak:0.00M | Scene, ViewLayer | Synchronizing object | Fogao_Cooktop
Fra:1 Mem:24.91M (Peak 24.91M) | Time:00:00.03 | Mem:0.00M, Peak:0.00M | Scene, ViewLayer | Synchronizing object | Fogao_Boca_0_0
Fra:1 Mem:24.91M (Peak 24.91M) | Time:00:00.03 | Mem:0.00M, Peak:0.00M | Scene, ViewLayer | Synchronizing object | Fogao_Boca_1_0
Fra:1 Mem:24.92M (Peak 24.92M) | Time:00:00.03 | Mem:0.00M, Peak:0.00M | Scene, ViewLayer | Synchronizing object | Fogao_Boca_1_1
Fra:1 Mem:24.93M (Peak 24.93M) | Time:00:00.03 | Mem:0.00M, Peak:0.00M | Scene, ViewLayer | Synchronizing object | Fogao_Forno_Porta
Fra:1 Mem:24.93M (Peak 24.93M) | Time:00:00.03 | Mem:0.00M, Peak:0.00M | Scene, ViewLayer | Synchronizing object | TV_Suporte
Fra:1 Mem:24.93M (Peak 24.93M) | Time:00:00.03 | Mem:0.00M, Peak:0.00M | Scene, ViewLayer | Synchronizing object | TV_Moldura
Fra:1 Mem:24.94M (Peak 24.94M) | Time:00:00.03 | Mem:0.00M, Peak:0.00M | Scene, ViewLayer | Synchronizing object | TV_Tela
Fra:1 Mem:24.94M (Peak 24.94M) | Time:00:00.03 | Mem:0.00M, Peak:0.00M | Scene, ViewLayer | Synchronizing object | Montante_P2
Fra:1 Mem:24.94M (Peak 24.94M) | Time:00:00.03 | Mem:0.00M, Peak:0.00M | Scene, ViewLayer | Synchronizing object | Terca_Oeste_X0
Fra:1 Mem:24.94M (Peak 24.94M) | Time:00:00.03 | Mem:0.00M, Peak:0.00M | Scene, ViewLayer | Synchronizing object | Montante_P3
Fra:1 Mem:24.95M (Peak 24.95M) | Time:00:00.03 | Mem:0.00M, Peak:0.00M | Scene, ViewLayer | Synchronizing object | Montante_P4
Fra:1 Mem:24.95M (Peak 24.95M) | Time:00:00.03 | Mem:0.00M, Peak:0.00M | Scene, ViewLayer | Synchronizing object | Montante_P5
Fra:1 Mem:24.95M (Peak 24.95M) | Time:00:00.03 | Mem:0.00M, Peak:0.00M | Scene, ViewLayer | Synchronizing object | Viga_Transv_Y0
Fra:1 Mem:24.97M (Peak 24.97M) | Time:00:00.03 | Mem:0.00M, Peak:0.00M | Scene, ViewLayer | Synchronizing object | Viga_Transv_Y4
Fra:1 Mem:24.97M (Peak 24.97M) | Time:00:00.03 | Mem:0.00M, Peak:0.00M | Scene, ViewLayer | Synchronizing object | Viga_Transv_Y12
Fra:1 Mem:24.97M (Peak 24.97M) | Time:00:00.03 | Mem:0.00M, Peak:0.00M | Scene, ViewLayer | Synchronizing object | Viga_Transv_Ala_Y12
Fra:1 Mem:25.03M (Peak 25.03M) | Time:00:00.03 | Mem:0.00M, Peak:0.00M | Scene, ViewLayer | Initializing
Fra:1 Mem:18.86M (Peak 25.03M) | Time:00:00.04 | Mem:0.00M, Peak:0.00M | Scene, ViewLayer | Waiting for render to start
Fra:1 Mem:18.87M (Peak 25.03M) | Time:00:00.04 | Mem:0.00M, Peak:0.00M | Scene, ViewLayer | Loading render kernels (may take a few minutes the first time)
Fra:1 Mem:18.87M (Peak 25.03M) | Time:00:00.04 | Mem:0.00M, Peak:0.00M | Scene, ViewLayer | Updating Scene
Fra:1 Mem:18.87M (Peak 25.03M) | Time:00:00.04 | Mem:0.00M, Peak:0.00M | Scene, ViewLayer | Updating Shaders
Fra:1 Mem:18.97M (Peak 25.03M) | Time:00:00.04 | Mem:0.02M, Peak:0.02M | Scene, ViewLayer | Updating Procedurals
Fra:1 Mem:18.97M (Peak 25.03M) | Time:00:00.04 | Mem:0.02M, Peak:0.02M | Scene, ViewLayer | Updating Background
Fra:1 Mem:18.97M (Peak 25.03M) | Time:00:00.04 | Mem:0.02M, Peak:0.02M | Scene, ViewLayer | Updating Camera
Fra:1 Mem:18.97M (Peak 25.03M) | Time:00:00.04 | Mem:0.02M, Peak:0.02M | Scene, ViewLayer | Updating Meshes Flags
Fra:1 Mem:18.97M (Peak 25.03M) | Time:00:00.04 | Mem:0.02M, Peak:0.02M | Scene, ViewLayer | Updating Objects
Fra:1 Mem:18.97M (Peak 25.03M) | Time:00:00.04 | Mem:0.02M, Peak:0.02M | Scene, ViewLayer | Updating Objects | Copying Transformations to device
Fra:1 Mem:19.00M (Peak 25.03M) | Time:00:00.04 | Mem:0.06M, Peak:0.06M | Scene, ViewLayer | Updating Objects | Applying Static Transformations
Fra:1 Mem:19.00M (Peak 25.03M) | Time:00:00.04 | Mem:0.06M, Peak:0.06M | Scene, ViewLayer | Updating Particle Systems
Fra:1 Mem:19.00M (Peak 25.03M) | Time:00:00.04 | Mem:0.06M, Peak:0.06M | Scene, ViewLayer | Updating Particle Systems | Copying Particles to device
Fra:1 Mem:19.00M (Peak 25.03M) | Time:00:00.04 | Mem:0.06M, Peak:0.06M | Scene, ViewLayer | Updating Meshes
Fra:1 Mem:19.16M (Peak 25.03M) | Time:00:00.04 | Mem:0.06M, Peak:0.06M | Scene, ViewLayer | Updating Mesh | Computing attributes
Fra:1 Mem:19.26M (Peak 25.03M) | Time:00:00.04 | Mem:0.07M, Peak:0.07M | Scene, ViewLayer | Updating Mesh | Copying Attributes to device
Fra:1 Mem:19.24M (Peak 25.03M) | Time:00:00.04 | Mem:0.13M, Peak:0.13M | Scene, ViewLayer | Updating Scene BVH | Building
Fra:1 Mem:19.24M (Peak 25.03M) | Time:00:00.04 | Mem:0.13M, Peak:0.13M | Scene, ViewLayer | Updating Scene BVH | Building BVH
Fra:1 Mem:19.24M (Peak 25.03M) | Time:00:00.04 | Mem:0.45M, Peak:0.45M | Scene, ViewLayer | Updating Scene BVH | Building BVH 0%
Fra:1 Mem:19.24M (Peak 25.03M) | Time:00:00.04 | Mem:0.87M, Peak:1.19M | Scene, ViewLayer | Updating Scene BVH | Copying BVH to device
Fra:1 Mem:19.24M (Peak 25.03M) | Time:00:00.04 | Mem:0.87M, Peak:1.19M | Scene, ViewLayer | Updating Mesh | Computing normals
Fra:1 Mem:19.61M (Peak 25.03M) | Time:00:00.04 | Mem:0.87M, Peak:1.19M | Scene, ViewLayer | Updating Mesh | Copying Mesh to device
Fra:1 Mem:19.61M (Peak 25.03M) | Time:00:00.04 | Mem:1.24M, Peak:1.24M | Scene, ViewLayer | Updating Objects Flags
Fra:1 Mem:19.61M (Peak 25.03M) | Time:00:00.04 | Mem:1.24M, Peak:1.24M | Scene, ViewLayer | Updating Primitive Offsets
Fra:1 Mem:19.61M (Peak 25.03M) | Time:00:00.04 | Mem:1.24M, Peak:1.24M | Scene, ViewLayer | Updating Images
Fra:1 Mem:19.61M (Peak 25.03M) | Time:00:00.04 | Mem:1.24M, Peak:1.24M | Scene, ViewLayer | Updating Camera Volume
Fra:1 Mem:19.61M (Peak 25.03M) | Time:00:00.04 | Mem:1.24M, Peak:1.24M | Scene, ViewLayer | Updating Lookup Tables
Fra:1 Mem:19.61M (Peak 25.03M) | Time:00:00.04 | Mem:1.32M, Peak:1.32M | Scene, ViewLayer | Updating Lights
Fra:1 Mem:19.61M (Peak 25.03M) | Time:00:00.04 | Mem:1.33M, Peak:1.33M | Scene, ViewLayer | Updating Lights | Computing distribution
Fra:1 Mem:19.61M (Peak 25.03M) | Time:00:00.04 | Mem:1.33M, Peak:1.33M | Scene, ViewLayer | Updating Lights | Computing tree
Fra:1 Mem:19.62M (Peak 25.03M) | Time:00:00.05 | Mem:1.33M, Peak:1.33M | Scene, ViewLayer | Updating Integrator
Fra:1 Mem:21.62M (Peak 25.03M) | Time:00:00.05 | Mem:3.33M, Peak:3.33M | Scene, ViewLayer | Updating Film
Fra:1 Mem:21.62M (Peak 25.03M) | Time:00:00.05 | Mem:3.25M, Peak:3.33M | Scene, ViewLayer | Updating Lookup Tables
Fra:1 Mem:21.62M (Peak 25.03M) | Time:00:00.05 | Mem:3.33M, Peak:3.33M | Scene, ViewLayer | Updating Baking
Fra:1 Mem:21.62M (Peak 25.03M) | Time:00:00.05 | Mem:3.33M, Peak:3.33M | Scene, ViewLayer | Updating Device | Writing constant memory
Fra:1 Mem:21.62M (Peak 25.03M) | Time:00:00.05 | Mem:3.33M, Peak:3.33M | Scene, ViewLayer | Sample 0/300
Fra:1 Mem:92.87M (Peak 92.87M) | Time:00:01.16 | Remaining:05:32.48 | Mem:74.52M, Peak:74.52M | Scene, ViewLayer | Sample 1/300
Fra:1 Mem:92.87M (Peak 92.87M) | Time:00:24.67 | Remaining:03:19.20 | Mem:74.52M, Peak:74.52M | Scene, ViewLayer | Sample 33/300
Fra:1 Mem:92.87M (Peak 92.87M) | Time:00:46.74 | Remaining:02:48.79 | Mem:74.52M, Peak:74.52M | Scene, ViewLayer | Sample 65/300
Fra:1 Mem:92.87M (Peak 92.87M) | Time:00:58.43 | Remaining:02:40.56 | Mem:74.52M, Peak:74.52M | Scene, ViewLayer | Sample 80/300
Fra:1 Mem:92.87M (Peak 92.87M) | Time:00:57.90 | Remaining:02:02.94 | Mem:74.52M, Peak:74.52M | Scene, ViewLayer | Sample 96/300
Fra:1 Mem:92.87M (Peak 92.87M) | Time:01:00.02 | Remaining:01:40.66 | Mem:74.52M, Peak:74.52M | Scene, ViewLayer | Sample 112/300
Fra:1 Mem:92.87M (Peak 92.87M) | Time:01:01.99 | Remaining:01:23.23 | Mem:74.52M, Peak:74.52M | Scene, ViewLayer | Sample 128/300
Fra:1 Mem:92.87M (Peak 92.87M) | Time:01:04.04 | Remaining:01:09.32 | Mem:74.52M, Peak:74.52M | Scene, ViewLayer | Sample 144/300
Fra:1 Mem:92.87M (Peak 92.87M) | Time:01:05.91 | Remaining:00:57.62 | Mem:74.52M, Peak:74.52M | Scene, ViewLayer | Sample 160/300
Fra:1 Mem:92.87M (Peak 92.87M) | Time:01:07.45 | Remaining:00:47.48 | Mem:74.52M, Peak:74.52M | Scene, ViewLayer | Sample 176/300
Fra:1 Mem:92.87M (Peak 92.87M) | Time:01:08.89 | Remaining:00:38.72 | Mem:74.52M, Peak:74.52M | Scene, ViewLayer | Sample 192/300
Fra:1 Mem:92.87M (Peak 92.87M) | Time:01:10.20 | Remaining:00:31.02 | Mem:74.52M, Peak:74.52M | Scene, ViewLayer | Sample 208/300
Fra:1 Mem:92.87M (Peak 92.87M) | Time:01:11.45 | Remaining:00:24.22 | Mem:74.52M, Peak:74.52M | Scene, ViewLayer | Sample 224/300
Fra:1 Mem:92.87M (Peak 92.87M) | Time:01:12.64 | Remaining:00:18.14 | Mem:74.52M, Peak:74.52M | Scene, ViewLayer | Sample 240/300
Fra:1 Mem:92.87M (Peak 92.87M) | Time:01:13.88 | Remaining:00:12.69 | Mem:74.52M, Peak:74.52M | Scene, ViewLayer | Sample 256/300
Fra:1 Mem:92.87M (Peak 92.87M) | Time:01:14.99 | Remaining:00:07.71 | Mem:74.52M, Peak:74.52M | Scene, ViewLayer | Sample 272/300
Fra:1 Mem:92.87M (Peak 92.87M) | Time:01:16.04 | Remaining:00:03.16 | Mem:74.52M, Peak:74.52M | Scene, ViewLayer | Sample 288/300
Fra:1 Mem:124.51M (Peak 187.79M) | Time:01:17.00 | Mem:74.52M, Peak:74.52M | Scene, ViewLayer | Sample 300/300
Fra:1 Mem:124.51M (Peak 187.79M) | Time:01:17.00 | Mem:74.52M, Peak:74.52M | Scene, ViewLayer | Finished
Saved: '/home/fac/piscina/V4/renders/projeto_render_8h.png'
Time: 01:17.39 (Saving: 00:00.36)

Fra:1 Mem:24.56M (Peak 24.56M) | Time:00:00.02 | Mem:0.00M, Peak:0.00M | Scene, ViewLayer | Synchronizing object | Pedestal_Concreto_1
Fra:1 Mem:24.56M (Peak 24.56M) | Time:00:00.02 | Mem:0.00M, Peak:0.00M | Scene, ViewLayer | Synchronizing object | Pedestal_Concreto_6
Fra:1 Mem:24.56M (Peak 24.56M) | Time:00:00.02 | Mem:0.00M, Peak:0.00M | Scene, ViewLayer | Synchronizing object | Pilar_Eucalipto_7
Fra:1 Mem:24.57M (Peak 24.57M) | Time:00:00.02 | Mem:0.00M, Peak:0.00M | Scene, ViewLayer | Synchronizing object | Pilar_Eucalipto_8
Fra:1 Mem:24.58M (Peak 24.58M) | Time:00:00.02 | Mem:0.00M, Peak:0.00M | Scene, ViewLayer | Synchronizing object | Pedestal_Concreto_9
Fra:1 Mem:24.58M (Peak 24.58M) | Time:00:00.02 | Mem:0.00M, Peak:0.00M | Scene, ViewLayer | Synchronizing object | Pilar_Eucalipto_9
Fra:1 Mem:24.59M (Peak 24.59M) | Time:00:00.02 | Mem:0.00M, Peak:0.00M | Scene, ViewLayer | Synchronizing object | Pedestal_Concreto_10
Fra:1 Mem:24.59M (Peak 24.59M) | Time:00:00.02 | Mem:0.00M, Peak:0.00M | Scene, ViewLayer | Synchronizing object | Piso_Quiosque_L
Fra:1 Mem:24.60M (Peak 24.60M) | Time:00:00.02 | Mem:0.00M, Peak:0.00M | Scene, ViewLayer | Synchronizing object | Telhado_Zinco_L
Fra:1 Mem:24.61M (Peak 24.61M) | Time:00:00.02 | Mem:0.00M, Peak:0.00M | Scene, ViewLayer | Synchronizing object | Piso_Area_Piscina
Fra:1 Mem:24.61M (Peak 24.61M) | Time:00:00.02 | Mem:0.00M, Peak:0.00M | Scene, ViewLayer | Synchronizing object | Piscina_Esmeralda_Agua
Fra:1 Mem:24.62M (Peak 24.62M) | Time:00:00.02 | Mem:0.00M, Peak:0.00M | Scene, ViewLayer | Synchronizing object | Banheiro_Parede_Oeste_1_a
Fra:1 Mem:24.63M (Peak 24.63M) | Time:00:00.02 | Mem:0.00M, Peak:0.00M | Scene, ViewLayer | Synchronizing object | Banheiro_Parede_Oeste_1_b
Fra:1 Mem:24.64M (Peak 24.64M) | Time:00:00.02 | Mem:0.00M, Peak:0.00M | Scene, ViewLayer | Synchronizing object | Banheiro_Parede_Oeste_1_Porta
Fra:1 Mem:24.64M (Peak 24.64M) | Time:00:00.02 | Mem:0.00M, Peak:0.00M | Scene, ViewLayer | Synchronizing object | Banheiro_Parede_Oeste_2_a
Fra:1 Mem:24.65M (Peak 24.65M) | Time:00:00.02 | Mem:0.00M, Peak:0.00M | Scene, ViewLayer | Synchronizing object | Banheiro_Parede_Oeste_2_b
Fra:1 Mem:24.66M (Peak 24.66M) | Time:00:00.02 | Mem:0.00M, Peak:0.00M | Scene, ViewLayer | Synchronizing object | Banheiro_Parede_Oeste_2_Porta
Fra:1 Mem:24.66M (Peak 24.66M) | Time:00:00.02 | Mem:0.00M, Peak:0.00M | Scene, ViewLayer | Synchronizing object | Banheiro_Parede_Leste_1_a
Fra:1 Mem:24.66M (Peak 24.66M) | Time:00:00.02 | Mem:0.00M, Peak:0.00M | Scene, ViewLayer | Synchronizing object | Banheiro_Parede_Leste_1_b
Fra:1 Mem:24.67M (Peak 24.67M) | Time:00:00.02 | Mem:0.00M, Peak:0.00M | Scene, ViewLayer | Synchronizing object | Banheiro_Parede_Leste_1_Porta
Fra:1 Mem:24.67M (Peak 24.67M) | Time:00:00.02 | Mem:0.00M, Peak:0.00M | Scene, ViewLayer | Synchronizing object | Banheiro_Parede_Leste_2_a
Fra:1 Mem:24.68M (Peak 24.68M) | Time:00:00.02 | Mem:0.00M, Peak:0.00M | Scene, ViewLayer | Synchronizing object | Banheiro_Parede_Leste_2_b
Fra:1 Mem:24.68M (Peak 24.68M) | Time:00:00.02 | Mem:0.00M, Peak:0.00M | Scene, ViewLayer | Synchronizing object | Banheiro_Parede_Leste_2_Porta
Fra:1 Mem:24.68M (Peak 24.68M) | Time:00:00.02 | Mem:0.00M, Peak:0.00M | Scene, ViewLayer | Synchronizing object | Banheiro_Parede_Norte
Fra:1 Mem:24.69M (Peak 24.69M) | Time:00:00.02 | Mem:0.00M, Peak:0.00M | Scene, ViewLayer | Synchronizing object | Banheiro_Parede_Sul
Fra:1 Mem:24.69M (Peak 24.69M) | Time:00:00.03 | Mem:0.00M, Peak:0.00M | Scene, ViewLayer | Synchronizing object | Banheiro_Parede_Central
Fra:1 Mem:24.69M (Peak 24.69M) | Time:00:00.03 | Mem:0.00M, Peak:0.00M | Scene, ViewLayer | Synchronizing object | Banheiro_Particao_Ducha
Fra:1 Mem:24.69M (Peak 24.69M) | Time:00:00.03 | Mem:0.00M, Peak:0.00M | Scene, ViewLayer | Synchronizing object | Banheiro_Particao_Lavabo
Fra:1 Mem:24.69M (Peak 24.69M) | Time:00:00.03 | Mem:0.00M, Peak:0.00M | Scene, ViewLayer | Synchronizing object | Ducha_1_Coluna
Fra:1 Mem:24.70M (Peak 24.70M) | Time:00:00.03 | Mem:0.00M, Peak:0.00M | Scene, ViewLayer | Synchronizing object | Ducha_1_Eletrico
Fra:1 Mem:24.70M (Peak 24.70M) | Time:00:00.03 | Mem:0.00M, Peak:0.00M | Scene, ViewLayer | Synchronizing object | Ducha_1_Registro
Fra:1 Mem:24.70M (Peak 24.70M) | Time:00:00.03 | Mem:0.00M, Peak:0.00M | Scene, ViewLayer | Synchronizing object | Ducha_2_Base
Fra:1 Mem:24.70M (Peak 24.70M) | Time:00:00.03 | Mem:0.00M, Peak:0.00M | Scene, ViewLayer | Synchronizing object | Ducha_2_Coluna
Fra:1 Mem:24.71M (Peak 24.71M) | Time:00:00.03 | Mem:0.00M, Peak:0.00M | Scene, ViewLayer | Synchronizing object | Ducha_2_Eletrico
Fra:1 Mem:24.71M (Peak 24.71M) | Time:00:00.03 | Mem:0.00M, Peak:0.00M | Scene, ViewLayer | Synchronizing object | Ducha_2_Registro
Fra:1 Mem:24.71M (Peak 24.71M) | Time:00:00.03 | Mem:0.00M, Peak:0.00M | Scene, ViewLayer | Synchronizing object | Lavabo_1_Caixa
Fra:1 Mem:24.71M (Peak 24.71M) | Time:00:00.03 | Mem:0.00M, Peak:0.00M | Scene, ViewLayer | Synchronizing object | Lavabo_1_Bacia
Fra:1 Mem:24.72M (Peak 24.72M) | Time:00:00.03 | Mem:0.00M, Peak:0.00M | Scene, ViewLayer | Synchronizing object | Lavabo_1_Assento
Fra:1 Mem:24.72M (Peak 24.72M) | Time:00:00.03 | Mem:0.00M, Peak:0.00M | Scene, ViewLayer | Synchronizing object | Lavabo_1_Torneira
Fra:1 Mem:24.73M (Peak 24.73M) | Time:00:00.03 | Mem:0.00M, Peak:0.00M | Scene, ViewLayer | Synchronizing object | Lavabo_2_Caixa
Fra:1 Mem:24.73M (Peak 24.73M) | Time:00:00.03 | Mem:0.00M, Peak:0.00M | Scene, ViewLayer | Synchronizing object | Lavabo_2_Assento
Fra:1 Mem:24.73M (Peak 24.73M) | Time:00:00.03 | Mem:0.00M, Peak:0.00M | Scene, ViewLayer | Synchronizing object | Lavabo_2_Pia
Fra:1 Mem:24.73M (Peak 24.73M) | Time:00:00.03 | Mem:0.00M, Peak:0.00M | Scene, ViewLayer | Synchronizing object | Lavabo_2_Torneira
Fra:1 Mem:24.73M (Peak 24.73M) | Time:00:00.03 | Mem:0.00M, Peak:0.00M | Scene, ViewLayer | Synchronizing object | Bancada_Base
Fra:1 Mem:24.73M (Peak 24.73M) | Time:00:00.03 | Mem:0.00M, Peak:0.00M | Scene, ViewLayer | Synchronizing object | Bancada_Tampo_Sul
Fra:1 Mem:24.73M (Peak 24.73M) | Time:00:00.03 | Mem:0.00M, Peak:0.00M | Scene, ViewLayer | Synchronizing object | Bancada_Tampo_Norte
Fra:1 Mem:24.74M (Peak 24.74M) | Time:00:00.03 | Mem:0.00M, Peak:0.00M | Scene, ViewLayer | Synchronizing object | Bancada_Pia_Cuba
Fra:1 Mem:24.74M (Peak 24.74M) | Time:00:00.03 | Mem:0.00M, Peak:0.00M | Scene, ViewLayer | Synchronizing object | Bancada_Pia_Coluna_Torneira
Fra:1 Mem:24.74M (Peak 24.74M) | Time:00:00.03 | Mem:0.00M, Peak:0.00M | Scene, ViewLayer | Synchronizing object | Bancada_Pia_Bico_Torneira
Fra:1 Mem:24.74M (Peak 24.74M) | Time:00:00.03 | Mem:0.00M, Peak:0.00M | Scene, ViewLayer | Synchronizing object | Churrasqueira_Corpo
Fra:1 Mem:24.74M (Peak 24.74M) | Time:00:00.03 | Mem:0.00M, Peak:0.00M | Scene, ViewLayer | Synchronizing object | Churrasqueira_Barra_2
Fra:1 Mem:24.74M (Peak 24.74M) | Time:00:00.03 | Mem:0.00M, Peak:0.00M | Scene, ViewLayer | Synchronizing object | Churrasqueira_Barra_3
Fra:1 Mem:24.75M (Peak 24.75M) | Time:00:00.03 | Mem:0.00M, Peak:0.00M | Scene, ViewLayer | Synchronizing object | Churrasqueira_Barra_4
Fra:1 Mem:24.75M (Peak 24.75M) | Time:00:00.03 | Mem:0.00M, Peak:0.00M | Scene, ViewLayer | Synchronizing object | Churrasqueira_Barra_5
Fra:1 Mem:24.76M (Peak 24.75M) | Time:00:00.03 | Mem:0.00M, Peak:0.00M | Scene, ViewLayer | Synchronizing object | Churrasqueira_Brasa
Fra:1 Mem:24.76M (Peak 24.76M) | Time:00:00.03 | Mem:0.00M, Peak:0.00M | Scene, ViewLayer | Synchronizing object | Terca_Ala_Xm225
Fra:1 Mem:24.76M (Peak 24.76M) | Time:00:00.03 | Mem:0.00M, Peak:0.00M | Scene, ViewLayer | Synchronizing object | Churrasqueira_Chamine
Fra:1 Mem:24.76M (Peak 24.76M) | Time:00:00.03 | Mem:0.00M, Peak:0.00M | Scene, ViewLayer | Synchronizing object | Mesa_Tampo
Fra:1 Mem:24.77M (Peak 24.77M) | Time:00:00.03 | Mem:0.00M, Peak:0.00M | Scene, ViewLayer | Synchronizing object | Mesa_Pe_-1_-1
Fra:1 Mem:24.77M (Peak 24.77M) | Time:00:00.03 | Mem:0.00M, Peak:0.00M | Scene, ViewLayer | Synchronizing object | Mesa_Pe_-1_1
Fra:1 Mem:24.77M (Peak 24.77M) | Time:00:00.03 | Mem:0.00M, Peak:0.00M | Scene, ViewLayer | Synchronizing object | Mesa_Pe_1_1
Fra:1 Mem:24.77M (Peak 24.77M) | Time:00:00.03 | Mem:0.00M, Peak:0.00M | Scene, ViewLayer | Synchronizing object | Banco_Oeste_Pe_-1
Fra:1 Mem:24.77M (Peak 24.77M) | Time:00:00.03 | Mem:0.00M, Peak:0.00M | Scene, ViewLayer | Synchronizing object | Banco_Oeste_Pe_1
Fra:1 Mem:24.77M (Peak 24.77M) | Time:00:00.03 | Mem:0.00M, Peak:0.00M | Scene, ViewLayer | Synchronizing object | Banco_Leste_Assento
Fra:1 Mem:24.78M (Peak 24.78M) | Time:00:00.03 | Mem:0.00M, Peak:0.00M | Scene, ViewLayer | Synchronizing object | Banco_Leste_Pe_-1
Fra:1 Mem:24.78M (Peak 24.78M) | Time:00:00.03 | Mem:0.00M, Peak:0.00M | Scene, ViewLayer | Synchronizing object | Banco_Leste_Pe_1
Fra:1 Mem:24.78M (Peak 24.78M) | Time:00:00.03 | Mem:0.00M, Peak:0.00M | Scene, ViewLayer | Synchronizing object | Parede_Sul_1_2
Fra:1 Mem:24.78M (Peak 24.78M) | Time:00:00.03 | Mem:0.00M, Peak:0.00M | Scene, ViewLayer | Synchronizing object | Parede_Leste_3_4
Fra:1 Mem:24.79M (Peak 24.79M) | Time:00:00.03 | Mem:0.00M, Peak:0.00M | Scene, ViewLayer | Synchronizing object | Parede_Leste_4_5
Fra:1 Mem:24.79M (Peak 24.79M) | Time:00:00.03 | Mem:0.00M, Peak:0.00M | Scene, ViewLayer | Synchronizing object | Sala_Tapete
Fra:1 Mem:24.80M (Peak 24.80M) | Time:00:00.03 | Mem:0.00M, Peak:0.00M | Scene, ViewLayer | Synchronizing object | Sofa_Sul_Encosto
Fra:1 Mem:24.80M (Peak 24.80M) | Time:00:00.03 | Mem:0.00M, Peak:0.00M | Scene, ViewLayer | Synchronizing object | Sofa_Sul_Braco_-1
Fra:1 Mem:24.80M (Peak 24.80M) | Time:00:00.03 | Mem:0.00M, Peak:0.00M | Scene, ViewLayer | Synchronizing object | Sofa_Sul_Pe_0_-1
Fra:1 Mem:24.80M (Peak 24.80M) | Time:00:00.03 | Mem:0.00M, Peak:0.00M | Scene, ViewLayer | Synchronizing object | Sofa_Sul_Pe_0_1
Fra:1 Mem:24.80M (Peak 24.80M) | Time:00:00.03 | Mem:0.00M, Peak:0.00M | Scene, ViewLayer | Synchronizing object | Sofa_Sul_Pe_1_-1
Fra:1 Mem:24.80M (Peak 24.80M) | Time:00:00.03 | Mem:0.00M, Peak:0.00M | Scene, ViewLayer | Synchronizing object | Sofa_Sul_Pe_1_1
Fra:1 Mem:24.80M (Peak 24.80M) | Time:00:00.03 | Mem:0.00M, Peak:0.00M | Scene, ViewLayer | Synchronizing object | Sofa_Norte_Assento
Fra:1 Mem:24.80M (Peak 24.80M) | Time:00:00.03 | Mem:0.00M, Peak:0.00M | Scene, ViewLayer | Synchronizing object | Sofa_Norte_Encosto
Fra:1 Mem:24.81M (Peak 24.81M) | Time:00:00.03 | Mem:0.00M, Peak:0.00M | Scene, ViewLayer | Synchronizing object | Sofa_Norte_Braco_-1
Fra:1 Mem:24.81M (Peak 24.81M) | Time:00:00.03 | Mem:0.00M, Peak:0.00M | Scene, ViewLayer | Synchronizing object | Sofa_Norte_Braco_1
Fra:1 Mem:24.81M (Peak 24.81M) | Time:00:00.03 | Mem:0.00M, Peak:0.00M | Scene, ViewLayer | Synchronizing object | Sofa_Norte_Pe_0_1
Fra:1 Mem:24.81M (Peak 24.81M) | Time:00:00.03 | Mem:0.00M, Peak:0.00M | Scene, ViewLayer | Synchronizing object | Sofa_Norte_Pe_1_-1
Fra:1 Mem:24.81M (Peak 24.81M) | Time:00:00.03 | Mem:0.00M, Peak:0.00M | Scene, ViewLayer | Synchronizing object | Sofa_Norte_Pe_1_1
Fra:1 Mem:24.81M (Peak 24.81M) | Time:00:00.03 | Mem:0.00M, Peak:0.00M | Scene, ViewLayer | Synchronizing object | Mesa_Centro_Pe_-1_-1
Fra:1 Mem:24.81M (Peak 24.81M) | Time:00:00.03 | Mem:0.00M, Peak:0.00M | Scene, ViewLayer | Synchronizing object | Mesa_Centro_Pe_-1_1
Fra:1 Mem:24.82M (Peak 24.82M) | Time:00:00.03 | Mem:0.00M, Peak:0.00M | Scene, ViewLayer | Synchronizing object | Mesa_Centro_Pe_1_-1
Fra:1 Mem:24.83M (Peak 24.83M) | Time:00:00.03 | Mem:0.00M, Peak:0.00M | Scene, ViewLayer | Synchronizing object | Mesa_Centro_Pe_1_1
Fra:1 Mem:24.83M (Peak 24.83M) | Time:00:00.03 | Mem:0.00M, Peak:0.00M | Scene, ViewLayer | Synchronizing object | MesaBar_1_Base
Fra:1 Mem:24.83M (Peak 24.83M) | Time:00:00.03 | Mem:0.00M, Peak:0.00M | Scene, ViewLayer | Synchronizing object | MesaBar_1_Banqueta_1_Assento
Fra:1 Mem:24.84M (Peak 24.84M) | Time:00:00.03 | Mem:0.00M, Peak:0.00M | Scene, ViewLayer | Synchronizing object | MesaBar_1_Banqueta_1_Coluna
Fra:1 Mem:24.84M (Peak 24.84M) | Time:00:00.03 | Mem:0.00M, Peak:0.00M | Scene, ViewLayer | Synchronizing object | MesaBar_1_Banqueta_2_Assento
Fra:1 Mem:24.85M (Peak 24.85M) | Time:00:00.03 | Mem:0.00M, Peak:0.00M | Scene, ViewLayer | Synchronizing object | MesaBar_1_Banqueta_2_Coluna
Fra:1 Mem:24.85M (Peak 24.85M) | Time:00:00.03 | Mem:0.00M, Peak:0.00M | Scene, ViewLayer | Synchronizing object | MesaBar_1_Banqueta_2_Base
Fra:1 Mem:24.85M (Peak 24.85M) | Time:00:00.03 | Mem:0.00M, Peak:0.00M | Scene, ViewLayer | Synchronizing object | MesaBar_2_Tampo
Fra:1 Mem:24.86M (Peak 24.86M) | Time:00:00.03 | Mem:0.00M, Peak:0.00M | Scene, ViewLayer | Synchronizing object | MesaBar_2_Coluna
Fra:1 Mem:24.87M (Peak 24.87M) | Time:00:00.03 | Mem:0.00M, Peak:0.00M | Scene, ViewLayer | Synchronizing object | MesaBar_2_Banqueta_1_Assento
Fra:1 Mem:24.87M (Peak 24.87M) | Time:00:00.03 | Mem:0.00M, Peak:0.00M | Scene, ViewLayer | Synchronizing object | MesaBar_2_Banqueta_1_Coluna
Fra:1 Mem:24.87M (Peak 24.87M) | Time:00:00.03 | Mem:0.00M, Peak:0.00M | Scene, ViewLayer | Synchronizing object | MesaBar_2_Banqueta_1_Base
Fra:1 Mem:24.88M (Peak 24.88M) | Time:00:00.03 | Mem:0.00M, Peak:0.00M | Scene, ViewLayer | Synchronizing object | MesaBar_2_Banqueta_2_Assento
Fra:1 Mem:24.88M (Peak 24.88M) | Time:00:00.03 | Mem:0.00M, Peak:0.00M | Scene, ViewLayer | Synchronizing object | MesaBar_2_Banqueta_2_Coluna
Fra:1 Mem:24.89M (Peak 24.89M) | Time:00:00.03 | Mem:0.00M, Peak:0.00M | Scene, ViewLayer | Synchronizing object | MesaBar_2_Banqueta_2_Base
Fra:1 Mem:24.90M (Peak 24.90M) | Time:00:00.03 | Mem:0.00M, Peak:0.00M | Scene, ViewLayer | Synchronizing object | Geladeira_Corpo
Fra:1 Mem:24.90M (Peak 24.90M) | Time:00:00.03 | Mem:0.00M, Peak:0.00M | Scene, ViewLayer | Synchronizing object | Geladeira_Linha_Divisoria
Fra:1 Mem:24.91M (Peak 24.91M) | Time:00:00.03 | Mem:0.00M, Peak:0.00M | Scene, ViewLayer | Synchronizing object | Geladeira_Puxador_1
Fra:1 Mem:24.91M (Peak 24.91M) | Time:00:00.03 | Mem:0.00M, Peak:0.00M | Scene, ViewLayer | Synchronizing object | Geladeira_Puxador_2
Fra:1 Mem:24.92M (Peak 24.92M) | Time:00:00.03 | Mem:0.00M, Peak:0.00M | Scene, ViewLayer | Synchronizing object | Fogao_Corpo
Fra:1 Mem:24.92M (Peak 24.92M) | Time:00:00.03 | Mem:0.00M, Peak:0.00M | Scene, ViewLayer | Synchronizing object | Fogao_Boca_0_0
Fra:1 Mem:24.92M (Peak 24.92M) | Time:00:00.03 | Mem:0.00M, Peak:0.00M | Scene, ViewLayer | Synchronizing object | Fogao_Boca_0_1
Fra:1 Mem:24.92M (Peak 24.92M) | Time:00:00.03 | Mem:0.00M, Peak:0.00M | Scene, ViewLayer | Synchronizing object | Fogao_Boca_1_0
Fra:1 Mem:24.93M (Peak 24.93M) | Time:00:00.03 | Mem:0.00M, Peak:0.00M | Scene, ViewLayer | Synchronizing object | Fogao_Boca_1_1
Fra:1 Mem:24.94M (Peak 24.94M) | Time:00:00.03 | Mem:0.00M, Peak:0.00M | Scene, ViewLayer | Synchronizing object | Fogao_Forno_Porta
Fra:1 Mem:24.94M (Peak 24.94M) | Time:00:00.03 | Mem:0.00M, Peak:0.00M | Scene, ViewLayer | Synchronizing object | TV_Suporte
Fra:1 Mem:24.94M (Peak 24.94M) | Time:00:00.03 | Mem:0.00M, Peak:0.00M | Scene, ViewLayer | Synchronizing object | TV_Moldura
Fra:1 Mem:24.94M (Peak 24.94M) | Time:00:00.03 | Mem:0.00M, Peak:0.00M | Scene, ViewLayer | Synchronizing object | TV_Tela
Fra:1 Mem:24.95M (Peak 24.95M) | Time:00:00.03 | Mem:0.00M, Peak:0.00M | Scene, ViewLayer | Synchronizing object | Montante_P2
Fra:1 Mem:24.95M (Peak 24.95M) | Time:00:00.03 | Mem:0.00M, Peak:0.00M | Scene, ViewLayer | Synchronizing object | Montante_P3
Fra:1 Mem:24.95M (Peak 24.95M) | Time:00:00.03 | Mem:0.00M, Peak:0.00M | Scene, ViewLayer | Synchronizing object | Montante_P4
Fra:1 Mem:24.95M (Peak 24.95M) | Time:00:00.03 | Mem:0.00M, Peak:0.00M | Scene, ViewLayer | Synchronizing object | Montante_P5
Fra:1 Mem:24.95M (Peak 24.95M) | Time:00:00.03 | Mem:0.00M, Peak:0.00M | Scene, ViewLayer | Synchronizing object | Viga_Transv_Y0
Fra:1 Mem:24.95M (Peak 24.95M) | Time:00:00.03 | Mem:0.00M, Peak:0.00M | Scene, ViewLayer | Synchronizing object | Viga_Transv_Y4
Fra:1 Mem:24.95M (Peak 24.95M) | Time:00:00.03 | Mem:0.00M, Peak:0.00M | Scene, ViewLayer | Synchronizing object | Viga_Transv_P9_P4
Fra:1 Mem:24.96M (Peak 24.96M) | Time:00:00.03 | Mem:0.00M, Peak:0.00M | Scene, ViewLayer | Synchronizing object | Viga_Transv_Y12
Fra:1 Mem:24.96M (Peak 24.96M) | Time:00:00.03 | Mem:0.00M, Peak:0.00M | Scene, ViewLayer | Synchronizing object | Viga_Transv_Ala_Y9_5
Fra:1 Mem:24.97M (Peak 24.97M) | Time:00:00.03 | Mem:0.00M, Peak:0.00M | Scene, ViewLayer | Synchronizing object | Viga_Transv_Ala_Y12
Fra:1 Mem:25.03M (Peak 25.03M) | Time:00:00.03 | Mem:0.00M, Peak:0.00M | Scene, ViewLayer | Initializing
Fra:1 Mem:18.86M (Peak 25.03M) | Time:00:00.04 | Mem:0.00M, Peak:0.00M | Scene, ViewLayer | Waiting for render to start
Fra:1 Mem:18.87M (Peak 25.03M) | Time:00:00.04 | Mem:0.00M, Peak:0.00M | Scene, ViewLayer | Loading render kernels (may take a few minutes the first time)
Fra:1 Mem:18.87M (Peak 25.03M) | Time:00:00.04 | Mem:0.00M, Peak:0.00M | Scene, ViewLayer | Updating Scene
Fra:1 Mem:18.87M (Peak 25.03M) | Time:00:00.04 | Mem:0.00M, Peak:0.00M | Scene, ViewLayer | Updating Shaders
Fra:1 Mem:18.97M (Peak 25.03M) | Time:00:00.04 | Mem:0.02M, Peak:0.02M | Scene, ViewLayer | Updating Procedurals
Fra:1 Mem:18.97M (Peak 25.03M) | Time:00:00.04 | Mem:0.02M, Peak:0.02M | Scene, ViewLayer | Updating Background
Fra:1 Mem:18.97M (Peak 25.03M) | Time:00:00.04 | Mem:0.02M, Peak:0.02M | Scene, ViewLayer | Updating Camera
Fra:1 Mem:18.97M (Peak 25.03M) | Time:00:00.04 | Mem:0.02M, Peak:0.02M | Scene, ViewLayer | Updating Meshes Flags
Fra:1 Mem:18.97M (Peak 25.03M) | Time:00:00.04 | Mem:0.02M, Peak:0.02M | Scene, ViewLayer | Updating Objects
Fra:1 Mem:18.97M (Peak 25.03M) | Time:00:00.04 | Mem:0.02M, Peak:0.02M | Scene, ViewLayer | Updating Objects | Copying Transformations to device
Fra:1 Mem:19.00M (Peak 25.03M) | Time:00:00.04 | Mem:0.06M, Peak:0.06M | Scene, ViewLayer | Updating Objects | Applying Static Transformations
Fra:1 Mem:19.00M (Peak 25.03M) | Time:00:00.04 | Mem:0.06M, Peak:0.06M | Scene, ViewLayer | Updating Particle Systems
Fra:1 Mem:19.00M (Peak 25.03M) | Time:00:00.04 | Mem:0.06M, Peak:0.06M | Scene, ViewLayer | Updating Particle Systems | Copying Particles to device
Fra:1 Mem:19.00M (Peak 25.03M) | Time:00:00.04 | Mem:0.06M, Peak:0.06M | Scene, ViewLayer | Updating Meshes
Fra:1 Mem:19.16M (Peak 25.03M) | Time:00:00.04 | Mem:0.06M, Peak:0.06M | Scene, ViewLayer | Updating Mesh | Computing attributes
Fra:1 Mem:19.26M (Peak 25.03M) | Time:00:00.04 | Mem:0.07M, Peak:0.07M | Scene, ViewLayer | Updating Mesh | Copying Attributes to device
Fra:1 Mem:19.24M (Peak 25.03M) | Time:00:00.04 | Mem:0.13M, Peak:0.13M | Scene, ViewLayer | Updating Scene BVH | Building
Fra:1 Mem:19.24M (Peak 25.03M) | Time:00:00.04 | Mem:0.13M, Peak:0.13M | Scene, ViewLayer | Updating Scene BVH | Building BVH
Fra:1 Mem:19.24M (Peak 25.03M) | Time:00:00.04 | Mem:0.45M, Peak:0.45M | Scene, ViewLayer | Updating Scene BVH | Building BVH 0%
Fra:1 Mem:19.24M (Peak 25.03M) | Time:00:00.05 | Mem:0.87M, Peak:1.19M | Scene, ViewLayer | Updating Scene BVH | Copying BVH to device
Fra:1 Mem:19.24M (Peak 25.03M) | Time:00:00.05 | Mem:0.87M, Peak:1.19M | Scene, ViewLayer | Updating Mesh | Computing normals
Fra:1 Mem:19.61M (Peak 25.03M) | Time:00:00.05 | Mem:0.87M, Peak:1.19M | Scene, ViewLayer | Updating Mesh | Copying Mesh to device
Fra:1 Mem:19.61M (Peak 25.03M) | Time:00:00.05 | Mem:1.24M, Peak:1.24M | Scene, ViewLayer | Updating Objects Flags
Fra:1 Mem:19.61M (Peak 25.03M) | Time:00:00.05 | Mem:1.24M, Peak:1.24M | Scene, ViewLayer | Updating Primitive Offsets
Fra:1 Mem:19.61M (Peak 25.03M) | Time:00:00.05 | Mem:1.24M, Peak:1.24M | Scene, ViewLayer | Updating Images
Fra:1 Mem:19.61M (Peak 25.03M) | Time:00:00.05 | Mem:1.24M, Peak:1.24M | Scene, ViewLayer | Updating Camera Volume
Fra:1 Mem:19.61M (Peak 25.03M) | Time:00:00.05 | Mem:1.24M, Peak:1.24M | Scene, ViewLayer | Updating Lookup Tables
Fra:1 Mem:19.61M (Peak 25.03M) | Time:00:00.05 | Mem:1.32M, Peak:1.32M | Scene, ViewLayer | Updating Lights
Fra:1 Mem:19.61M (Peak 25.03M) | Time:00:00.05 | Mem:1.33M, Peak:1.33M | Scene, ViewLayer | Updating Lights | Computing distribution
Fra:1 Mem:19.61M (Peak 25.03M) | Time:00:00.05 | Mem:1.33M, Peak:1.33M | Scene, ViewLayer | Updating Lights | Computing tree
Fra:1 Mem:19.62M (Peak 25.03M) | Time:00:00.05 | Mem:1.33M, Peak:1.33M | Scene, ViewLayer | Updating Integrator
Fra:1 Mem:21.62M (Peak 25.03M) | Time:00:00.05 | Mem:3.33M, Peak:3.33M | Scene, ViewLayer | Updating Film
Fra:1 Mem:21.62M (Peak 25.03M) | Time:00:00.05 | Mem:3.25M, Peak:3.33M | Scene, ViewLayer | Updating Lookup Tables
Fra:1 Mem:21.62M (Peak 25.03M) | Time:00:00.05 | Mem:3.33M, Peak:3.33M | Scene, ViewLayer | Updating Baking
Fra:1 Mem:21.62M (Peak 25.03M) | Time:00:00.05 | Mem:3.33M, Peak:3.33M | Scene, ViewLayer | Updating Device | Writing constant memory
Fra:1 Mem:21.62M (Peak 25.03M) | Time:00:00.05 | Mem:3.33M, Peak:3.33M | Scene, ViewLayer | Sample 0/300
Fra:1 Mem:92.87M (Peak 92.87M) | Time:00:01.05 | Remaining:04:58.31 | Mem:74.52M, Peak:74.52M | Scene, ViewLayer | Sample 1/300
Fra:1 Mem:92.87M (Peak 92.87M) | Time:00:23.87 | Remaining:03:12.73 | Mem:74.52M, Peak:74.52M | Scene, ViewLayer | Sample 33/300
Fra:1 Mem:92.87M (Peak 92.87M) | Time:00:47.14 | Remaining:02:50.26 | Mem:74.52M, Peak:74.52M | Scene, ViewLayer | Sample 65/300
Fra:1 Mem:92.87M (Peak 92.87M) | Time:00:59.61 | Remaining:02:43.80 | Mem:74.52M, Peak:74.52M | Scene, ViewLayer | Sample 80/300
Fra:1 Mem:92.87M (Peak 92.87M) | Time:01:02.20 | Remaining:02:12.07 | Mem:74.52M, Peak:74.52M | Scene, ViewLayer | Sample 96/300
Fra:1 Mem:92.87M (Peak 92.87M) | Time:01:04.13 | Remaining:01:47.55 | Mem:74.52M, Peak:74.52M | Scene, ViewLayer | Sample 112/300
Fra:1 Mem:92.87M (Peak 92.87M) | Time:01:06.17 | Remaining:01:28.84 | Mem:74.52M, Peak:74.52M | Scene, ViewLayer | Sample 128/300
Fra:1 Mem:92.87M (Peak 92.87M) | Time:01:07.81 | Remaining:01:13.40 | Mem:74.52M, Peak:74.52M | Scene, ViewLayer | Sample 144/300
Fra:1 Mem:92.87M (Peak 92.87M) | Time:01:09.34 | Remaining:01:00.62 | Mem:74.52M, Peak:74.52M | Scene, ViewLayer | Sample 160/300
Fra:1 Mem:92.87M (Peak 92.87M) | Time:01:07.95 | Remaining:00:47.83 | Mem:74.52M, Peak:74.52M | Scene, ViewLayer | Sample 176/300
Fra:1 Mem:92.87M (Peak 92.87M) | Time:01:09.29 | Remaining:00:38.95 | Mem:74.52M, Peak:74.52M | Scene, ViewLayer | Sample 192/300
Fra:1 Mem:92.87M (Peak 92.87M) | Time:01:10.65 | Remaining:00:31.22 | Mem:74.52M, Peak:74.52M | Scene, ViewLayer | Sample 208/300
Fra:1 Mem:92.87M (Peak 92.87M) | Time:01:11.87 | Remaining:00:24.36 | Mem:74.52M, Peak:74.52M | Scene, ViewLayer | Sample 224/300
Fra:1 Mem:92.87M (Peak 92.87M) | Time:01:13.06 | Remaining:00:18.25 | Mem:74.52M, Peak:74.52M | Scene, ViewLayer | Sample 240/300
Fra:1 Mem:92.87M (Peak 92.87M) | Time:01:14.18 | Remaining:00:12.74 | Mem:74.52M, Peak:74.52M | Scene, ViewLayer | Sample 256/300
Fra:1 Mem:92.87M (Peak 92.87M) | Time:01:15.43 | Remaining:00:07.75 | Mem:74.52M, Peak:74.52M | Scene, ViewLayer | Sample 272/300
Fra:1 Mem:92.87M (Peak 92.87M) | Time:01:16.58 | Remaining:00:03.18 | Mem:74.52M, Peak:74.52M | Scene, ViewLayer | Sample 288/300
Fra:1 Mem:124.51M (Peak 187.79M) | Time:01:17.45 | Mem:74.52M, Peak:74.52M | Scene, ViewLayer | Sample 300/300
Fra:1 Mem:124.51M (Peak 187.79M) | Time:01:17.45 | Mem:74.52M, Peak:74.52M | Scene, ViewLayer | Finished
Saved: '/home/fac/piscina/V4/renders/projeto_render_9h.png'
Time: 01:17.85 (Saving: 00:00.38)

Fra:1 Mem:24.56M (Peak 24.56M) | Time:00:00.01 | Mem:0.00M, Peak:0.00M | Scene, ViewLayer | Synchronizing object | Pedestal_Concreto_1
Fra:1 Mem:24.56M (Peak 24.56M) | Time:00:00.02 | Mem:0.00M, Peak:0.00M | Scene, ViewLayer | Synchronizing object | Pedestal_Concreto_5
Fra:1 Mem:24.56M (Peak 24.56M) | Time:00:00.02 | Mem:0.00M, Peak:0.00M | Scene, ViewLayer | Synchronizing object | Pedestal_Concreto_6
Fra:1 Mem:24.57M (Peak 24.57M) | Time:00:00.02 | Mem:0.00M, Peak:0.00M | Scene, ViewLayer | Synchronizing object | Pilar_Eucalipto_6
Fra:1 Mem:24.57M (Peak 24.57M) | Time:00:00.02 | Mem:0.00M, Peak:0.00M | Scene, ViewLayer | Synchronizing object | Pedestal_Concreto_7
Fra:1 Mem:24.58M (Peak 24.58M) | Time:00:00.02 | Mem:0.00M, Peak:0.00M | Scene, ViewLayer | Synchronizing object | Pilar_Eucalipto_7
Fra:1 Mem:24.58M (Peak 24.58M) | Time:00:00.02 | Mem:0.00M, Peak:0.00M | Scene, ViewLayer | Synchronizing object | Pilar_Eucalipto_8
Fra:1 Mem:24.60M (Peak 24.60M) | Time:00:00.02 | Mem:0.00M, Peak:0.00M | Scene, ViewLayer | Synchronizing object | Pilar_Eucalipto_9
Fra:1 Mem:24.60M (Peak 24.60M) | Time:00:00.02 | Mem:0.00M, Peak:0.00M | Scene, ViewLayer | Synchronizing object | Pedestal_Concreto_10
Fra:1 Mem:24.61M (Peak 24.61M) | Time:00:00.02 | Mem:0.00M, Peak:0.00M | Scene, ViewLayer | Synchronizing object | Piscina_Esmeralda_Casca
Fra:1 Mem:24.62M (Peak 24.62M) | Time:00:00.02 | Mem:0.00M, Peak:0.00M | Scene, ViewLayer | Synchronizing object | Piscina_Esmeralda_Agua
Fra:1 Mem:24.63M (Peak 24.63M) | Time:00:00.02 | Mem:0.00M, Peak:0.00M | Scene, ViewLayer | Synchronizing object | Banheiro_Parede_Oeste_1_b
Fra:1 Mem:24.63M (Peak 24.63M) | Time:00:00.02 | Mem:0.00M, Peak:0.00M | Scene, ViewLayer | Synchronizing object | Banheiro_Parede_Oeste_1_Porta
Fra:1 Mem:24.64M (Peak 24.64M) | Time:00:00.02 | Mem:0.00M, Peak:0.00M | Scene, ViewLayer | Synchronizing object | Banheiro_Parede_Oeste_2_b
Fra:1 Mem:24.64M (Peak 24.64M) | Time:00:00.02 | Mem:0.00M, Peak:0.00M | Scene, ViewLayer | Synchronizing object | Banheiro_Parede_Oeste_2_Porta
Fra:1 Mem:24.65M (Peak 24.65M) | Time:00:00.02 | Mem:0.00M, Peak:0.00M | Scene, ViewLayer | Synchronizing object | Banheiro_Parede_Leste_1_a
Fra:1 Mem:24.66M (Peak 24.66M) | Time:00:00.02 | Mem:0.00M, Peak:0.00M | Scene, ViewLayer | Synchronizing object | Banheiro_Parede_Leste_1_b
Fra:1 Mem:24.67M (Peak 24.67M) | Time:00:00.02 | Mem:0.00M, Peak:0.00M | Scene, ViewLayer | Synchronizing object | Banheiro_Parede_Leste_2_b
Fra:1 Mem:24.67M (Peak 24.67M) | Time:00:00.02 | Mem:0.00M, Peak:0.00M | Scene, ViewLayer | Synchronizing object | Banheiro_Parede_Leste_2_Porta
Fra:1 Mem:24.67M (Peak 24.67M) | Time:00:00.02 | Mem:0.00M, Peak:0.00M | Scene, ViewLayer | Synchronizing object | Banheiro_Parede_Norte
Fra:1 Mem:24.68M (Peak 24.68M) | Time:00:00.02 | Mem:0.00M, Peak:0.00M | Scene, ViewLayer | Synchronizing object | Banheiro_Parede_Sul
Fra:1 Mem:24.68M (Peak 24.68M) | Time:00:00.02 | Mem:0.00M, Peak:0.00M | Scene, ViewLayer | Synchronizing object | Banheiro_Parede_Central
Fra:1 Mem:24.68M (Peak 24.68M) | Time:00:00.02 | Mem:0.00M, Peak:0.00M | Scene, ViewLayer | Synchronizing object | Banheiro_Particao_Ducha
Fra:1 Mem:24.68M (Peak 24.68M) | Time:00:00.02 | Mem:0.00M, Peak:0.00M | Scene, ViewLayer | Synchronizing object | Banheiro_Particao_Lavabo
Fra:1 Mem:24.68M (Peak 24.68M) | Time:00:00.02 | Mem:0.00M, Peak:0.00M | Scene, ViewLayer | Synchronizing object | Banheiro_Piso
Fra:1 Mem:24.69M (Peak 24.69M) | Time:00:00.02 | Mem:0.00M, Peak:0.00M | Scene, ViewLayer | Synchronizing object | Ducha_1_Base
Fra:1 Mem:24.69M (Peak 24.69M) | Time:00:00.02 | Mem:0.00M, Peak:0.00M | Scene, ViewLayer | Synchronizing object | Ducha_1_Coluna
Fra:1 Mem:24.69M (Peak 24.69M) | Time:00:00.02 | Mem:0.00M, Peak:0.00M | Scene, ViewLayer | Synchronizing object | Ducha_1_Eletrico
Fra:1 Mem:24.70M (Peak 24.70M) | Time:00:00.02 | Mem:0.00M, Peak:0.00M | Scene, ViewLayer | Synchronizing object | Ducha_1_Registro
Fra:1 Mem:24.70M (Peak 24.70M) | Time:00:00.02 | Mem:0.00M, Peak:0.00M | Scene, ViewLayer | Synchronizing object | Ducha_2_Base
Fra:1 Mem:24.70M (Peak 24.70M) | Time:00:00.02 | Mem:0.00M, Peak:0.00M | Scene, ViewLayer | Synchronizing object | Ducha_2_Coluna
Fra:1 Mem:24.70M (Peak 24.70M) | Time:00:00.02 | Mem:0.00M, Peak:0.00M | Scene, ViewLayer | Synchronizing object | Ducha_2_Eletrico
Fra:1 Mem:24.71M (Peak 24.71M) | Time:00:00.02 | Mem:0.00M, Peak:0.00M | Scene, ViewLayer | Synchronizing object | Terreno_V4
Fra:1 Mem:24.71M (Peak 24.71M) | Time:00:00.02 | Mem:0.00M, Peak:0.00M | Scene, ViewLayer | Synchronizing object | Ducha_2_Registro
Fra:1 Mem:24.71M (Peak 24.71M) | Time:00:00.02 | Mem:0.00M, Peak:0.00M | Scene, ViewLayer | Synchronizing object | Lavabo_1_Caixa
Fra:1 Mem:24.71M (Peak 24.71M) | Time:00:00.02 | Mem:0.00M, Peak:0.00M | Scene, ViewLayer | Synchronizing object | Lavabo_1_Bacia
Fra:1 Mem:24.71M (Peak 24.71M) | Time:00:00.02 | Mem:0.00M, Peak:0.00M | Scene, ViewLayer | Synchronizing object | Lavabo_1_Assento
Fra:1 Mem:24.71M (Peak 24.71M) | Time:00:00.02 | Mem:0.00M, Peak:0.00M | Scene, ViewLayer | Synchronizing object | Lavabo_1_Pia
Fra:1 Mem:24.71M (Peak 24.71M) | Time:00:00.02 | Mem:0.00M, Peak:0.00M | Scene, ViewLayer | Synchronizing object | Lavabo_1_Torneira
Fra:1 Mem:24.71M (Peak 24.71M) | Time:00:00.02 | Mem:0.00M, Peak:0.00M | Scene, ViewLayer | Synchronizing object | Lavabo_2_Caixa
Fra:1 Mem:24.72M (Peak 24.72M) | Time:00:00.02 | Mem:0.00M, Peak:0.00M | Scene, ViewLayer | Synchronizing object | Lavabo_2_Assento
Fra:1 Mem:24.72M (Peak 24.72M) | Time:00:00.02 | Mem:0.00M, Peak:0.00M | Scene, ViewLayer | Synchronizing object | Lavabo_2_Pia
Fra:1 Mem:24.72M (Peak 24.72M) | Time:00:00.02 | Mem:0.00M, Peak:0.00M | Scene, ViewLayer | Synchronizing object | Lavabo_2_Torneira
Fra:1 Mem:24.72M (Peak 24.72M) | Time:00:00.02 | Mem:0.00M, Peak:0.00M | Scene, ViewLayer | Synchronizing object | Bancada_Base
Fra:1 Mem:24.72M (Peak 24.72M) | Time:00:00.02 | Mem:0.00M, Peak:0.00M | Scene, ViewLayer | Synchronizing object | Bancada_Tampo_Sul
Fra:1 Mem:24.73M (Peak 24.73M) | Time:00:00.02 | Mem:0.00M, Peak:0.00M | Scene, ViewLayer | Synchronizing object | Bancada_Pia_Cuba
Fra:1 Mem:24.73M (Peak 24.73M) | Time:00:00.02 | Mem:0.00M, Peak:0.00M | Scene, ViewLayer | Synchronizing object | Bancada_Pia_Coluna_Torneira
Fra:1 Mem:24.73M (Peak 24.73M) | Time:00:00.02 | Mem:0.00M, Peak:0.00M | Scene, ViewLayer | Synchronizing object | Churrasqueira_Corpo
Fra:1 Mem:24.74M (Peak 24.74M) | Time:00:00.02 | Mem:0.00M, Peak:0.00M | Scene, ViewLayer | Synchronizing object | Churrasqueira_Barra_1
Fra:1 Mem:24.75M (Peak 24.75M) | Time:00:00.02 | Mem:0.00M, Peak:0.00M | Scene, ViewLayer | Synchronizing object | Churrasqueira_Barra_2
Fra:1 Mem:24.75M (Peak 24.75M) | Time:00:00.02 | Mem:0.00M, Peak:0.00M | Scene, ViewLayer | Synchronizing object | Churrasqueira_Barra_3
Fra:1 Mem:24.75M (Peak 24.75M) | Time:00:00.02 | Mem:0.00M, Peak:0.00M | Scene, ViewLayer | Synchronizing object | Churrasqueira_Barra_5
Fra:1 Mem:24.76M (Peak 24.76M) | Time:00:00.02 | Mem:0.00M, Peak:0.00M | Scene, ViewLayer | Synchronizing object | Churrasqueira_Barra_6
Fra:1 Mem:24.76M (Peak 24.76M) | Time:00:00.02 | Mem:0.00M, Peak:0.00M | Scene, ViewLayer | Synchronizing object | Terca_Leste_X4
Fra:1 Mem:24.76M (Peak 24.76M) | Time:00:00.02 | Mem:0.00M, Peak:0.00M | Scene, ViewLayer | Synchronizing object | Churrasqueira_Brasa
Fra:1 Mem:24.76M (Peak 24.76M) | Time:00:00.02 | Mem:0.00M, Peak:0.00M | Scene, ViewLayer | Synchronizing object | Churrasqueira_Chamine
Fra:1 Mem:24.77M (Peak 24.77M) | Time:00:00.02 | Mem:0.00M, Peak:0.00M | Scene, ViewLayer | Synchronizing object | Mesa_Pe_-1_-1
Fra:1 Mem:24.77M (Peak 24.77M) | Time:00:00.02 | Mem:0.00M, Peak:0.00M | Scene, ViewLayer | Synchronizing object | Mesa_Pe_-1_1
Fra:1 Mem:24.77M (Peak 24.77M) | Time:00:00.02 | Mem:0.00M, Peak:0.00M | Scene, ViewLayer | Synchronizing object | Mesa_Pe_1_1
Fra:1 Mem:24.77M (Peak 24.77M) | Time:00:00.02 | Mem:0.00M, Peak:0.00M | Scene, ViewLayer | Synchronizing object | Banco_Oeste_Assento
Fra:1 Mem:24.77M (Peak 24.77M) | Time:00:00.02 | Mem:0.00M, Peak:0.00M | Scene, ViewLayer | Synchronizing object | Banco_Oeste_Pe_-1
Fra:1 Mem:24.78M (Peak 24.78M) | Time:00:00.02 | Mem:0.00M, Peak:0.00M | Scene, ViewLayer | Synchronizing object | Banco_Oeste_Pe_1
Fra:1 Mem:24.78M (Peak 24.78M) | Time:00:00.02 | Mem:0.00M, Peak:0.00M | Scene, ViewLayer | Synchronizing object | Banco_Leste_Assento
Fra:1 Mem:24.78M (Peak 24.78M) | Time:00:00.02 | Mem:0.00M, Peak:0.00M | Scene, ViewLayer | Synchronizing object | Banco_Leste_Pe_1
Fra:1 Mem:24.79M (Peak 24.79M) | Time:00:00.02 | Mem:0.00M, Peak:0.00M | Scene, ViewLayer | Synchronizing object | Parede_Sul_1_2
Fra:1 Mem:24.79M (Peak 24.79M) | Time:00:00.02 | Mem:0.00M, Peak:0.00M | Scene, ViewLayer | Synchronizing object | Parede_Leste_2_3
Fra:1 Mem:24.79M (Peak 24.79M) | Time:00:00.02 | Mem:0.00M, Peak:0.00M | Scene, ViewLayer | Synchronizing object | Parede_Leste_3_4
Fra:1 Mem:24.79M (Peak 24.79M) | Time:00:00.02 | Mem:0.00M, Peak:0.00M | Scene, ViewLayer | Synchronizing object | Parede_Leste_4_5
Fra:1 Mem:24.80M (Peak 24.80M) | Time:00:00.02 | Mem:0.00M, Peak:0.00M | Scene, ViewLayer | Synchronizing object | Sala_Tapete
Fra:1 Mem:24.80M (Peak 24.80M) | Time:00:00.02 | Mem:0.00M, Peak:0.00M | Scene, ViewLayer | Synchronizing object | Sofa_Sul_Assento
Fra:1 Mem:24.80M (Peak 24.80M) | Time:00:00.02 | Mem:0.00M, Peak:0.00M | Scene, ViewLayer | Synchronizing object | Sofa_Sul_Encosto
Fra:1 Mem:24.80M (Peak 24.80M) | Time:00:00.02 | Mem:0.00M, Peak:0.00M | Scene, ViewLayer | Synchronizing object | Sofa_Sul_Braco_-1
Fra:1 Mem:24.80M (Peak 24.80M) | Time:00:00.02 | Mem:0.00M, Peak:0.00M | Scene, ViewLayer | Synchronizing object | Sofa_Sul_Braco_1
Fra:1 Mem:24.80M (Peak 24.80M) | Time:00:00.02 | Mem:0.00M, Peak:0.00M | Scene, ViewLayer | Synchronizing object | Sofa_Sul_Pe_0_-1
Fra:1 Mem:24.80M (Peak 24.80M) | Time:00:00.02 | Mem:0.00M, Peak:0.00M | Scene, ViewLayer | Synchronizing object | Sofa_Sul_Pe_1_-1
Fra:1 Mem:24.81M (Peak 24.81M) | Time:00:00.02 | Mem:0.00M, Peak:0.00M | Scene, ViewLayer | Synchronizing object | Sofa_Sul_Pe_1_1
Fra:1 Mem:24.80M (Peak 24.81M) | Time:00:00.02 | Mem:0.00M, Peak:0.00M | Scene, ViewLayer | Synchronizing object | Sofa_Norte_Assento
Fra:1 Mem:24.81M (Peak 24.81M) | Time:00:00.02 | Mem:0.00M, Peak:0.00M | Scene, ViewLayer | Synchronizing object | Sofa_Norte_Encosto
Fra:1 Mem:24.81M (Peak 24.81M) | Time:00:00.02 | Mem:0.00M, Peak:0.00M | Scene, ViewLayer | Synchronizing object | Sofa_Norte_Braco_-1
Fra:1 Mem:24.81M (Peak 24.81M) | Time:00:00.02 | Mem:0.00M, Peak:0.00M | Scene, ViewLayer | Synchronizing object | Sofa_Norte_Pe_0_-1
Fra:1 Mem:24.81M (Peak 24.81M) | Time:00:00.02 | Mem:0.00M, Peak:0.00M | Scene, ViewLayer | Synchronizing object | Sofa_Norte_Pe_0_1
Fra:1 Mem:24.81M (Peak 24.81M) | Time:00:00.02 | Mem:0.00M, Peak:0.00M | Scene, ViewLayer | Synchronizing object | Sofa_Norte_Pe_1_-1
Fra:1 Mem:24.81M (Peak 24.81M) | Time:00:00.02 | Mem:0.00M, Peak:0.00M | Scene, ViewLayer | Synchronizing object | Sofa_Norte_Pe_1_1
Fra:1 Mem:24.81M (Peak 24.81M) | Time:00:00.02 | Mem:0.00M, Peak:0.00M | Scene, ViewLayer | Synchronizing object | Mesa_Centro_Tampo
Fra:1 Mem:24.82M (Peak 24.82M) | Time:00:00.02 | Mem:0.00M, Peak:0.00M | Scene, ViewLayer | Synchronizing object | Mesa_Centro_Pe_-1_-1
Fra:1 Mem:24.82M (Peak 24.82M) | Time:00:00.02 | Mem:0.00M, Peak:0.00M | Scene, ViewLayer | Synchronizing object | Terca_Oeste_X0
Fra:1 Mem:24.82M (Peak 24.82M) | Time:00:00.02 | Mem:0.00M, Peak:0.00M | Scene, ViewLayer | Synchronizing object | Mesa_Centro_Pe_-1_1
Fra:1 Mem:24.83M (Peak 24.83M) | Time:00:00.02 | Mem:0.00M, Peak:0.00M | Scene, ViewLayer | Synchronizing object | Mesa_Centro_Pe_1_-1
Fra:1 Mem:24.83M (Peak 24.83M) | Time:00:00.02 | Mem:0.00M, Peak:0.00M | Scene, ViewLayer | Synchronizing object | Mesa_Centro_Pe_1_1
Fra:1 Mem:24.83M (Peak 24.83M) | Time:00:00.02 | Mem:0.00M, Peak:0.00M | Scene, ViewLayer | Synchronizing object | MesaBar_1_Tampo
Fra:1 Mem:24.83M (Peak 24.83M) | Time:00:00.02 | Mem:0.00M, Peak:0.00M | Scene, ViewLayer | Synchronizing object | MesaBar_1_Coluna
Fra:1 Mem:24.83M (Peak 24.83M) | Time:00:00.02 | Mem:0.00M, Peak:0.00M | Scene, ViewLayer | Synchronizing object | MesaBar_1_Base
Fra:1 Mem:24.83M (Peak 24.83M) | Time:00:00.02 | Mem:0.00M, Peak:0.00M | Scene, ViewLayer | Synchronizing object | MesaBar_1_Banqueta_1_Assento
Fra:1 Mem:24.84M (Peak 24.84M) | Time:00:00.02 | Mem:0.00M, Peak:0.00M | Scene, ViewLayer | Synchronizing object | MesaBar_1_Banqueta_1_Coluna
Fra:1 Mem:24.84M (Peak 24.84M) | Time:00:00.02 | Mem:0.00M, Peak:0.00M | Scene, ViewLayer | Synchronizing object | MesaBar_1_Banqueta_1_Base
Fra:1 Mem:24.84M (Peak 24.84M) | Time:00:00.02 | Mem:0.00M, Peak:0.00M | Scene, ViewLayer | Synchronizing object | MesaBar_1_Banqueta_2_Coluna
Fra:1 Mem:24.85M (Peak 24.85M) | Time:00:00.02 | Mem:0.00M, Peak:0.00M | Scene, ViewLayer | Synchronizing object | MesaBar_1_Banqueta_2_Base
Fra:1 Mem:24.85M (Peak 24.85M) | Time:00:00.02 | Mem:0.00M, Peak:0.00M | Scene, ViewLayer | Synchronizing object | MesaBar_2_Tampo
Fra:1 Mem:24.85M (Peak 24.85M) | Time:00:00.02 | Mem:0.00M, Peak:0.00M | Scene, ViewLayer | Synchronizing object | MesaBar_2_Coluna
Fra:1 Mem:24.86M (Peak 24.86M) | Time:00:00.02 | Mem:0.00M, Peak:0.00M | Scene, ViewLayer | Synchronizing object | MesaBar_2_Base
Fra:1 Mem:24.86M (Peak 24.86M) | Time:00:00.02 | Mem:0.00M, Peak:0.00M | Scene, ViewLayer | Synchronizing object | MesaBar_2_Banqueta_1_Assento
Fra:1 Mem:24.87M (Peak 24.87M) | Time:00:00.02 | Mem:0.00M, Peak:0.00M | Scene, ViewLayer | Synchronizing object | Viga_Transv_Ala_Y12
Fra:1 Mem:24.87M (Peak 24.87M) | Time:00:00.02 | Mem:0.00M, Peak:0.00M | Scene, ViewLayer | Synchronizing object | MesaBar_2_Banqueta_1_Coluna
Fra:1 Mem:24.87M (Peak 24.87M) | Time:00:00.02 | Mem:0.00M, Peak:0.00M | Scene, ViewLayer | Synchronizing object | MesaBar_2_Banqueta_1_Base
Fra:1 Mem:24.89M (Peak 24.89M) | Time:00:00.02 | Mem:0.00M, Peak:0.00M | Scene, ViewLayer | Synchronizing object | MesaBar_2_Banqueta_2_Assento
Fra:1 Mem:24.89M (Peak 24.89M) | Time:00:00.02 | Mem:0.00M, Peak:0.00M | Scene, ViewLayer | Synchronizing object | MesaBar_2_Banqueta_2_Base
Fra:1 Mem:24.89M (Peak 24.89M) | Time:00:00.02 | Mem:0.00M, Peak:0.00M | Scene, ViewLayer | Synchronizing object | Geladeira_Corpo
Fra:1 Mem:24.90M (Peak 24.90M) | Time:00:00.02 | Mem:0.00M, Peak:0.00M | Scene, ViewLayer | Synchronizing object | Geladeira_Linha_Divisoria
Fra:1 Mem:24.90M (Peak 24.90M) | Time:00:00.02 | Mem:0.00M, Peak:0.00M | Scene, ViewLayer | Synchronizing object | Geladeira_Puxador_1
Fra:1 Mem:24.91M (Peak 24.91M) | Time:00:00.02 | Mem:0.00M, Peak:0.00M | Scene, ViewLayer | Synchronizing object | Geladeira_Puxador_2
Fra:1 Mem:24.91M (Peak 24.91M) | Time:00:00.02 | Mem:0.00M, Peak:0.00M | Scene, ViewLayer | Synchronizing object | Fogao_Boca_0_0
Fra:1 Mem:24.91M (Peak 24.91M) | Time:00:00.02 | Mem:0.00M, Peak:0.00M | Scene, ViewLayer | Synchronizing object | Fogao_Boca_0_1
Fra:1 Mem:24.92M (Peak 24.92M) | Time:00:00.02 | Mem:0.00M, Peak:0.00M | Scene, ViewLayer | Synchronizing object | Fogao_Boca_1_0
Fra:1 Mem:24.93M (Peak 24.93M) | Time:00:00.02 | Mem:0.00M, Peak:0.00M | Scene, ViewLayer | Synchronizing object | Fogao_Boca_1_1
Fra:1 Mem:24.93M (Peak 24.93M) | Time:00:00.02 | Mem:0.00M, Peak:0.00M | Scene, ViewLayer | Synchronizing object | TV_Suporte
Fra:1 Mem:24.94M (Peak 24.94M) | Time:00:00.02 | Mem:0.00M, Peak:0.00M | Scene, ViewLayer | Synchronizing object | TV_Tela
Fra:1 Mem:24.94M (Peak 24.94M) | Time:00:00.02 | Mem:0.00M, Peak:0.00M | Scene, ViewLayer | Synchronizing object | Montante_P2
Fra:1 Mem:24.95M (Peak 24.95M) | Time:00:00.02 | Mem:0.00M, Peak:0.00M | Scene, ViewLayer | Synchronizing object | Montante_P3
Fra:1 Mem:24.95M (Peak 24.95M) | Time:00:00.02 | Mem:0.00M, Peak:0.00M | Scene, ViewLayer | Synchronizing object | Viga_Transv_Ala_Y9_5
Fra:1 Mem:24.96M (Peak 24.96M) | Time:00:00.02 | Mem:0.00M, Peak:0.00M | Scene, ViewLayer | Synchronizing object | Montante_P4
Fra:1 Mem:24.96M (Peak 24.96M) | Time:00:00.02 | Mem:0.00M, Peak:0.00M | Scene, ViewLayer | Synchronizing object | Montante_P5
Fra:1 Mem:24.97M (Peak 24.97M) | Time:00:00.02 | Mem:0.00M, Peak:0.00M | Scene, ViewLayer | Synchronizing object | Viga_Transv_Y0
Fra:1 Mem:24.97M (Peak 24.97M) | Time:00:00.02 | Mem:0.00M, Peak:0.00M | Scene, ViewLayer | Synchronizing object | Viga_Transv_Y4
Fra:1 Mem:24.97M (Peak 24.97M) | Time:00:00.02 | Mem:0.00M, Peak:0.00M | Scene, ViewLayer | Synchronizing object | Viga_Transv_Y12
Fra:1 Mem:25.03M (Peak 25.03M) | Time:00:00.02 | Mem:0.00M, Peak:0.00M | Scene, ViewLayer | Initializing
Fra:1 Mem:18.86M (Peak 25.03M) | Time:00:00.03 | Mem:0.00M, Peak:0.00M | Scene, ViewLayer | Waiting for render to start
Fra:1 Mem:18.87M (Peak 25.03M) | Time:00:00.03 | Mem:0.00M, Peak:0.00M | Scene, ViewLayer | Loading render kernels (may take a few minutes the first time)
Fra:1 Mem:18.87M (Peak 25.03M) | Time:00:00.03 | Mem:0.00M, Peak:0.00M | Scene, ViewLayer | Updating Scene
Fra:1 Mem:18.87M (Peak 25.03M) | Time:00:00.03 | Mem:0.00M, Peak:0.00M | Scene, ViewLayer | Updating Shaders
Fra:1 Mem:18.97M (Peak 25.03M) | Time:00:00.03 | Mem:0.02M, Peak:0.02M | Scene, ViewLayer | Updating Procedurals
Fra:1 Mem:18.97M (Peak 25.03M) | Time:00:00.03 | Mem:0.02M, Peak:0.02M | Scene, ViewLayer | Updating Background
Fra:1 Mem:18.97M (Peak 25.03M) | Time:00:00.03 | Mem:0.02M, Peak:0.02M | Scene, ViewLayer | Updating Camera
Fra:1 Mem:18.97M (Peak 25.03M) | Time:00:00.03 | Mem:0.02M, Peak:0.02M | Scene, ViewLayer | Updating Meshes Flags
Fra:1 Mem:18.97M (Peak 25.03M) | Time:00:00.03 | Mem:0.02M, Peak:0.02M | Scene, ViewLayer | Updating Objects
Fra:1 Mem:18.97M (Peak 25.03M) | Time:00:00.03 | Mem:0.02M, Peak:0.02M | Scene, ViewLayer | Updating Objects | Copying Transformations to device
Fra:1 Mem:19.00M (Peak 25.03M) | Time:00:00.03 | Mem:0.06M, Peak:0.06M | Scene, ViewLayer | Updating Objects | Applying Static Transformations
Fra:1 Mem:19.00M (Peak 25.03M) | Time:00:00.03 | Mem:0.06M, Peak:0.06M | Scene, ViewLayer | Updating Particle Systems
Fra:1 Mem:19.00M (Peak 25.03M) | Time:00:00.03 | Mem:0.06M, Peak:0.06M | Scene, ViewLayer | Updating Particle Systems | Copying Particles to device
Fra:1 Mem:19.00M (Peak 25.03M) | Time:00:00.03 | Mem:0.06M, Peak:0.06M | Scene, ViewLayer | Updating Meshes
Fra:1 Mem:19.16M (Peak 25.03M) | Time:00:00.03 | Mem:0.06M, Peak:0.06M | Scene, ViewLayer | Updating Mesh | Computing attributes
Fra:1 Mem:19.26M (Peak 25.03M) | Time:00:00.03 | Mem:0.07M, Peak:0.07M | Scene, ViewLayer | Updating Mesh | Copying Attributes to device
Fra:1 Mem:19.24M (Peak 25.03M) | Time:00:00.03 | Mem:0.13M, Peak:0.13M | Scene, ViewLayer | Updating Scene BVH | Building
Fra:1 Mem:19.24M (Peak 25.03M) | Time:00:00.03 | Mem:0.13M, Peak:0.13M | Scene, ViewLayer | Updating Scene BVH | Building BVH
Fra:1 Mem:19.24M (Peak 25.03M) | Time:00:00.03 | Mem:0.45M, Peak:0.45M | Scene, ViewLayer | Updating Scene BVH | Building BVH 0%
Fra:1 Mem:19.24M (Peak 25.03M) | Time:00:00.03 | Mem:0.87M, Peak:1.19M | Scene, ViewLayer | Updating Scene BVH | Copying BVH to device
Fra:1 Mem:19.24M (Peak 25.03M) | Time:00:00.03 | Mem:0.87M, Peak:1.19M | Scene, ViewLayer | Updating Mesh | Computing normals
Fra:1 Mem:19.61M (Peak 25.03M) | Time:00:00.03 | Mem:0.87M, Peak:1.19M | Scene, ViewLayer | Updating Mesh | Copying Mesh to device
Fra:1 Mem:19.61M (Peak 25.03M) | Time:00:00.03 | Mem:1.24M, Peak:1.24M | Scene, ViewLayer | Updating Objects Flags
Fra:1 Mem:19.61M (Peak 25.03M) | Time:00:00.03 | Mem:1.24M, Peak:1.24M | Scene, ViewLayer | Updating Primitive Offsets
Fra:1 Mem:19.61M (Peak 25.03M) | Time:00:00.03 | Mem:1.24M, Peak:1.24M | Scene, ViewLayer | Updating Images
Fra:1 Mem:19.61M (Peak 25.03M) | Time:00:00.03 | Mem:1.24M, Peak:1.24M | Scene, ViewLayer | Updating Camera Volume
Fra:1 Mem:19.61M (Peak 25.03M) | Time:00:00.03 | Mem:1.24M, Peak:1.24M | Scene, ViewLayer | Updating Lookup Tables
Fra:1 Mem:19.61M (Peak 25.03M) | Time:00:00.03 | Mem:1.32M, Peak:1.32M | Scene, ViewLayer | Updating Lights
Fra:1 Mem:19.61M (Peak 25.03M) | Time:00:00.03 | Mem:1.33M, Peak:1.33M | Scene, ViewLayer | Updating Lights | Computing distribution
Fra:1 Mem:19.61M (Peak 25.03M) | Time:00:00.03 | Mem:1.33M, Peak:1.33M | Scene, ViewLayer | Updating Lights | Computing tree
Fra:1 Mem:19.62M (Peak 25.03M) | Time:00:00.03 | Mem:1.33M, Peak:1.33M | Scene, ViewLayer | Updating Integrator
Fra:1 Mem:21.62M (Peak 25.03M) | Time:00:00.04 | Mem:3.33M, Peak:3.33M | Scene, ViewLayer | Updating Film
Fra:1 Mem:21.62M (Peak 25.03M) | Time:00:00.04 | Mem:3.25M, Peak:3.33M | Scene, ViewLayer | Updating Lookup Tables
Fra:1 Mem:21.62M (Peak 25.03M) | Time:00:00.04 | Mem:3.33M, Peak:3.33M | Scene, ViewLayer | Updating Baking
Fra:1 Mem:21.62M (Peak 25.03M) | Time:00:00.04 | Mem:3.33M, Peak:3.33M | Scene, ViewLayer | Updating Device | Writing constant memory
Fra:1 Mem:21.62M (Peak 25.03M) | Time:00:00.04 | Mem:3.33M, Peak:3.33M | Scene, ViewLayer | Sample 0/300
Fra:1 Mem:92.87M (Peak 92.87M) | Time:00:00.90 | Remaining:04:18.51 | Mem:74.52M, Peak:74.52M | Scene, ViewLayer | Sample 1/300
Fra:1 Mem:92.87M (Peak 92.87M) | Time:00:24.41 | Remaining:03:17.17 | Mem:74.52M, Peak:74.52M | Scene, ViewLayer | Sample 33/300
Fra:1 Mem:92.87M (Peak 92.87M) | Time:00:48.96 | Remaining:02:56.86 | Mem:74.52M, Peak:74.52M | Scene, ViewLayer | Sample 65/300
Fra:1 Mem:92.87M (Peak 92.87M) | Time:01:00.12 | Remaining:02:45.22 | Mem:74.52M, Peak:74.52M | Scene, ViewLayer | Sample 80/300
Fra:1 Mem:92.87M (Peak 92.87M) | Time:01:01.88 | Remaining:02:11.41 | Mem:74.52M, Peak:74.52M | Scene, ViewLayer | Sample 96/300
Fra:1 Mem:92.87M (Peak 92.87M) | Time:01:03.67 | Remaining:01:46.80 | Mem:74.52M, Peak:74.52M | Scene, ViewLayer | Sample 112/300
Fra:1 Mem:92.87M (Peak 92.87M) | Time:01:05.15 | Remaining:01:27.49 | Mem:74.52M, Peak:74.52M | Scene, ViewLayer | Sample 128/300
Fra:1 Mem:92.87M (Peak 92.87M) | Time:01:06.75 | Remaining:01:12.27 | Mem:74.52M, Peak:74.52M | Scene, ViewLayer | Sample 144/300
Fra:1 Mem:92.87M (Peak 92.87M) | Time:01:08.15 | Remaining:00:59.59 | Mem:74.52M, Peak:74.52M | Scene, ViewLayer | Sample 160/300
Fra:1 Mem:92.87M (Peak 92.87M) | Time:01:09.51 | Remaining:00:48.94 | Mem:74.52M, Peak:74.52M | Scene, ViewLayer | Sample 176/300
Fra:1 Mem:92.87M (Peak 92.87M) | Time:01:10.69 | Remaining:00:39.74 | Mem:74.52M, Peak:74.52M | Scene, ViewLayer | Sample 192/300
Fra:1 Mem:92.87M (Peak 92.87M) | Time:01:11.83 | Remaining:00:31.75 | Mem:74.52M, Peak:74.52M | Scene, ViewLayer | Sample 208/300
Fra:1 Mem:92.87M (Peak 92.87M) | Time:01:12.99 | Remaining:00:24.75 | Mem:74.52M, Peak:74.52M | Scene, ViewLayer | Sample 224/300
Fra:1 Mem:92.87M (Peak 92.87M) | Time:01:14.24 | Remaining:00:18.55 | Mem:74.52M, Peak:74.52M | Scene, ViewLayer | Sample 240/300
Fra:1 Mem:92.87M (Peak 92.87M) | Time:01:15.34 | Remaining:00:12.94 | Mem:74.52M, Peak:74.52M | Scene, ViewLayer | Sample 256/300
Fra:1 Mem:92.87M (Peak 92.87M) | Time:01:16.35 | Remaining:00:07.85 | Mem:74.52M, Peak:74.52M | Scene, ViewLayer | Sample 272/300
Fra:1 Mem:92.87M (Peak 92.87M) | Time:01:17.41 | Remaining:00:03.22 | Mem:74.52M, Peak:74.52M | Scene, ViewLayer | Sample 288/300
Fra:1 Mem:124.51M (Peak 187.79M) | Time:01:18.43 | Mem:74.52M, Peak:74.52M | Scene, ViewLayer | Sample 300/300
Fra:1 Mem:124.51M (Peak 187.79M) | Time:01:18.44 | Mem:74.52M, Peak:74.52M | Scene, ViewLayer | Finished
Saved: '/home/fac/piscina/V4/renders/projeto_render_10h.png'
Time: 01:18.74 (Saving: 00:00.28)

Fra:1 Mem:24.56M (Peak 24.56M) | Time:00:00.01 | Mem:0.00M, Peak:0.00M | Scene, ViewLayer | Synchronizing object | Pedestal_Concreto_1
Fra:1 Mem:24.56M (Peak 24.56M) | Time:00:00.01 | Mem:0.00M, Peak:0.00M | Scene, ViewLayer | Synchronizing object | Pedestal_Concreto_4
Fra:1 Mem:24.57M (Peak 24.57M) | Time:00:00.01 | Mem:0.00M, Peak:0.00M | Scene, ViewLayer | Synchronizing object | Pilar_Eucalipto_5
Fra:1 Mem:24.58M (Peak 24.58M) | Time:00:00.01 | Mem:0.00M, Peak:0.00M | Scene, ViewLayer | Synchronizing object | Pilar_Eucalipto_9
Fra:1 Mem:24.58M (Peak 24.58M) | Time:00:00.01 | Mem:0.00M, Peak:0.00M | Scene, ViewLayer | Synchronizing object | Pedestal_Concreto_10
Fra:1 Mem:24.59M (Peak 24.59M) | Time:00:00.01 | Mem:0.00M, Peak:0.00M | Scene, ViewLayer | Synchronizing object | Pilar_Eucalipto_10
Fra:1 Mem:24.59M (Peak 24.59M) | Time:00:00.01 | Mem:0.00M, Peak:0.00M | Scene, ViewLayer | Synchronizing object | Piso_Quiosque_L
Fra:1 Mem:24.60M (Peak 24.60M) | Time:00:00.01 | Mem:0.00M, Peak:0.00M | Scene, ViewLayer | Synchronizing object | Telhado_Zinco_L
Fra:1 Mem:24.61M (Peak 24.61M) | Time:00:00.01 | Mem:0.00M, Peak:0.00M | Scene, ViewLayer | Synchronizing object | Piso_Area_Piscina
Fra:1 Mem:24.61M (Peak 24.61M) | Time:00:00.01 | Mem:0.00M, Peak:0.00M | Scene, ViewLayer | Synchronizing object | Piscina_Esmeralda_Casca
Fra:1 Mem:24.61M (Peak 24.61M) | Time:00:00.01 | Mem:0.00M, Peak:0.00M | Scene, ViewLayer | Synchronizing object | Banheiro_Parede_Oeste_1_a
Fra:1 Mem:24.62M (Peak 24.62M) | Time:00:00.01 | Mem:0.00M, Peak:0.00M | Scene, ViewLayer | Synchronizing object | Banheiro_Parede_Oeste_1_b
Fra:1 Mem:24.62M (Peak 24.62M) | Time:00:00.01 | Mem:0.00M, Peak:0.00M | Scene, ViewLayer | Synchronizing object | Banheiro_Parede_Oeste_2_a
Fra:1 Mem:24.62M (Peak 24.62M) | Time:00:00.01 | Mem:0.00M, Peak:0.00M | Scene, ViewLayer | Synchronizing object | Banheiro_Parede_Oeste_2_b
Fra:1 Mem:24.64M (Peak 24.64M) | Time:00:00.01 | Mem:0.00M, Peak:0.00M | Scene, ViewLayer | Synchronizing object | Banheiro_Parede_Oeste_2_Porta
Fra:1 Mem:24.64M (Peak 24.64M) | Time:00:00.01 | Mem:0.00M, Peak:0.00M | Scene, ViewLayer | Synchronizing object | Banheiro_Parede_Leste_1_b
Fra:1 Mem:24.65M (Peak 24.65M) | Time:00:00.01 | Mem:0.00M, Peak:0.00M | Scene, ViewLayer | Synchronizing object | Banheiro_Parede_Leste_1_Porta
Fra:1 Mem:24.65M (Peak 24.65M) | Time:00:00.01 | Mem:0.00M, Peak:0.00M | Scene, ViewLayer | Synchronizing object | Banheiro_Parede_Leste_2_b
Fra:1 Mem:24.65M (Peak 24.65M) | Time:00:00.01 | Mem:0.00M, Peak:0.00M | Scene, ViewLayer | Synchronizing object | Banheiro_Parede_Leste_2_Porta
Fra:1 Mem:24.66M (Peak 24.66M) | Time:00:00.01 | Mem:0.00M, Peak:0.00M | Scene, ViewLayer | Synchronizing object | Banheiro_Parede_Sul
Fra:1 Mem:24.66M (Peak 24.66M) | Time:00:00.01 | Mem:0.00M, Peak:0.00M | Scene, ViewLayer | Synchronizing object | Banheiro_Parede_Central
Fra:1 Mem:24.66M (Peak 24.66M) | Time:00:00.01 | Mem:0.00M, Peak:0.00M | Scene, ViewLayer | Synchronizing object | Banheiro_Particao_Ducha
Fra:1 Mem:24.67M (Peak 24.67M) | Time:00:00.01 | Mem:0.00M, Peak:0.00M | Scene, ViewLayer | Synchronizing object | Banheiro_Particao_Lavabo
Fra:1 Mem:24.67M (Peak 24.67M) | Time:00:00.01 | Mem:0.00M, Peak:0.00M | Scene, ViewLayer | Synchronizing object | Banheiro_Piso
Fra:1 Mem:24.68M (Peak 24.68M) | Time:00:00.01 | Mem:0.00M, Peak:0.00M | Scene, ViewLayer | Synchronizing object | Ducha_1_Base
Fra:1 Mem:24.68M (Peak 24.68M) | Time:00:00.01 | Mem:0.00M, Peak:0.00M | Scene, ViewLayer | Synchronizing object | Ducha_1_Coluna
Fra:1 Mem:24.68M (Peak 24.68M) | Time:00:00.01 | Mem:0.00M, Peak:0.00M | Scene, ViewLayer | Synchronizing object | Ducha_1_Eletrico
Fra:1 Mem:24.69M (Peak 24.69M) | Time:00:00.01 | Mem:0.00M, Peak:0.00M | Scene, ViewLayer | Synchronizing object | Ducha_1_Registro
Fra:1 Mem:24.70M (Peak 24.70M) | Time:00:00.01 | Mem:0.00M, Peak:0.00M | Scene, ViewLayer | Synchronizing object | Ducha_2_Coluna
Fra:1 Mem:24.71M (Peak 24.71M) | Time:00:00.01 | Mem:0.00M, Peak:0.00M | Scene, ViewLayer | Synchronizing object | Ducha_2_Registro
Fra:1 Mem:24.71M (Peak 24.71M) | Time:00:00.01 | Mem:0.00M, Peak:0.00M | Scene, ViewLayer | Synchronizing object | Lavabo_1_Caixa
Fra:1 Mem:24.71M (Peak 24.71M) | Time:00:00.01 | Mem:0.00M, Peak:0.00M | Scene, ViewLayer | Synchronizing object | Lavabo_1_Bacia
Fra:1 Mem:24.71M (Peak 24.71M) | Time:00:00.01 | Mem:0.00M, Peak:0.00M | Scene, ViewLayer | Synchronizing object | Lavabo_1_Assento
Fra:1 Mem:24.71M (Peak 24.71M) | Time:00:00.01 | Mem:0.00M, Peak:0.00M | Scene, ViewLayer | Synchronizing object | Lavabo_1_Pia
Fra:1 Mem:24.71M (Peak 24.71M) | Time:00:00.01 | Mem:0.00M, Peak:0.00M | Scene, ViewLayer | Synchronizing object | Lavabo_1_Torneira
Fra:1 Mem:24.71M (Peak 24.71M) | Time:00:00.01 | Mem:0.00M, Peak:0.00M | Scene, ViewLayer | Synchronizing object | Lavabo_2_Caixa
Fra:1 Mem:24.72M (Peak 24.72M) | Time:00:00.01 | Mem:0.00M, Peak:0.00M | Scene, ViewLayer | Synchronizing object | Lavabo_2_Bacia
Fra:1 Mem:24.72M (Peak 24.72M) | Time:00:00.01 | Mem:0.00M, Peak:0.00M | Scene, ViewLayer | Synchronizing object | Lavabo_2_Assento
Fra:1 Mem:24.72M (Peak 24.72M) | Time:00:00.01 | Mem:0.00M, Peak:0.00M | Scene, ViewLayer | Synchronizing object | Lavabo_2_Pia
Fra:1 Mem:24.73M (Peak 24.73M) | Time:00:00.01 | Mem:0.00M, Peak:0.00M | Scene, ViewLayer | Synchronizing object | Lavabo_2_Torneira
Fra:1 Mem:24.73M (Peak 24.73M) | Time:00:00.01 | Mem:0.00M, Peak:0.00M | Scene, ViewLayer | Synchronizing object | Bancada_Base
Fra:1 Mem:24.73M (Peak 24.73M) | Time:00:00.01 | Mem:0.00M, Peak:0.00M | Scene, ViewLayer | Synchronizing object | Bancada_Tampo_Sul
Fra:1 Mem:24.73M (Peak 24.73M) | Time:00:00.01 | Mem:0.00M, Peak:0.00M | Scene, ViewLayer | Synchronizing object | Bancada_Tampo_Norte
Fra:1 Mem:24.73M (Peak 24.73M) | Time:00:00.01 | Mem:0.00M, Peak:0.00M | Scene, ViewLayer | Synchronizing object | Terca_Ala_Xm225
Fra:1 Mem:24.73M (Peak 24.73M) | Time:00:00.01 | Mem:0.00M, Peak:0.00M | Scene, ViewLayer | Synchronizing object | Bancada_Pia_Cuba
Fra:1 Mem:24.74M (Peak 24.74M) | Time:00:00.01 | Mem:0.00M, Peak:0.00M | Scene, ViewLayer | Synchronizing object | Bancada_Pia_Coluna_Torneira
Fra:1 Mem:24.74M (Peak 24.74M) | Time:00:00.01 | Mem:0.00M, Peak:0.00M | Scene, ViewLayer | Synchronizing object | Churrasqueira_Corpo
Fra:1 Mem:24.75M (Peak 24.75M) | Time:00:00.01 | Mem:0.00M, Peak:0.00M | Scene, ViewLayer | Synchronizing object | Churrasqueira_Barra_1
Fra:1 Mem:24.75M (Peak 24.75M) | Time:00:00.01 | Mem:0.00M, Peak:0.00M | Scene, ViewLayer | Synchronizing object | Churrasqueira_Barra_3
Fra:1 Mem:24.76M (Peak 24.76M) | Time:00:00.01 | Mem:0.00M, Peak:0.00M | Scene, ViewLayer | Synchronizing object | Churrasqueira_Barra_5
Fra:1 Mem:24.76M (Peak 24.76M) | Time:00:00.01 | Mem:0.00M, Peak:0.00M | Scene, ViewLayer | Synchronizing object | Churrasqueira_Brasa
Fra:1 Mem:24.77M (Peak 24.77M) | Time:00:00.01 | Mem:0.00M, Peak:0.00M | Scene, ViewLayer | Synchronizing object | Churrasqueira_Chamine
Fra:1 Mem:24.77M (Peak 24.77M) | Time:00:00.01 | Mem:0.00M, Peak:0.00M | Scene, ViewLayer | Synchronizing object | Mesa_Tampo
Fra:1 Mem:24.77M (Peak 24.77M) | Time:00:00.01 | Mem:0.00M, Peak:0.00M | Scene, ViewLayer | Synchronizing object | Mesa_Pe_-1_-1
Fra:1 Mem:24.77M (Peak 24.77M) | Time:00:00.01 | Mem:0.00M, Peak:0.00M | Scene, ViewLayer | Synchronizing object | Mesa_Pe_-1_1
Fra:1 Mem:24.78M (Peak 24.78M) | Time:00:00.01 | Mem:0.00M, Peak:0.00M | Scene, ViewLayer | Synchronizing object | Mesa_Pe_1_-1
Fra:1 Mem:24.78M (Peak 24.78M) | Time:00:00.01 | Mem:0.00M, Peak:0.00M | Scene, ViewLayer | Synchronizing object | Mesa_Pe_1_1
Fra:1 Mem:24.78M (Peak 24.78M) | Time:00:00.01 | Mem:0.00M, Peak:0.00M | Scene, ViewLayer | Synchronizing object | Banco_Oeste_Assento
Fra:1 Mem:24.78M (Peak 24.78M) | Time:00:00.01 | Mem:0.00M, Peak:0.00M | Scene, ViewLayer | Synchronizing object | Banco_Leste_Assento
Fra:1 Mem:24.79M (Peak 24.79M) | Time:00:00.01 | Mem:0.00M, Peak:0.00M | Scene, ViewLayer | Synchronizing object | Terca_Leste_X4
Fra:1 Mem:24.79M (Peak 24.79M) | Time:00:00.01 | Mem:0.00M, Peak:0.00M | Scene, ViewLayer | Synchronizing object | Banco_Leste_Pe_-1
Fra:1 Mem:24.79M (Peak 24.79M) | Time:00:00.01 | Mem:0.00M, Peak:0.00M | Scene, ViewLayer | Synchronizing object | Banco_Leste_Pe_1
Fra:1 Mem:24.80M (Peak 24.80M) | Time:00:00.01 | Mem:0.00M, Peak:0.00M | Scene, ViewLayer | Synchronizing object | Parede_Sul_1_2
Fra:1 Mem:24.80M (Peak 24.80M) | Time:00:00.01 | Mem:0.00M, Peak:0.00M | Scene, ViewLayer | Synchronizing object | Parede_Leste_2_3
Fra:1 Mem:24.81M (Peak 24.81M) | Time:00:00.01 | Mem:0.00M, Peak:0.00M | Scene, ViewLayer | Synchronizing object | Parede_Leste_3_4
Fra:1 Mem:24.81M (Peak 24.81M) | Time:00:00.01 | Mem:0.00M, Peak:0.00M | Scene, ViewLayer | Synchronizing object | Parede_Leste_4_5
Fra:1 Mem:24.81M (Peak 24.81M) | Time:00:00.01 | Mem:0.00M, Peak:0.00M | Scene, ViewLayer | Synchronizing object | Sala_Tapete
Fra:1 Mem:24.81M (Peak 24.81M) | Time:00:00.01 | Mem:0.00M, Peak:0.00M | Scene, ViewLayer | Synchronizing object | Sofa_Sul_Assento
Fra:1 Mem:24.81M (Peak 24.81M) | Time:00:00.02 | Mem:0.00M, Peak:0.00M | Scene, ViewLayer | Synchronizing object | Sofa_Sul_Encosto
Fra:1 Mem:24.81M (Peak 24.81M) | Time:00:00.02 | Mem:0.00M, Peak:0.00M | Scene, ViewLayer | Synchronizing object | Sofa_Sul_Braco_1
Fra:1 Mem:24.82M (Peak 24.82M) | Time:00:00.02 | Mem:0.00M, Peak:0.00M | Scene, ViewLayer | Synchronizing object | Sofa_Sul_Pe_0_-1
Fra:1 Mem:24.82M (Peak 24.82M) | Time:00:00.02 | Mem:0.00M, Peak:0.00M | Scene, ViewLayer | Synchronizing object | Sofa_Sul_Pe_0_1
Fra:1 Mem:24.82M (Peak 24.82M) | Time:00:00.02 | Mem:0.00M, Peak:0.00M | Scene, ViewLayer | Synchronizing object | Sofa_Sul_Pe_1_-1
Fra:1 Mem:24.82M (Peak 24.82M) | Time:00:00.02 | Mem:0.00M, Peak:0.00M | Scene, ViewLayer | Synchronizing object | Sofa_Sul_Pe_1_1
Fra:1 Mem:24.82M (Peak 24.82M) | Time:00:00.02 | Mem:0.00M, Peak:0.00M | Scene, ViewLayer | Synchronizing object | Sofa_Norte_Assento
Fra:1 Mem:24.82M (Peak 24.82M) | Time:00:00.02 | Mem:0.00M, Peak:0.00M | Scene, ViewLayer | Synchronizing object | Sofa_Norte_Encosto
Fra:1 Mem:24.82M (Peak 24.82M) | Time:00:00.02 | Mem:0.00M, Peak:0.00M | Scene, ViewLayer | Synchronizing object | Sofa_Norte_Braco_-1
Fra:1 Mem:24.82M (Peak 24.82M) | Time:00:00.02 | Mem:0.00M, Peak:0.00M | Scene, ViewLayer | Synchronizing object | Sofa_Norte_Pe_0_-1
Fra:1 Mem:24.82M (Peak 24.82M) | Time:00:00.02 | Mem:0.00M, Peak:0.00M | Scene, ViewLayer | Synchronizing object | Sofa_Norte_Pe_0_1
Fra:1 Mem:24.82M (Peak 24.82M) | Time:00:00.02 | Mem:0.00M, Peak:0.00M | Scene, ViewLayer | Synchronizing object | Sofa_Norte_Pe_1_-1
Fra:1 Mem:24.82M (Peak 24.82M) | Time:00:00.02 | Mem:0.00M, Peak:0.00M | Scene, ViewLayer | Synchronizing object | Sofa_Norte_Pe_1_1
Fra:1 Mem:24.82M (Peak 24.82M) | Time:00:00.02 | Mem:0.00M, Peak:0.00M | Scene, ViewLayer | Synchronizing object | Mesa_Centro_Tampo
Fra:1 Mem:24.82M (Peak 24.82M) | Time:00:00.02 | Mem:0.00M, Peak:0.00M | Scene, ViewLayer | Synchronizing object | Mesa_Centro_Pe_-1_1
Fra:1 Mem:24.82M (Peak 24.82M) | Time:00:00.02 | Mem:0.00M, Peak:0.00M | Scene, ViewLayer | Synchronizing object | Mesa_Centro_Pe_1_-1
Fra:1 Mem:24.82M (Peak 24.82M) | Time:00:00.02 | Mem:0.00M, Peak:0.00M | Scene, ViewLayer | Synchronizing object | Mesa_Centro_Pe_1_1
Fra:1 Mem:24.83M (Peak 24.83M) | Time:00:00.02 | Mem:0.00M, Peak:0.00M | Scene, ViewLayer | Synchronizing object | MesaBar_1_Tampo
Fra:1 Mem:24.83M (Peak 24.83M) | Time:00:00.02 | Mem:0.00M, Peak:0.00M | Scene, ViewLayer | Synchronizing object | MesaBar_1_Coluna
Fra:1 Mem:24.83M (Peak 24.83M) | Time:00:00.02 | Mem:0.00M, Peak:0.00M | Scene, ViewLayer | Synchronizing object | MesaBar_1_Base
Fra:1 Mem:24.84M (Peak 24.84M) | Time:00:00.02 | Mem:0.00M, Peak:0.00M | Scene, ViewLayer | Synchronizing object | MesaBar_1_Banqueta_1_Assento
Fra:1 Mem:24.84M (Peak 24.84M) | Time:00:00.02 | Mem:0.00M, Peak:0.00M | Scene, ViewLayer | Synchronizing object | Terca_Central_X2
Fra:1 Mem:24.85M (Peak 24.85M) | Time:00:00.02 | Mem:0.00M, Peak:0.00M | Scene, ViewLayer | Synchronizing object | Terca_Oeste_X0
Fra:1 Mem:24.86M (Peak 24.86M) | Time:00:00.02 | Mem:0.00M, Peak:0.00M | Scene, ViewLayer | Synchronizing object | Viga_Transv_Ala_Y12
Fra:1 Mem:24.86M (Peak 24.86M) | Time:00:00.02 | Mem:0.00M, Peak:0.00M | Scene, ViewLayer | Synchronizing object | Viga_Transv_Ala_Y9_5
Fra:1 Mem:24.86M (Peak 24.86M) | Time:00:00.02 | Mem:0.00M, Peak:0.00M | Scene, ViewLayer | Synchronizing object | MesaBar_1_Banqueta_2_Coluna
Fra:1 Mem:24.87M (Peak 24.87M) | Time:00:00.02 | Mem:0.00M, Peak:0.00M | Scene, ViewLayer | Synchronizing object | MesaBar_1_Banqueta_2_Base
Fra:1 Mem:24.87M (Peak 24.87M) | Time:00:00.02 | Mem:0.00M, Peak:0.00M | Scene, ViewLayer | Synchronizing object | MesaBar_2_Tampo
Fra:1 Mem:24.87M (Peak 24.87M) | Time:00:00.02 | Mem:0.00M, Peak:0.00M | Scene, ViewLayer | Synchronizing object | MesaBar_2_Coluna
Fra:1 Mem:24.87M (Peak 24.87M) | Time:00:00.02 | Mem:0.00M, Peak:0.00M | Scene, ViewLayer | Synchronizing object | MesaBar_2_Base
Fra:1 Mem:24.88M (Peak 24.88M) | Time:00:00.02 | Mem:0.00M, Peak:0.00M | Scene, ViewLayer | Synchronizing object | MesaBar_2_Banqueta_1_Assento
Fra:1 Mem:24.89M (Peak 24.89M) | Time:00:00.02 | Mem:0.00M, Peak:0.00M | Scene, ViewLayer | Synchronizing object | MesaBar_2_Banqueta_1_Base
Fra:1 Mem:24.90M (Peak 24.90M) | Time:00:00.02 | Mem:0.00M, Peak:0.00M | Scene, ViewLayer | Synchronizing object | MesaBar_2_Banqueta_2_Assento
Fra:1 Mem:24.90M (Peak 24.90M) | Time:00:00.02 | Mem:0.00M, Peak:0.00M | Scene, ViewLayer | Synchronizing object | MesaBar_2_Banqueta_2_Coluna
Fra:1 Mem:24.90M (Peak 24.90M) | Time:00:00.02 | Mem:0.00M, Peak:0.00M | Scene, ViewLayer | Synchronizing object | Geladeira_Corpo
Fra:1 Mem:24.90M (Peak 24.90M) | Time:00:00.02 | Mem:0.00M, Peak:0.00M | Scene, ViewLayer | Synchronizing object | Geladeira_Linha_Divisoria
Fra:1 Mem:24.91M (Peak 24.91M) | Time:00:00.02 | Mem:0.00M, Peak:0.00M | Scene, ViewLayer | Synchronizing object | Geladeira_Puxador_1
Fra:1 Mem:24.91M (Peak 24.91M) | Time:00:00.02 | Mem:0.00M, Peak:0.00M | Scene, ViewLayer | Synchronizing object | Geladeira_Puxador_2
Fra:1 Mem:24.91M (Peak 24.91M) | Time:00:00.02 | Mem:0.00M, Peak:0.00M | Scene, ViewLayer | Synchronizing object | Viga_Transv_Y12
Fra:1 Mem:24.91M (Peak 24.91M) | Time:00:00.02 | Mem:0.00M, Peak:0.00M | Scene, ViewLayer | Synchronizing object | Fogao_Cooktop
Fra:1 Mem:24.92M (Peak 24.92M) | Time:00:00.02 | Mem:0.00M, Peak:0.00M | Scene, ViewLayer | Synchronizing object | Fogao_Boca_0_0
Fra:1 Mem:24.92M (Peak 24.92M) | Time:00:00.02 | Mem:0.00M, Peak:0.00M | Scene, ViewLayer | Synchronizing object | Fogao_Boca_0_1
Fra:1 Mem:24.93M (Peak 24.93M) | Time:00:00.02 | Mem:0.00M, Peak:0.00M | Scene, ViewLayer | Synchronizing object | Fogao_Boca_1_0
Fra:1 Mem:24.93M (Peak 24.93M) | Time:00:00.02 | Mem:0.00M, Peak:0.00M | Scene, ViewLayer | Synchronizing object | Fogao_Boca_1_1
Fra:1 Mem:24.96M (Peak 24.96M) | Time:00:00.02 | Mem:0.00M, Peak:0.00M | Scene, ViewLayer | Synchronizing object | Fogao_Forno_Porta
Fra:1 Mem:24.96M (Peak 24.96M) | Time:00:00.02 | Mem:0.00M, Peak:0.00M | Scene, ViewLayer | Synchronizing object | Montante_P2
Fra:1 Mem:24.96M (Peak 24.96M) | Time:00:00.02 | Mem:0.00M, Peak:0.00M | Scene, ViewLayer | Synchronizing object | Montante_P3
Fra:1 Mem:24.97M (Peak 24.97M) | Time:00:00.02 | Mem:0.00M, Peak:0.00M | Scene, ViewLayer | Synchronizing object | Montante_P4
Fra:1 Mem:24.97M (Peak 24.97M) | Time:00:00.02 | Mem:0.00M, Peak:0.00M | Scene, ViewLayer | Synchronizing object | Montante_P5
Fra:1 Mem:24.97M (Peak 24.97M) | Time:00:00.02 | Mem:0.00M, Peak:0.00M | Scene, ViewLayer | Synchronizing object | Viga_Transv_Y0
Fra:1 Mem:24.97M (Peak 24.97M) | Time:00:00.02 | Mem:0.00M, Peak:0.00M | Scene, ViewLayer | Synchronizing object | Viga_Transv_Y4
Fra:1 Mem:24.97M (Peak 24.97M) | Time:00:00.02 | Mem:0.00M, Peak:0.00M | Scene, ViewLayer | Synchronizing object | Viga_Transv_P9_P4
Fra:1 Mem:25.03M (Peak 25.03M) | Time:00:00.02 | Mem:0.00M, Peak:0.00M | Scene, ViewLayer | Initializing
Fra:1 Mem:18.86M (Peak 25.03M) | Time:00:00.02 | Mem:0.00M, Peak:0.00M | Scene, ViewLayer | Waiting for render to start
Fra:1 Mem:18.87M (Peak 25.03M) | Time:00:00.02 | Mem:0.00M, Peak:0.00M | Scene, ViewLayer | Loading render kernels (may take a few minutes the first time)
Fra:1 Mem:18.87M (Peak 25.03M) | Time:00:00.02 | Mem:0.00M, Peak:0.00M | Scene, ViewLayer | Updating Scene
Fra:1 Mem:18.87M (Peak 25.03M) | Time:00:00.02 | Mem:0.00M, Peak:0.00M | Scene, ViewLayer | Updating Shaders
Fra:1 Mem:18.97M (Peak 25.03M) | Time:00:00.02 | Mem:0.02M, Peak:0.02M | Scene, ViewLayer | Updating Procedurals
Fra:1 Mem:18.97M (Peak 25.03M) | Time:00:00.02 | Mem:0.02M, Peak:0.02M | Scene, ViewLayer | Updating Background
Fra:1 Mem:18.97M (Peak 25.03M) | Time:00:00.02 | Mem:0.02M, Peak:0.02M | Scene, ViewLayer | Updating Camera
Fra:1 Mem:18.97M (Peak 25.03M) | Time:00:00.02 | Mem:0.02M, Peak:0.02M | Scene, ViewLayer | Updating Meshes Flags
Fra:1 Mem:18.97M (Peak 25.03M) | Time:00:00.02 | Mem:0.02M, Peak:0.02M | Scene, ViewLayer | Updating Objects
Fra:1 Mem:18.97M (Peak 25.03M) | Time:00:00.02 | Mem:0.02M, Peak:0.02M | Scene, ViewLayer | Updating Objects | Copying Transformations to device
Fra:1 Mem:19.00M (Peak 25.03M) | Time:00:00.02 | Mem:0.06M, Peak:0.06M | Scene, ViewLayer | Updating Objects | Applying Static Transformations
Fra:1 Mem:19.00M (Peak 25.03M) | Time:00:00.02 | Mem:0.06M, Peak:0.06M | Scene, ViewLayer | Updating Particle Systems
Fra:1 Mem:19.00M (Peak 25.03M) | Time:00:00.02 | Mem:0.06M, Peak:0.06M | Scene, ViewLayer | Updating Particle Systems | Copying Particles to device
Fra:1 Mem:19.00M (Peak 25.03M) | Time:00:00.02 | Mem:0.06M, Peak:0.06M | Scene, ViewLayer | Updating Meshes
Fra:1 Mem:19.16M (Peak 25.03M) | Time:00:00.02 | Mem:0.06M, Peak:0.06M | Scene, ViewLayer | Updating Mesh | Computing attributes
Fra:1 Mem:19.26M (Peak 25.03M) | Time:00:00.02 | Mem:0.07M, Peak:0.07M | Scene, ViewLayer | Updating Mesh | Copying Attributes to device
Fra:1 Mem:19.24M (Peak 25.03M) | Time:00:00.02 | Mem:0.13M, Peak:0.13M | Scene, ViewLayer | Updating Scene BVH | Building
Fra:1 Mem:19.24M (Peak 25.03M) | Time:00:00.02 | Mem:0.13M, Peak:0.13M | Scene, ViewLayer | Updating Scene BVH | Building BVH
Fra:1 Mem:19.24M (Peak 25.03M) | Time:00:00.02 | Mem:0.45M, Peak:0.45M | Scene, ViewLayer | Updating Scene BVH | Building BVH 0%
Fra:1 Mem:19.24M (Peak 25.03M) | Time:00:00.03 | Mem:0.87M, Peak:1.19M | Scene, ViewLayer | Updating Scene BVH | Copying BVH to device
Fra:1 Mem:19.24M (Peak 25.03M) | Time:00:00.03 | Mem:0.87M, Peak:1.19M | Scene, ViewLayer | Updating Mesh | Computing normals
Fra:1 Mem:19.61M (Peak 25.03M) | Time:00:00.03 | Mem:0.87M, Peak:1.19M | Scene, ViewLayer | Updating Mesh | Copying Mesh to device
Fra:1 Mem:19.61M (Peak 25.03M) | Time:00:00.03 | Mem:1.24M, Peak:1.24M | Scene, ViewLayer | Updating Objects Flags
Fra:1 Mem:19.61M (Peak 25.03M) | Time:00:00.03 | Mem:1.24M, Peak:1.24M | Scene, ViewLayer | Updating Primitive Offsets
Fra:1 Mem:19.61M (Peak 25.03M) | Time:00:00.03 | Mem:1.24M, Peak:1.24M | Scene, ViewLayer | Updating Images
Fra:1 Mem:19.61M (Peak 25.03M) | Time:00:00.03 | Mem:1.24M, Peak:1.24M | Scene, ViewLayer | Updating Camera Volume
Fra:1 Mem:19.61M (Peak 25.03M) | Time:00:00.03 | Mem:1.24M, Peak:1.24M | Scene, ViewLayer | Updating Lookup Tables
Fra:1 Mem:19.61M (Peak 25.03M) | Time:00:00.03 | Mem:1.32M, Peak:1.32M | Scene, ViewLayer | Updating Lights
Fra:1 Mem:19.61M (Peak 25.03M) | Time:00:00.03 | Mem:1.33M, Peak:1.33M | Scene, ViewLayer | Updating Lights | Computing distribution
Fra:1 Mem:19.61M (Peak 25.03M) | Time:00:00.03 | Mem:1.33M, Peak:1.33M | Scene, ViewLayer | Updating Lights | Computing tree
Fra:1 Mem:19.62M (Peak 25.03M) | Time:00:00.03 | Mem:1.33M, Peak:1.33M | Scene, ViewLayer | Updating Integrator
Fra:1 Mem:21.62M (Peak 25.03M) | Time:00:00.03 | Mem:3.33M, Peak:3.33M | Scene, ViewLayer | Updating Film
Fra:1 Mem:21.62M (Peak 25.03M) | Time:00:00.03 | Mem:3.25M, Peak:3.33M | Scene, ViewLayer | Updating Lookup Tables
Fra:1 Mem:21.62M (Peak 25.03M) | Time:00:00.03 | Mem:3.33M, Peak:3.33M | Scene, ViewLayer | Updating Baking
Fra:1 Mem:21.62M (Peak 25.03M) | Time:00:00.03 | Mem:3.33M, Peak:3.33M | Scene, ViewLayer | Updating Device | Writing constant memory
Fra:1 Mem:21.62M (Peak 25.03M) | Time:00:00.03 | Mem:3.33M, Peak:3.33M | Scene, ViewLayer | Sample 0/300
Fra:1 Mem:92.87M (Peak 92.87M) | Time:00:00.86 | Remaining:04:07.76 | Mem:74.52M, Peak:74.52M | Scene, ViewLayer | Sample 1/300
Fra:1 Mem:92.87M (Peak 92.87M) | Time:00:19.96 | Remaining:02:41.22 | Mem:74.52M, Peak:74.52M | Scene, ViewLayer | Sample 33/300
Fra:1 Mem:92.87M (Peak 92.87M) | Time:00:48.62 | Remaining:02:13.61 | Mem:74.52M, Peak:74.52M | Scene, ViewLayer | Sample 80/300
Fra:1 Mem:92.87M (Peak 92.87M) | Time:00:50.56 | Remaining:01:47.37 | Mem:74.52M, Peak:74.52M | Scene, ViewLayer | Sample 96/300
Fra:1 Mem:92.87M (Peak 92.87M) | Time:00:52.34 | Remaining:01:27.81 | Mem:74.52M, Peak:74.52M | Scene, ViewLayer | Sample 112/300
Fra:1 Mem:92.87M (Peak 92.87M) | Time:00:53.95 | Remaining:01:12.45 | Mem:74.52M, Peak:74.52M | Scene, ViewLayer | Sample 128/300
Fra:1 Mem:92.87M (Peak 92.87M) | Time:00:55.46 | Remaining:01:00.05 | Mem:74.52M, Peak:74.52M | Scene, ViewLayer | Sample 144/300
Fra:1 Mem:92.87M (Peak 92.87M) | Time:00:56.97 | Remaining:00:49.82 | Mem:74.52M, Peak:74.52M | Scene, ViewLayer | Sample 160/300
Fra:1 Mem:92.87M (Peak 92.87M) | Time:00:58.40 | Remaining:00:41.12 | Mem:74.52M, Peak:74.52M | Scene, ViewLayer | Sample 176/300
Fra:1 Mem:92.87M (Peak 92.87M) | Time:00:59.64 | Remaining:00:33.53 | Mem:74.52M, Peak:74.52M | Scene, ViewLayer | Sample 192/300
Fra:1 Mem:92.87M (Peak 92.87M) | Time:00:58.06 | Remaining:00:25.66 | Mem:74.52M, Peak:74.52M | Scene, ViewLayer | Sample 208/300
Fra:1 Mem:92.87M (Peak 92.87M) | Time:00:59.46 | Remaining:00:20.16 | Mem:74.52M, Peak:74.52M | Scene, ViewLayer | Sample 224/300
Fra:1 Mem:92.87M (Peak 92.87M) | Time:01:00.69 | Remaining:00:15.16 | Mem:74.52M, Peak:74.52M | Scene, ViewLayer | Sample 240/300
Fra:1 Mem:92.87M (Peak 92.87M) | Time:01:01.88 | Remaining:00:10.63 | Mem:74.52M, Peak:74.52M | Scene, ViewLayer | Sample 256/300
Fra:1 Mem:92.87M (Peak 92.87M) | Time:01:03.03 | Remaining:00:06.48 | Mem:74.52M, Peak:74.52M | Scene, ViewLayer | Sample 272/300
Fra:1 Mem:92.87M (Peak 92.87M) | Time:01:04.22 | Remaining:00:02.67 | Mem:74.52M, Peak:74.52M | Scene, ViewLayer | Sample 288/300
Fra:1 Mem:124.51M (Peak 187.79M) | Time:01:05.23 | Mem:74.52M, Peak:74.52M | Scene, ViewLayer | Sample 300/300
Fra:1 Mem:124.51M (Peak 187.79M) | Time:01:05.23 | Mem:74.52M, Peak:74.52M | Scene, ViewLayer | Finished
Saved: '/home/fac/piscina/V4/renders/projeto_render_11h.png'
Time: 01:05.52 (Saving: 00:00.26)

Fra:1 Mem:24.56M (Peak 24.56M) | Time:00:00.01 | Mem:0.00M, Peak:0.00M | Scene, ViewLayer | Synchronizing object | Pedestal_Concreto_1
Fra:1 Mem:24.56M (Peak 24.56M) | Time:00:00.01 | Mem:0.00M, Peak:0.00M | Scene, ViewLayer | Synchronizing object | Pedestal_Concreto_2
Fra:1 Mem:24.57M (Peak 24.57M) | Time:00:00.01 | Mem:0.00M, Peak:0.00M | Scene, ViewLayer | Synchronizing object | Pilar_Eucalipto_2
Fra:1 Mem:24.57M (Peak 24.57M) | Time:00:00.01 | Mem:0.00M, Peak:0.00M | Scene, ViewLayer | Synchronizing object | Pedestal_Concreto_6
Fra:1 Mem:24.57M (Peak 24.57M) | Time:00:00.01 | Mem:0.00M, Peak:0.00M | Scene, ViewLayer | Synchronizing object | Pilar_Eucalipto_7
Fra:1 Mem:24.58M (Peak 24.58M) | Time:00:00.01 | Mem:0.00M, Peak:0.00M | Scene, ViewLayer | Synchronizing object | Pilar_Eucalipto_9
Fra:1 Mem:24.59M (Peak 24.59M) | Time:00:00.01 | Mem:0.00M, Peak:0.00M | Scene, ViewLayer | Synchronizing object | Pilar_Eucalipto_10
Fra:1 Mem:24.59M (Peak 24.59M) | Time:00:00.01 | Mem:0.00M, Peak:0.00M | Scene, ViewLayer | Synchronizing object | Piso_Quiosque_L
Fra:1 Mem:24.60M (Peak 24.60M) | Time:00:00.01 | Mem:0.00M, Peak:0.00M | Scene, ViewLayer | Synchronizing object | Telhado_Zinco_L
Fra:1 Mem:24.61M (Peak 24.61M) | Time:00:00.01 | Mem:0.00M, Peak:0.00M | Scene, ViewLayer | Synchronizing object | Piso_Area_Piscina
Fra:1 Mem:24.61M (Peak 24.61M) | Time:00:00.01 | Mem:0.00M, Peak:0.00M | Scene, ViewLayer | Synchronizing object | Piscina_Esmeralda_Casca
Fra:1 Mem:24.61M (Peak 24.61M) | Time:00:00.01 | Mem:0.00M, Peak:0.00M | Scene, ViewLayer | Synchronizing object | Piscina_Esmeralda_Agua
Fra:1 Mem:24.61M (Peak 24.61M) | Time:00:00.01 | Mem:0.00M, Peak:0.00M | Scene, ViewLayer | Synchronizing object | Banheiro_Parede_Oeste_1_a
Fra:1 Mem:24.61M (Peak 24.61M) | Time:00:00.01 | Mem:0.00M, Peak:0.00M | Scene, ViewLayer | Synchronizing object | Banheiro_Parede_Oeste_1_b
Fra:1 Mem:24.62M (Peak 24.62M) | Time:00:00.01 | Mem:0.00M, Peak:0.00M | Scene, ViewLayer | Synchronizing object | Banheiro_Parede_Oeste_1_Porta
Fra:1 Mem:24.62M (Peak 24.62M) | Time:00:00.01 | Mem:0.00M, Peak:0.00M | Scene, ViewLayer | Synchronizing object | Banheiro_Parede_Oeste_2_a
Fra:1 Mem:24.62M (Peak 24.62M) | Time:00:00.01 | Mem:0.00M, Peak:0.00M | Scene, ViewLayer | Synchronizing object | Banheiro_Parede_Oeste_2_Porta
Fra:1 Mem:24.62M (Peak 24.62M) | Time:00:00.01 | Mem:0.00M, Peak:0.00M | Scene, ViewLayer | Synchronizing object | Banheiro_Parede_Leste_1_a
Fra:1 Mem:24.63M (Peak 24.63M) | Time:00:00.01 | Mem:0.00M, Peak:0.00M | Scene, ViewLayer | Synchronizing object | Banheiro_Parede_Leste_1_b
Fra:1 Mem:24.63M (Peak 24.63M) | Time:00:00.01 | Mem:0.00M, Peak:0.00M | Scene, ViewLayer | Synchronizing object | Banheiro_Parede_Leste_1_Porta
Fra:1 Mem:24.64M (Peak 24.64M) | Time:00:00.01 | Mem:0.00M, Peak:0.00M | Scene, ViewLayer | Synchronizing object | Banheiro_Parede_Leste_2_b
Fra:1 Mem:24.64M (Peak 24.64M) | Time:00:00.01 | Mem:0.00M, Peak:0.00M | Scene, ViewLayer | Synchronizing object | Banheiro_Parede_Norte
Fra:1 Mem:24.65M (Peak 24.65M) | Time:00:00.01 | Mem:0.00M, Peak:0.00M | Scene, ViewLayer | Synchronizing object | Banheiro_Parede_Sul
Fra:1 Mem:24.65M (Peak 24.65M) | Time:00:00.01 | Mem:0.00M, Peak:0.00M | Scene, ViewLayer | Synchronizing object | Banheiro_Parede_Central
Fra:1 Mem:24.65M (Peak 24.65M) | Time:00:00.01 | Mem:0.00M, Peak:0.00M | Scene, ViewLayer | Synchronizing object | Banheiro_Particao_Lavabo
Fra:1 Mem:24.66M (Peak 24.66M) | Time:00:00.01 | Mem:0.00M, Peak:0.00M | Scene, ViewLayer | Synchronizing object | Banheiro_Piso
Fra:1 Mem:24.66M (Peak 24.66M) | Time:00:00.01 | Mem:0.00M, Peak:0.00M | Scene, ViewLayer | Synchronizing object | Ducha_1_Base
Fra:1 Mem:24.66M (Peak 24.66M) | Time:00:00.01 | Mem:0.00M, Peak:0.00M | Scene, ViewLayer | Synchronizing object | Ducha_1_Coluna
Fra:1 Mem:24.67M (Peak 24.67M) | Time:00:00.01 | Mem:0.00M, Peak:0.00M | Scene, ViewLayer | Synchronizing object | Ducha_1_Eletrico
Fra:1 Mem:24.67M (Peak 24.67M) | Time:00:00.01 | Mem:0.00M, Peak:0.00M | Scene, ViewLayer | Synchronizing object | Ducha_1_Registro
Fra:1 Mem:24.68M (Peak 24.68M) | Time:00:00.01 | Mem:0.00M, Peak:0.00M | Scene, ViewLayer | Synchronizing object | Ducha_2_Base
Fra:1 Mem:24.68M (Peak 24.68M) | Time:00:00.01 | Mem:0.00M, Peak:0.00M | Scene, ViewLayer | Synchronizing object | Ducha_2_Coluna
Fra:1 Mem:24.69M (Peak 24.69M) | Time:00:00.01 | Mem:0.00M, Peak:0.00M | Scene, ViewLayer | Synchronizing object | Ducha_2_Registro
Fra:1 Mem:24.71M (Peak 24.71M) | Time:00:00.01 | Mem:0.00M, Peak:0.00M | Scene, ViewLayer | Synchronizing object | Lavabo_1_Bacia
Fra:1 Mem:24.71M (Peak 24.71M) | Time:00:00.01 | Mem:0.00M, Peak:0.00M | Scene, ViewLayer | Synchronizing object | Lavabo_1_Pia
Fra:1 Mem:24.71M (Peak 24.71M) | Time:00:00.01 | Mem:0.00M, Peak:0.00M | Scene, ViewLayer | Synchronizing object | Lavabo_1_Torneira
Fra:1 Mem:24.72M (Peak 24.72M) | Time:00:00.01 | Mem:0.00M, Peak:0.00M | Scene, ViewLayer | Synchronizing object | Lavabo_2_Caixa
Fra:1 Mem:24.72M (Peak 24.72M) | Time:00:00.01 | Mem:0.00M, Peak:0.00M | Scene, ViewLayer | Synchronizing object | Lavabo_2_Assento
Fra:1 Mem:24.72M (Peak 24.72M) | Time:00:00.01 | Mem:0.00M, Peak:0.00M | Scene, ViewLayer | Synchronizing object | Lavabo_2_Pia
Fra:1 Mem:24.72M (Peak 24.72M) | Time:00:00.01 | Mem:0.00M, Peak:0.00M | Scene, ViewLayer | Synchronizing object | Lavabo_2_Torneira
Fra:1 Mem:24.72M (Peak 24.72M) | Time:00:00.01 | Mem:0.00M, Peak:0.00M | Scene, ViewLayer | Synchronizing object | Bancada_Base
Fra:1 Mem:24.73M (Peak 24.73M) | Time:00:00.01 | Mem:0.00M, Peak:0.00M | Scene, ViewLayer | Synchronizing object | Bancada_Tampo_Sul
Fra:1 Mem:24.73M (Peak 24.73M) | Time:00:00.01 | Mem:0.00M, Peak:0.00M | Scene, ViewLayer | Synchronizing object | Bancada_Tampo_Norte
Fra:1 Mem:24.73M (Peak 24.73M) | Time:00:00.01 | Mem:0.00M, Peak:0.00M | Scene, ViewLayer | Synchronizing object | Bancada_Pia_Cuba
Fra:1 Mem:24.73M (Peak 24.73M) | Time:00:00.01 | Mem:0.00M, Peak:0.00M | Scene, ViewLayer | Synchronizing object | Bancada_Pia_Coluna_Torneira
Fra:1 Mem:24.74M (Peak 24.74M) | Time:00:00.01 | Mem:0.00M, Peak:0.00M | Scene, ViewLayer | Synchronizing object | Bancada_Pia_Bico_Torneira
Fra:1 Mem:24.74M (Peak 24.74M) | Time:00:00.01 | Mem:0.00M, Peak:0.00M | Scene, ViewLayer | Synchronizing object | Churrasqueira_Corpo
Fra:1 Mem:24.75M (Peak 24.75M) | Time:00:00.01 | Mem:0.00M, Peak:0.00M | Scene, ViewLayer | Synchronizing object | Churrasqueira_Barra_2
Fra:1 Mem:24.75M (Peak 24.75M) | Time:00:00.01 | Mem:0.00M, Peak:0.00M | Scene, ViewLayer | Synchronizing object | Churrasqueira_Barra_3
Fra:1 Mem:24.75M (Peak 24.75M) | Time:00:00.01 | Mem:0.00M, Peak:0.00M | Scene, ViewLayer | Synchronizing object | Churrasqueira_Barra_5
Fra:1 Mem:24.76M (Peak 24.76M) | Time:00:00.01 | Mem:0.00M, Peak:0.00M | Scene, ViewLayer | Synchronizing object | Churrasqueira_Barra_6
Fra:1 Mem:24.76M (Peak 24.76M) | Time:00:00.01 | Mem:0.00M, Peak:0.00M | Scene, ViewLayer | Synchronizing object | Churrasqueira_Brasa
Fra:1 Mem:24.76M (Peak 24.76M) | Time:00:00.01 | Mem:0.00M, Peak:0.00M | Scene, ViewLayer | Synchronizing object | Churrasqueira_Chamine
Fra:1 Mem:24.77M (Peak 24.77M) | Time:00:00.01 | Mem:0.00M, Peak:0.00M | Scene, ViewLayer | Synchronizing object | Mesa_Tampo
Fra:1 Mem:24.77M (Peak 24.77M) | Time:00:00.01 | Mem:0.00M, Peak:0.00M | Scene, ViewLayer | Synchronizing object | Mesa_Pe_-1_-1
Fra:1 Mem:24.77M (Peak 24.77M) | Time:00:00.01 | Mem:0.00M, Peak:0.00M | Scene, ViewLayer | Synchronizing object | Mesa_Pe_-1_1
Fra:1 Mem:24.78M (Peak 24.78M) | Time:00:00.01 | Mem:0.00M, Peak:0.00M | Scene, ViewLayer | Synchronizing object | Mesa_Pe_1_-1
Fra:1 Mem:24.78M (Peak 24.78M) | Time:00:00.01 | Mem:0.00M, Peak:0.00M | Scene, ViewLayer | Synchronizing object | Mesa_Pe_1_1
Fra:1 Mem:24.78M (Peak 24.78M) | Time:00:00.01 | Mem:0.00M, Peak:0.00M | Scene, ViewLayer | Synchronizing object | Banco_Oeste_Assento
Fra:1 Mem:24.78M (Peak 24.78M) | Time:00:00.01 | Mem:0.00M, Peak:0.00M | Scene, ViewLayer | Synchronizing object | Banco_Oeste_Pe_-1
Fra:1 Mem:24.79M (Peak 24.79M) | Time:00:00.01 | Mem:0.00M, Peak:0.00M | Scene, ViewLayer | Synchronizing object | Banco_Oeste_Pe_1
Fra:1 Mem:24.79M (Peak 24.79M) | Time:00:00.01 | Mem:0.00M, Peak:0.00M | Scene, ViewLayer | Synchronizing object | Banco_Leste_Assento
Fra:1 Mem:24.79M (Peak 24.79M) | Time:00:00.01 | Mem:0.00M, Peak:0.00M | Scene, ViewLayer | Synchronizing object | Banco_Leste_Pe_-1
Fra:1 Mem:24.79M (Peak 24.79M) | Time:00:00.01 | Mem:0.00M, Peak:0.00M | Scene, ViewLayer | Synchronizing object | Banco_Leste_Pe_1
Fra:1 Mem:24.79M (Peak 24.79M) | Time:00:00.01 | Mem:0.00M, Peak:0.00M | Scene, ViewLayer | Synchronizing object | Parede_Sul_1_2
Fra:1 Mem:24.80M (Peak 24.80M) | Time:00:00.01 | Mem:0.00M, Peak:0.00M | Scene, ViewLayer | Synchronizing object | Parede_Leste_2_3
Fra:1 Mem:24.80M (Peak 24.80M) | Time:00:00.01 | Mem:0.00M, Peak:0.00M | Scene, ViewLayer | Synchronizing object | Parede_Leste_3_4
Fra:1 Mem:24.80M (Peak 24.80M) | Time:00:00.01 | Mem:0.00M, Peak:0.00M | Scene, ViewLayer | Synchronizing object | Parede_Leste_4_5
Fra:1 Mem:24.80M (Peak 24.80M) | Time:00:00.01 | Mem:0.00M, Peak:0.00M | Scene, ViewLayer | Synchronizing object | Sala_Tapete
Fra:1 Mem:24.80M (Peak 24.80M) | Time:00:00.01 | Mem:0.00M, Peak:0.00M | Scene, ViewLayer | Synchronizing object | Sofa_Sul_Encosto
Fra:1 Mem:24.80M (Peak 24.80M) | Time:00:00.02 | Mem:0.00M, Peak:0.00M | Scene, ViewLayer | Synchronizing object | Sofa_Sul_Braco_-1
Fra:1 Mem:24.80M (Peak 24.80M) | Time:00:00.02 | Mem:0.00M, Peak:0.00M | Scene, ViewLayer | Synchronizing object | Sofa_Sul_Braco_1
Fra:1 Mem:24.80M (Peak 24.80M) | Time:00:00.02 | Mem:0.00M, Peak:0.00M | Scene, ViewLayer | Synchronizing object | Sofa_Sul_Pe_0_-1
Fra:1 Mem:24.80M (Peak 24.80M) | Time:00:00.02 | Mem:0.00M, Peak:0.00M | Scene, ViewLayer | Synchronizing object | Sofa_Sul_Pe_0_1
Fra:1 Mem:24.80M (Peak 24.80M) | Time:00:00.02 | Mem:0.00M, Peak:0.00M | Scene, ViewLayer | Synchronizing object | Sofa_Sul_Pe_1_-1
Fra:1 Mem:24.80M (Peak 24.80M) | Time:00:00.02 | Mem:0.00M, Peak:0.00M | Scene, ViewLayer | Synchronizing object | Sofa_Sul_Pe_1_1
Fra:1 Mem:24.80M (Peak 24.80M) | Time:00:00.02 | Mem:0.00M, Peak:0.00M | Scene, ViewLayer | Synchronizing object | Sofa_Norte_Assento
Fra:1 Mem:24.81M (Peak 24.81M) | Time:00:00.02 | Mem:0.00M, Peak:0.00M | Scene, ViewLayer | Synchronizing object | Sofa_Norte_Braco_-1
Fra:1 Mem:24.81M (Peak 24.81M) | Time:00:00.02 | Mem:0.00M, Peak:0.00M | Scene, ViewLayer | Synchronizing object | Sofa_Norte_Braco_1
Fra:1 Mem:24.81M (Peak 24.81M) | Time:00:00.02 | Mem:0.00M, Peak:0.00M | Scene, ViewLayer | Synchronizing object | Sofa_Norte_Pe_0_-1
Fra:1 Mem:24.81M (Peak 24.81M) | Time:00:00.02 | Mem:0.00M, Peak:0.00M | Scene, ViewLayer | Synchronizing object | Sofa_Norte_Pe_0_1
Fra:1 Mem:24.82M (Peak 24.82M) | Time:00:00.02 | Mem:0.00M, Peak:0.00M | Scene, ViewLayer | Synchronizing object | Sofa_Norte_Pe_1_-1
Fra:1 Mem:24.82M (Peak 24.82M) | Time:00:00.02 | Mem:0.00M, Peak:0.00M | Scene, ViewLayer | Synchronizing object | Sofa_Norte_Pe_1_1
Fra:1 Mem:24.82M (Peak 24.82M) | Time:00:00.02 | Mem:0.00M, Peak:0.00M | Scene, ViewLayer | Synchronizing object | Mesa_Centro_Tampo
Fra:1 Mem:24.82M (Peak 24.82M) | Time:00:00.02 | Mem:0.00M, Peak:0.00M | Scene, ViewLayer | Synchronizing object | Terca_Leste_X4
Fra:1 Mem:24.83M (Peak 24.83M) | Time:00:00.02 | Mem:0.00M, Peak:0.00M | Scene, ViewLayer | Synchronizing object | Mesa_Centro_Pe_-1_-1
Fra:1 Mem:24.83M (Peak 24.83M) | Time:00:00.02 | Mem:0.00M, Peak:0.00M | Scene, ViewLayer | Synchronizing object | Terca_Central_X2
Fra:1 Mem:24.83M (Peak 24.83M) | Time:00:00.02 | Mem:0.00M, Peak:0.00M | Scene, ViewLayer | Synchronizing object | Mesa_Centro_Pe_-1_1
Fra:1 Mem:24.84M (Peak 24.84M) | Time:00:00.02 | Mem:0.00M, Peak:0.00M | Scene, ViewLayer | Synchronizing object | Mesa_Centro_Pe_1_-1
Fra:1 Mem:24.84M (Peak 24.84M) | Time:00:00.02 | Mem:0.00M, Peak:0.00M | Scene, ViewLayer | Synchronizing object | Mesa_Centro_Pe_1_1
Fra:1 Mem:24.85M (Peak 24.85M) | Time:00:00.02 | Mem:0.00M, Peak:0.00M | Scene, ViewLayer | Synchronizing object | MesaBar_1_Tampo
Fra:1 Mem:24.86M (Peak 24.86M) | Time:00:00.02 | Mem:0.00M, Peak:0.00M | Scene, ViewLayer | Synchronizing object | MesaBar_1_Coluna
Fra:1 Mem:24.86M (Peak 24.86M) | Time:00:00.02 | Mem:0.00M, Peak:0.00M | Scene, ViewLayer | Synchronizing object | MesaBar_1_Banqueta_1_Assento
Fra:1 Mem:24.86M (Peak 24.86M) | Time:00:00.02 | Mem:0.00M, Peak:0.00M | Scene, ViewLayer | Synchronizing object | MesaBar_1_Banqueta_1_Coluna
Fra:1 Mem:24.86M (Peak 24.86M) | Time:00:00.02 | Mem:0.00M, Peak:0.00M | Scene, ViewLayer | Synchronizing object | MesaBar_1_Banqueta_1_Base
Fra:1 Mem:24.86M (Peak 24.86M) | Time:00:00.02 | Mem:0.00M, Peak:0.00M | Scene, ViewLayer | Synchronizing object | MesaBar_1_Banqueta_2_Assento
Fra:1 Mem:24.87M (Peak 24.87M) | Time:00:00.02 | Mem:0.00M, Peak:0.00M | Scene, ViewLayer | Synchronizing object | MesaBar_1_Banqueta_2_Base
Fra:1 Mem:24.88M (Peak 24.88M) | Time:00:00.02 | Mem:0.00M, Peak:0.00M | Scene, ViewLayer | Synchronizing object | MesaBar_2_Tampo
Fra:1 Mem:24.88M (Peak 24.88M) | Time:00:00.02 | Mem:0.00M, Peak:0.00M | Scene, ViewLayer | Synchronizing object | MesaBar_2_Coluna
Fra:1 Mem:24.89M (Peak 24.89M) | Time:00:00.02 | Mem:0.00M, Peak:0.00M | Scene, ViewLayer | Synchronizing object | MesaBar_2_Banqueta_1_Assento
Fra:1 Mem:24.89M (Peak 24.89M) | Time:00:00.02 | Mem:0.00M, Peak:0.00M | Scene, ViewLayer | Synchronizing object | MesaBar_2_Banqueta_1_Coluna
Fra:1 Mem:24.89M (Peak 24.89M) | Time:00:00.02 | Mem:0.00M, Peak:0.00M | Scene, ViewLayer | Synchronizing object | MesaBar_2_Banqueta_1_Base
Fra:1 Mem:24.89M (Peak 24.89M) | Time:00:00.02 | Mem:0.00M, Peak:0.00M | Scene, ViewLayer | Synchronizing object | MesaBar_2_Banqueta_2_Coluna
Fra:1 Mem:24.90M (Peak 24.90M) | Time:00:00.02 | Mem:0.00M, Peak:0.00M | Scene, ViewLayer | Synchronizing object | Geladeira_Corpo
Fra:1 Mem:24.90M (Peak 24.90M) | Time:00:00.02 | Mem:0.00M, Peak:0.00M | Scene, ViewLayer | Synchronizing object | Viga_Transv_Ala_Y12
Fra:1 Mem:24.91M (Peak 24.91M) | Time:00:00.02 | Mem:0.00M, Peak:0.00M | Scene, ViewLayer | Synchronizing object | Viga_Transv_Ala_Y9_5
Fra:1 Mem:24.91M (Peak 24.91M) | Time:00:00.02 | Mem:0.00M, Peak:0.00M | Scene, ViewLayer | Synchronizing object | Geladeira_Puxador_1
Fra:1 Mem:24.91M (Peak 24.91M) | Time:00:00.02 | Mem:0.00M, Peak:0.00M | Scene, ViewLayer | Synchronizing object | Viga_Transv_Y12
Fra:1 Mem:24.92M (Peak 24.92M) | Time:00:00.02 | Mem:0.00M, Peak:0.00M | Scene, ViewLayer | Synchronizing object | Geladeira_Puxador_2
Fra:1 Mem:24.93M (Peak 24.93M) | Time:00:00.02 | Mem:0.00M, Peak:0.00M | Scene, ViewLayer | Synchronizing object | Fogao_Corpo
Fra:1 Mem:24.92M (Peak 24.93M) | Time:00:00.02 | Mem:0.00M, Peak:0.00M | Scene, ViewLayer | Synchronizing object | Fogao_Cooktop
Fra:1 Mem:24.93M (Peak 24.93M) | Time:00:00.02 | Mem:0.00M, Peak:0.00M | Scene, ViewLayer | Synchronizing object | Fogao_Boca_0_0
Fra:1 Mem:24.93M (Peak 24.93M) | Time:00:00.02 | Mem:0.00M, Peak:0.00M | Scene, ViewLayer | Synchronizing object | Fogao_Boca_0_1
Fra:1 Mem:24.94M (Peak 24.94M) | Time:00:00.02 | Mem:0.00M, Peak:0.00M | Scene, ViewLayer | Synchronizing object | Fogao_Boca_1_0
Fra:1 Mem:24.94M (Peak 24.94M) | Time:00:00.02 | Mem:0.00M, Peak:0.00M | Scene, ViewLayer | Synchronizing object | Fogao_Boca_1_1
Fra:1 Mem:24.96M (Peak 24.96M) | Time:00:00.02 | Mem:0.00M, Peak:0.00M | Scene, ViewLayer | Synchronizing object | TV_Suporte
Fra:1 Mem:24.96M (Peak 24.96M) | Time:00:00.02 | Mem:0.00M, Peak:0.00M | Scene, ViewLayer | Synchronizing object | Montante_P2
Fra:1 Mem:24.96M (Peak 24.96M) | Time:00:00.02 | Mem:0.00M, Peak:0.00M | Scene, ViewLayer | Synchronizing object | Montante_P3
Fra:1 Mem:24.97M (Peak 24.97M) | Time:00:00.02 | Mem:0.00M, Peak:0.00M | Scene, ViewLayer | Synchronizing object | Montante_P4
Fra:1 Mem:24.98M (Peak 24.98M) | Time:00:00.02 | Mem:0.00M, Peak:0.00M | Scene, ViewLayer | Synchronizing object | Montante_P5
Fra:1 Mem:24.98M (Peak 24.98M) | Time:00:00.02 | Mem:0.00M, Peak:0.00M | Scene, ViewLayer | Synchronizing object | Viga_Transv_Y0
Fra:1 Mem:24.99M (Peak 24.99M) | Time:00:00.02 | Mem:0.00M, Peak:0.00M | Scene, ViewLayer | Synchronizing object | Viga_Transv_P9_P4
Fra:1 Mem:25.03M (Peak 25.03M) | Time:00:00.02 | Mem:0.00M, Peak:0.00M | Scene, ViewLayer | Initializing
Fra:1 Mem:18.86M (Peak 25.03M) | Time:00:00.02 | Mem:0.00M, Peak:0.00M | Scene, ViewLayer | Waiting for render to start
Fra:1 Mem:18.87M (Peak 25.03M) | Time:00:00.02 | Mem:0.00M, Peak:0.00M | Scene, ViewLayer | Loading render kernels (may take a few minutes the first time)
Fra:1 Mem:18.87M (Peak 25.03M) | Time:00:00.02 | Mem:0.00M, Peak:0.00M | Scene, ViewLayer | Updating Scene
Fra:1 Mem:18.87M (Peak 25.03M) | Time:00:00.02 | Mem:0.00M, Peak:0.00M | Scene, ViewLayer | Updating Shaders
Fra:1 Mem:18.97M (Peak 25.03M) | Time:00:00.02 | Mem:0.02M, Peak:0.02M | Scene, ViewLayer | Updating Procedurals
Fra:1 Mem:18.97M (Peak 25.03M) | Time:00:00.02 | Mem:0.02M, Peak:0.02M | Scene, ViewLayer | Updating Background
Fra:1 Mem:18.97M (Peak 25.03M) | Time:00:00.02 | Mem:0.02M, Peak:0.02M | Scene, ViewLayer | Updating Camera
Fra:1 Mem:18.97M (Peak 25.03M) | Time:00:00.02 | Mem:0.02M, Peak:0.02M | Scene, ViewLayer | Updating Meshes Flags
Fra:1 Mem:18.97M (Peak 25.03M) | Time:00:00.02 | Mem:0.02M, Peak:0.02M | Scene, ViewLayer | Updating Objects
Fra:1 Mem:18.97M (Peak 25.03M) | Time:00:00.02 | Mem:0.02M, Peak:0.02M | Scene, ViewLayer | Updating Objects | Copying Transformations to device
Fra:1 Mem:19.00M (Peak 25.03M) | Time:00:00.02 | Mem:0.06M, Peak:0.06M | Scene, ViewLayer | Updating Objects | Applying Static Transformations
Fra:1 Mem:19.00M (Peak 25.03M) | Time:00:00.02 | Mem:0.06M, Peak:0.06M | Scene, ViewLayer | Updating Particle Systems
Fra:1 Mem:19.00M (Peak 25.03M) | Time:00:00.02 | Mem:0.06M, Peak:0.06M | Scene, ViewLayer | Updating Particle Systems | Copying Particles to device
Fra:1 Mem:19.00M (Peak 25.03M) | Time:00:00.02 | Mem:0.06M, Peak:0.06M | Scene, ViewLayer | Updating Meshes
Fra:1 Mem:19.16M (Peak 25.03M) | Time:00:00.02 | Mem:0.06M, Peak:0.06M | Scene, ViewLayer | Updating Mesh | Computing attributes
Fra:1 Mem:19.26M (Peak 25.03M) | Time:00:00.02 | Mem:0.07M, Peak:0.07M | Scene, ViewLayer | Updating Mesh | Copying Attributes to device
Fra:1 Mem:19.24M (Peak 25.03M) | Time:00:00.02 | Mem:0.13M, Peak:0.13M | Scene, ViewLayer | Updating Scene BVH | Building
Fra:1 Mem:19.24M (Peak 25.03M) | Time:00:00.02 | Mem:0.13M, Peak:0.13M | Scene, ViewLayer | Updating Scene BVH | Building BVH
Fra:1 Mem:19.24M (Peak 25.03M) | Time:00:00.02 | Mem:0.45M, Peak:0.45M | Scene, ViewLayer | Updating Scene BVH | Building BVH 0%
Fra:1 Mem:19.24M (Peak 25.03M) | Time:00:00.03 | Mem:0.87M, Peak:1.19M | Scene, ViewLayer | Updating Scene BVH | Copying BVH to device
Fra:1 Mem:19.24M (Peak 25.03M) | Time:00:00.03 | Mem:0.87M, Peak:1.19M | Scene, ViewLayer | Updating Mesh | Computing normals
Fra:1 Mem:19.61M (Peak 25.03M) | Time:00:00.03 | Mem:0.87M, Peak:1.19M | Scene, ViewLayer | Updating Mesh | Copying Mesh to device
Fra:1 Mem:19.61M (Peak 25.03M) | Time:00:00.03 | Mem:1.24M, Peak:1.24M | Scene, ViewLayer | Updating Objects Flags
Fra:1 Mem:19.61M (Peak 25.03M) | Time:00:00.03 | Mem:1.24M, Peak:1.24M | Scene, ViewLayer | Updating Primitive Offsets
Fra:1 Mem:19.61M (Peak 25.03M) | Time:00:00.03 | Mem:1.24M, Peak:1.24M | Scene, ViewLayer | Updating Images
Fra:1 Mem:19.61M (Peak 25.03M) | Time:00:00.03 | Mem:1.24M, Peak:1.24M | Scene, ViewLayer | Updating Camera Volume
Fra:1 Mem:19.61M (Peak 25.03M) | Time:00:00.03 | Mem:1.24M, Peak:1.24M | Scene, ViewLayer | Updating Lookup Tables
Fra:1 Mem:19.61M (Peak 25.03M) | Time:00:00.03 | Mem:1.32M, Peak:1.32M | Scene, ViewLayer | Updating Lights
Fra:1 Mem:19.61M (Peak 25.03M) | Time:00:00.03 | Mem:1.33M, Peak:1.33M | Scene, ViewLayer | Updating Lights | Computing distribution
Fra:1 Mem:19.61M (Peak 25.03M) | Time:00:00.03 | Mem:1.33M, Peak:1.33M | Scene, ViewLayer | Updating Lights | Computing tree
Fra:1 Mem:19.62M (Peak 25.03M) | Time:00:00.03 | Mem:1.33M, Peak:1.33M | Scene, ViewLayer | Updating Integrator
Fra:1 Mem:21.62M (Peak 25.03M) | Time:00:00.03 | Mem:3.33M, Peak:3.33M | Scene, ViewLayer | Updating Film
Fra:1 Mem:21.62M (Peak 25.03M) | Time:00:00.03 | Mem:3.25M, Peak:3.33M | Scene, ViewLayer | Updating Lookup Tables
Fra:1 Mem:21.62M (Peak 25.03M) | Time:00:00.03 | Mem:3.33M, Peak:3.33M | Scene, ViewLayer | Updating Baking
Fra:1 Mem:21.62M (Peak 25.03M) | Time:00:00.03 | Mem:3.33M, Peak:3.33M | Scene, ViewLayer | Updating Device | Writing constant memory
Fra:1 Mem:21.62M (Peak 25.03M) | Time:00:00.03 | Mem:3.33M, Peak:3.33M | Scene, ViewLayer | Sample 0/300
Fra:1 Mem:92.87M (Peak 92.87M) | Time:00:00.86 | Remaining:04:09.83 | Mem:74.52M, Peak:74.52M | Scene, ViewLayer | Sample 1/300
Fra:1 Mem:92.87M (Peak 92.87M) | Time:00:22.90 | Remaining:03:05.02 | Mem:74.52M, Peak:74.52M | Scene, ViewLayer | Sample 33/300
Fra:1 Mem:92.87M (Peak 92.87M) | Time:00:41.69 | Remaining:02:30.60 | Mem:74.52M, Peak:74.52M | Scene, ViewLayer | Sample 65/300
Fra:1 Mem:92.87M (Peak 92.87M) | Time:00:51.96 | Remaining:02:22.80 | Mem:74.52M, Peak:74.52M | Scene, ViewLayer | Sample 80/300
Fra:1 Mem:92.87M (Peak 92.87M) | Time:00:51.03 | Remaining:01:48.38 | Mem:74.52M, Peak:74.52M | Scene, ViewLayer | Sample 96/300
Fra:1 Mem:92.87M (Peak 92.87M) | Time:00:52.72 | Remaining:01:28.44 | Mem:74.52M, Peak:74.52M | Scene, ViewLayer | Sample 112/300
Fra:1 Mem:92.87M (Peak 92.87M) | Time:00:54.39 | Remaining:01:13.04 | Mem:74.52M, Peak:74.52M | Scene, ViewLayer | Sample 128/300
Fra:1 Mem:92.87M (Peak 92.87M) | Time:00:56.08 | Remaining:01:00.72 | Mem:74.52M, Peak:74.52M | Scene, ViewLayer | Sample 144/300
Fra:1 Mem:92.87M (Peak 92.87M) | Time:00:57.62 | Remaining:00:50.39 | Mem:74.52M, Peak:74.52M | Scene, ViewLayer | Sample 160/300
Fra:1 Mem:92.87M (Peak 92.87M) | Time:00:59.20 | Remaining:00:41.69 | Mem:74.52M, Peak:74.52M | Scene, ViewLayer | Sample 176/300
Fra:1 Mem:92.87M (Peak 92.87M) | Time:01:00.71 | Remaining:00:34.13 | Mem:74.52M, Peak:74.52M | Scene, ViewLayer | Sample 192/300
Fra:1 Mem:92.87M (Peak 92.87M) | Time:01:02.11 | Remaining:00:27.45 | Mem:74.52M, Peak:74.52M | Scene, ViewLayer | Sample 208/300
Fra:1 Mem:92.87M (Peak 92.87M) | Time:01:03.67 | Remaining:00:21.59 | Mem:74.52M, Peak:74.52M | Scene, ViewLayer | Sample 224/300
Fra:1 Mem:92.87M (Peak 92.87M) | Time:01:05.18 | Remaining:00:16.28 | Mem:74.52M, Peak:74.52M | Scene, ViewLayer | Sample 240/300
Fra:1 Mem:92.87M (Peak 92.87M) | Time:01:06.55 | Remaining:00:11.43 | Mem:74.52M, Peak:74.52M | Scene, ViewLayer | Sample 256/300
Fra:1 Mem:92.87M (Peak 92.87M) | Time:01:07.89 | Remaining:00:06.98 | Mem:74.52M, Peak:74.52M | Scene, ViewLayer | Sample 272/300
Fra:1 Mem:92.87M (Peak 92.87M) | Time:01:09.48 | Remaining:00:02.89 | Mem:74.52M, Peak:74.52M | Scene, ViewLayer | Sample 288/300
Fra:1 Mem:124.51M (Peak 187.79M) | Time:01:10.82 | Mem:74.52M, Peak:74.52M | Scene, ViewLayer | Sample 300/300
Fra:1 Mem:124.51M (Peak 187.79M) | Time:01:10.82 | Mem:74.52M, Peak:74.52M | Scene, ViewLayer | Finished
Saved: '/home/fac/piscina/V4/renders/projeto_render_12h.png'
Time: 01:11.13 (Saving: 00:00.28)

Fra:1 Mem:24.56M (Peak 24.56M) | Time:00:00.01 | Mem:0.00M, Peak:0.00M | Scene, ViewLayer | Synchronizing object | Pedestal_Concreto_1
Fra:1 Mem:24.56M (Peak 24.56M) | Time:00:00.01 | Mem:0.00M, Peak:0.00M | Scene, ViewLayer | Synchronizing object | Pilar_Eucalipto_3
Fra:1 Mem:24.56M (Peak 24.56M) | Time:00:00.01 | Mem:0.00M, Peak:0.00M | Scene, ViewLayer | Synchronizing object | Pilar_Eucalipto_5
Fra:1 Mem:24.57M (Peak 24.57M) | Time:00:00.01 | Mem:0.00M, Peak:0.00M | Scene, ViewLayer | Synchronizing object | Pedestal_Concreto_7
Fra:1 Mem:24.58M (Peak 24.58M) | Time:00:00.01 | Mem:0.00M, Peak:0.00M | Scene, ViewLayer | Synchronizing object | Pedestal_Concreto_9
Fra:1 Mem:24.59M (Peak 24.59M) | Time:00:00.01 | Mem:0.00M, Peak:0.00M | Scene, ViewLayer | Synchronizing object | Pedestal_Concreto_10
Fra:1 Mem:24.60M (Peak 24.60M) | Time:00:00.01 | Mem:0.00M, Peak:0.00M | Scene, ViewLayer | Synchronizing object | Pilar_Eucalipto_10
Fra:1 Mem:24.61M (Peak 24.61M) | Time:00:00.01 | Mem:0.00M, Peak:0.00M | Scene, ViewLayer | Synchronizing object | Piso_Quiosque_L
Fra:1 Mem:24.61M (Peak 24.61M) | Time:00:00.01 | Mem:0.00M, Peak:0.00M | Scene, ViewLayer | Synchronizing object | Telhado_Zinco_L
Fra:1 Mem:24.62M (Peak 24.62M) | Time:00:00.01 | Mem:0.00M, Peak:0.00M | Scene, ViewLayer | Synchronizing object | Piscina_Esmeralda_Casca
Fra:1 Mem:24.63M (Peak 24.63M) | Time:00:00.01 | Mem:0.00M, Peak:0.00M | Scene, ViewLayer | Synchronizing object | Piscina_Esmeralda_Agua
Fra:1 Mem:24.63M (Peak 24.63M) | Time:00:00.01 | Mem:0.00M, Peak:0.00M | Scene, ViewLayer | Synchronizing object | Banheiro_Parede_Oeste_1_a
Fra:1 Mem:24.63M (Peak 24.63M) | Time:00:00.01 | Mem:0.00M, Peak:0.00M | Scene, ViewLayer | Synchronizing object | Banheiro_Parede_Oeste_1_Porta
Fra:1 Mem:24.64M (Peak 24.64M) | Time:00:00.01 | Mem:0.00M, Peak:0.00M | Scene, ViewLayer | Synchronizing object | Banheiro_Parede_Oeste_2_a
Fra:1 Mem:24.64M (Peak 24.64M) | Time:00:00.01 | Mem:0.00M, Peak:0.00M | Scene, ViewLayer | Synchronizing object | Banheiro_Parede_Oeste_2_b
Fra:1 Mem:24.64M (Peak 24.64M) | Time:00:00.01 | Mem:0.00M, Peak:0.00M | Scene, ViewLayer | Synchronizing object | Banheiro_Parede_Leste_1_a
Fra:1 Mem:24.65M (Peak 24.65M) | Time:00:00.01 | Mem:0.00M, Peak:0.00M | Scene, ViewLayer | Synchronizing object | Banheiro_Parede_Leste_1_b
Fra:1 Mem:24.66M (Peak 24.66M) | Time:00:00.01 | Mem:0.00M, Peak:0.00M | Scene, ViewLayer | Synchronizing object | Banheiro_Parede_Leste_1_Porta
Fra:1 Mem:24.67M (Peak 24.67M) | Time:00:00.01 | Mem:0.00M, Peak:0.00M | Scene, ViewLayer | Synchronizing object | Banheiro_Parede_Leste_2_b
Fra:1 Mem:24.67M (Peak 24.67M) | Time:00:00.01 | Mem:0.00M, Peak:0.00M | Scene, ViewLayer | Synchronizing object | Banheiro_Parede_Leste_2_Porta
Fra:1 Mem:24.68M (Peak 24.68M) | Time:00:00.01 | Mem:0.00M, Peak:0.00M | Scene, ViewLayer | Synchronizing object | Banheiro_Parede_Sul
Fra:1 Mem:24.69M (Peak 24.69M) | Time:00:00.01 | Mem:0.00M, Peak:0.00M | Scene, ViewLayer | Synchronizing object | Terreno_V4
Fra:1 Mem:24.69M (Peak 24.69M) | Time:00:00.01 | Mem:0.00M, Peak:0.00M | Scene, ViewLayer | Synchronizing object | Banheiro_Particao_Ducha
Fra:1 Mem:24.69M (Peak 24.69M) | Time:00:00.01 | Mem:0.00M, Peak:0.00M | Scene, ViewLayer | Synchronizing object | Banheiro_Particao_Lavabo
Fra:1 Mem:24.70M (Peak 24.70M) | Time:00:00.01 | Mem:0.00M, Peak:0.00M | Scene, ViewLayer | Synchronizing object | Banheiro_Piso
Fra:1 Mem:24.70M (Peak 24.70M) | Time:00:00.01 | Mem:0.00M, Peak:0.00M | Scene, ViewLayer | Synchronizing object | Ducha_1_Base
Fra:1 Mem:24.70M (Peak 24.70M) | Time:00:00.01 | Mem:0.00M, Peak:0.00M | Scene, ViewLayer | Synchronizing object | Ducha_1_Coluna
Fra:1 Mem:24.71M (Peak 24.71M) | Time:00:00.01 | Mem:0.00M, Peak:0.00M | Scene, ViewLayer | Synchronizing object | Ducha_1_Registro
Fra:1 Mem:24.71M (Peak 24.71M) | Time:00:00.01 | Mem:0.00M, Peak:0.00M | Scene, ViewLayer | Synchronizing object | Ducha_2_Coluna
Fra:1 Mem:24.72M (Peak 24.72M) | Time:00:00.01 | Mem:0.00M, Peak:0.00M | Scene, ViewLayer | Synchronizing object | Ducha_2_Eletrico
Fra:1 Mem:24.72M (Peak 24.72M) | Time:00:00.01 | Mem:0.00M, Peak:0.00M | Scene, ViewLayer | Synchronizing object | Ducha_2_Registro
Fra:1 Mem:24.72M (Peak 24.72M) | Time:00:00.01 | Mem:0.00M, Peak:0.00M | Scene, ViewLayer | Synchronizing object | Lavabo_1_Bacia
Fra:1 Mem:24.72M (Peak 24.72M) | Time:00:00.01 | Mem:0.00M, Peak:0.00M | Scene, ViewLayer | Synchronizing object | Lavabo_1_Assento
Fra:1 Mem:24.72M (Peak 24.72M) | Time:00:00.01 | Mem:0.00M, Peak:0.00M | Scene, ViewLayer | Synchronizing object | Terca_Ala_Xm225
Fra:1 Mem:24.72M (Peak 24.72M) | Time:00:00.01 | Mem:0.00M, Peak:0.00M | Scene, ViewLayer | Synchronizing object | Lavabo_1_Torneira
Fra:1 Mem:24.73M (Peak 24.73M) | Time:00:00.01 | Mem:0.00M, Peak:0.00M | Scene, ViewLayer | Synchronizing object | Terca_Leste_X4
Fra:1 Mem:24.74M (Peak 24.74M) | Time:00:00.01 | Mem:0.00M, Peak:0.00M | Scene, ViewLayer | Synchronizing object | Lavabo_2_Bacia
Fra:1 Mem:24.74M (Peak 24.74M) | Time:00:00.01 | Mem:0.00M, Peak:0.00M | Scene, ViewLayer | Synchronizing object | Terca_Central_X2
Fra:1 Mem:24.74M (Peak 24.74M) | Time:00:00.01 | Mem:0.00M, Peak:0.00M | Scene, ViewLayer | Synchronizing object | Lavabo_2_Assento
Fra:1 Mem:24.74M (Peak 24.74M) | Time:00:00.01 | Mem:0.00M, Peak:0.00M | Scene, ViewLayer | Synchronizing object | Lavabo_2_Pia
Fra:1 Mem:24.74M (Peak 24.74M) | Time:00:00.01 | Mem:0.00M, Peak:0.00M | Scene, ViewLayer | Synchronizing object | Lavabo_2_Torneira
Fra:1 Mem:24.74M (Peak 24.74M) | Time:00:00.01 | Mem:0.00M, Peak:0.00M | Scene, ViewLayer | Synchronizing object | Bancada_Base
Fra:1 Mem:24.74M (Peak 24.74M) | Time:00:00.01 | Mem:0.00M, Peak:0.00M | Scene, ViewLayer | Synchronizing object | Bancada_Tampo_Sul
Fra:1 Mem:24.75M (Peak 24.75M) | Time:00:00.01 | Mem:0.00M, Peak:0.00M | Scene, ViewLayer | Synchronizing object | Bancada_Tampo_Norte
Fra:1 Mem:24.75M (Peak 24.75M) | Time:00:00.01 | Mem:0.00M, Peak:0.00M | Scene, ViewLayer | Synchronizing object | Bancada_Pia_Cuba
Fra:1 Mem:24.76M (Peak 24.76M) | Time:00:00.01 | Mem:0.00M, Peak:0.00M | Scene, ViewLayer | Synchronizing object | Bancada_Pia_Coluna_Torneira
Fra:1 Mem:24.76M (Peak 24.76M) | Time:00:00.01 | Mem:0.00M, Peak:0.00M | Scene, ViewLayer | Synchronizing object | Bancada_Pia_Bico_Torneira
Fra:1 Mem:24.76M (Peak 24.76M) | Time:00:00.01 | Mem:0.00M, Peak:0.00M | Scene, ViewLayer | Synchronizing object | Churrasqueira_Corpo
Fra:1 Mem:24.76M (Peak 24.76M) | Time:00:00.01 | Mem:0.00M, Peak:0.00M | Scene, ViewLayer | Synchronizing object | Churrasqueira_Barra_1
Fra:1 Mem:24.76M (Peak 24.76M) | Time:00:00.01 | Mem:0.00M, Peak:0.00M | Scene, ViewLayer | Synchronizing object | Churrasqueira_Barra_2
Fra:1 Mem:24.76M (Peak 24.76M) | Time:00:00.01 | Mem:0.00M, Peak:0.00M | Scene, ViewLayer | Synchronizing object | Churrasqueira_Barra_3
Fra:1 Mem:24.76M (Peak 24.76M) | Time:00:00.01 | Mem:0.00M, Peak:0.00M | Scene, ViewLayer | Synchronizing object | Churrasqueira_Barra_4
Fra:1 Mem:24.77M (Peak 24.77M) | Time:00:00.01 | Mem:0.00M, Peak:0.00M | Scene, ViewLayer | Synchronizing object | Churrasqueira_Barra_5
Fra:1 Mem:24.77M (Peak 24.77M) | Time:00:00.01 | Mem:0.00M, Peak:0.00M | Scene, ViewLayer | Synchronizing object | Terca_Oeste_X0
Fra:1 Mem:24.77M (Peak 24.77M) | Time:00:00.01 | Mem:0.00M, Peak:0.00M | Scene, ViewLayer | Synchronizing object | Churrasqueira_Barra_6
Fra:1 Mem:24.77M (Peak 24.77M) | Time:00:00.01 | Mem:0.00M, Peak:0.00M | Scene, ViewLayer | Synchronizing object | Churrasqueira_Brasa
Fra:1 Mem:24.77M (Peak 24.77M) | Time:00:00.01 | Mem:0.00M, Peak:0.00M | Scene, ViewLayer | Synchronizing object | Churrasqueira_Chamine
Fra:1 Mem:24.78M (Peak 24.78M) | Time:00:00.01 | Mem:0.00M, Peak:0.00M | Scene, ViewLayer | Synchronizing object | Mesa_Tampo
Fra:1 Mem:24.78M (Peak 24.78M) | Time:00:00.01 | Mem:0.00M, Peak:0.00M | Scene, ViewLayer | Synchronizing object | Mesa_Pe_-1_-1
Fra:1 Mem:24.78M (Peak 24.78M) | Time:00:00.01 | Mem:0.00M, Peak:0.00M | Scene, ViewLayer | Synchronizing object | Mesa_Pe_-1_1
Fra:1 Mem:24.78M (Peak 24.78M) | Time:00:00.01 | Mem:0.00M, Peak:0.00M | Scene, ViewLayer | Synchronizing object | Mesa_Pe_1_-1
Fra:1 Mem:24.79M (Peak 24.79M) | Time:00:00.01 | Mem:0.00M, Peak:0.00M | Scene, ViewLayer | Synchronizing object | Mesa_Pe_1_1
Fra:1 Mem:24.79M (Peak 24.79M) | Time:00:00.01 | Mem:0.00M, Peak:0.00M | Scene, ViewLayer | Synchronizing object | Banco_Oeste_Assento
Fra:1 Mem:24.79M (Peak 24.79M) | Time:00:00.01 | Mem:0.00M, Peak:0.00M | Scene, ViewLayer | Synchronizing object | Banco_Oeste_Pe_-1
Fra:1 Mem:24.79M (Peak 24.79M) | Time:00:00.01 | Mem:0.00M, Peak:0.00M | Scene, ViewLayer | Synchronizing object | Banco_Oeste_Pe_1
Fra:1 Mem:24.80M (Peak 24.80M) | Time:00:00.01 | Mem:0.00M, Peak:0.00M | Scene, ViewLayer | Synchronizing object | Banco_Leste_Assento
Fra:1 Mem:24.80M (Peak 24.80M) | Time:00:00.01 | Mem:0.00M, Peak:0.00M | Scene, ViewLayer | Synchronizing object | Banco_Leste_Pe_-1
Fra:1 Mem:24.80M (Peak 24.80M) | Time:00:00.01 | Mem:0.00M, Peak:0.00M | Scene, ViewLayer | Synchronizing object | Parede_Sul_1_2
Fra:1 Mem:24.81M (Peak 24.81M) | Time:00:00.01 | Mem:0.00M, Peak:0.00M | Scene, ViewLayer | Synchronizing object | Parede_Leste_3_4
Fra:1 Mem:24.82M (Peak 24.82M) | Time:00:00.01 | Mem:0.00M, Peak:0.00M | Scene, ViewLayer | Synchronizing object | Viga_Transv_Ala_Y12
Fra:1 Mem:24.82M (Peak 24.82M) | Time:00:00.01 | Mem:0.00M, Peak:0.00M | Scene, ViewLayer | Synchronizing object | Sala_Tapete
Fra:1 Mem:24.82M (Peak 24.82M) | Time:00:00.01 | Mem:0.00M, Peak:0.00M | Scene, ViewLayer | Synchronizing object | Sofa_Sul_Assento
Fra:1 Mem:24.82M (Peak 24.82M) | Time:00:00.01 | Mem:0.00M, Peak:0.00M | Scene, ViewLayer | Synchronizing object | Sofa_Sul_Encosto
Fra:1 Mem:24.82M (Peak 24.82M) | Time:00:00.01 | Mem:0.00M, Peak:0.00M | Scene, ViewLayer | Synchronizing object | Sofa_Sul_Braco_-1
Fra:1 Mem:24.82M (Peak 24.82M) | Time:00:00.01 | Mem:0.00M, Peak:0.00M | Scene, ViewLayer | Synchronizing object | Sofa_Sul_Braco_1
Fra:1 Mem:24.82M (Peak 24.82M) | Time:00:00.01 | Mem:0.00M, Peak:0.00M | Scene, ViewLayer | Synchronizing object | Sofa_Sul_Pe_0_-1
Fra:1 Mem:24.82M (Peak 24.82M) | Time:00:00.01 | Mem:0.00M, Peak:0.00M | Scene, ViewLayer | Synchronizing object | Sofa_Sul_Pe_0_1
Fra:1 Mem:24.82M (Peak 24.82M) | Time:00:00.01 | Mem:0.00M, Peak:0.00M | Scene, ViewLayer | Synchronizing object | Sofa_Sul_Pe_1_-1
Fra:1 Mem:24.83M (Peak 24.83M) | Time:00:00.01 | Mem:0.00M, Peak:0.00M | Scene, ViewLayer | Synchronizing object | Sofa_Sul_Pe_1_1
Fra:1 Mem:24.83M (Peak 24.83M) | Time:00:00.02 | Mem:0.00M, Peak:0.00M | Scene, ViewLayer | Synchronizing object | Sofa_Norte_Encosto
Fra:1 Mem:24.83M (Peak 24.83M) | Time:00:00.02 | Mem:0.00M, Peak:0.00M | Scene, ViewLayer | Synchronizing object | Sofa_Norte_Braco_1
Fra:1 Mem:24.83M (Peak 24.83M) | Time:00:00.02 | Mem:0.00M, Peak:0.00M | Scene, ViewLayer | Synchronizing object | Sofa_Norte_Pe_0_-1
Fra:1 Mem:24.83M (Peak 24.83M) | Time:00:00.02 | Mem:0.00M, Peak:0.00M | Scene, ViewLayer | Synchronizing object | Sofa_Norte_Pe_0_1
Fra:1 Mem:24.83M (Peak 24.83M) | Time:00:00.02 | Mem:0.00M, Peak:0.00M | Scene, ViewLayer | Synchronizing object | Sofa_Norte_Pe_1_-1
Fra:1 Mem:24.83M (Peak 24.83M) | Time:00:00.02 | Mem:0.00M, Peak:0.00M | Scene, ViewLayer | Synchronizing object | Sofa_Norte_Pe_1_1
Fra:1 Mem:24.83M (Peak 24.83M) | Time:00:00.02 | Mem:0.00M, Peak:0.00M | Scene, ViewLayer | Synchronizing object | Mesa_Centro_Pe_-1_-1
Fra:1 Mem:24.84M (Peak 24.84M) | Time:00:00.02 | Mem:0.00M, Peak:0.00M | Scene, ViewLayer | Synchronizing object | Mesa_Centro_Pe_-1_1
Fra:1 Mem:24.84M (Peak 24.84M) | Time:00:00.02 | Mem:0.00M, Peak:0.00M | Scene, ViewLayer | Synchronizing object | Mesa_Centro_Pe_1_-1
Fra:1 Mem:24.84M (Peak 24.84M) | Time:00:00.02 | Mem:0.00M, Peak:0.00M | Scene, ViewLayer | Synchronizing object | Mesa_Centro_Pe_1_1
Fra:1 Mem:24.84M (Peak 24.84M) | Time:00:00.02 | Mem:0.00M, Peak:0.00M | Scene, ViewLayer | Synchronizing object | MesaBar_1_Tampo
Fra:1 Mem:24.85M (Peak 24.85M) | Time:00:00.02 | Mem:0.00M, Peak:0.00M | Scene, ViewLayer | Synchronizing object | MesaBar_1_Coluna
Fra:1 Mem:24.85M (Peak 24.85M) | Time:00:00.02 | Mem:0.00M, Peak:0.00M | Scene, ViewLayer | Synchronizing object | MesaBar_1_Banqueta_1_Assento
Fra:1 Mem:24.85M (Peak 24.85M) | Time:00:00.02 | Mem:0.00M, Peak:0.00M | Scene, ViewLayer | Synchronizing object | MesaBar_1_Banqueta_1_Coluna
Fra:1 Mem:24.86M (Peak 24.86M) | Time:00:00.02 | Mem:0.00M, Peak:0.00M | Scene, ViewLayer | Synchronizing object | Viga_Transv_Ala_Y9_5
Fra:1 Mem:24.86M (Peak 24.86M) | Time:00:00.02 | Mem:0.00M, Peak:0.00M | Scene, ViewLayer | Synchronizing object | MesaBar_1_Banqueta_1_Base
Fra:1 Mem:24.86M (Peak 24.86M) | Time:00:00.02 | Mem:0.00M, Peak:0.00M | Scene, ViewLayer | Synchronizing object | MesaBar_1_Banqueta_2_Assento
Fra:1 Mem:24.86M (Peak 24.86M) | Time:00:00.02 | Mem:0.00M, Peak:0.00M | Scene, ViewLayer | Synchronizing object | MesaBar_1_Banqueta_2_Coluna
Fra:1 Mem:24.86M (Peak 24.86M) | Time:00:00.02 | Mem:0.00M, Peak:0.00M | Scene, ViewLayer | Synchronizing object | MesaBar_1_Banqueta_2_Base
Fra:1 Mem:24.86M (Peak 24.86M) | Time:00:00.02 | Mem:0.00M, Peak:0.00M | Scene, ViewLayer | Synchronizing object | MesaBar_2_Tampo
Fra:1 Mem:24.87M (Peak 24.87M) | Time:00:00.02 | Mem:0.00M, Peak:0.00M | Scene, ViewLayer | Synchronizing object | MesaBar_2_Coluna
Fra:1 Mem:24.87M (Peak 24.87M) | Time:00:00.02 | Mem:0.00M, Peak:0.00M | Scene, ViewLayer | Synchronizing object | MesaBar_2_Banqueta_1_Assento
Fra:1 Mem:24.88M (Peak 24.88M) | Time:00:00.02 | Mem:0.00M, Peak:0.00M | Scene, ViewLayer | Synchronizing object | MesaBar_2_Banqueta_1_Coluna
Fra:1 Mem:24.88M (Peak 24.88M) | Time:00:00.02 | Mem:0.00M, Peak:0.00M | Scene, ViewLayer | Synchronizing object | MesaBar_2_Banqueta_2_Assento
Fra:1 Mem:24.89M (Peak 24.89M) | Time:00:00.02 | Mem:0.00M, Peak:0.00M | Scene, ViewLayer | Synchronizing object | MesaBar_2_Banqueta_2_Coluna
Fra:1 Mem:24.89M (Peak 24.89M) | Time:00:00.02 | Mem:0.00M, Peak:0.00M | Scene, ViewLayer | Synchronizing object | MesaBar_2_Banqueta_2_Base
Fra:1 Mem:24.90M (Peak 24.90M) | Time:00:00.02 | Mem:0.00M, Peak:0.00M | Scene, ViewLayer | Synchronizing object | Geladeira_Linha_Divisoria
Fra:1 Mem:24.90M (Peak 24.90M) | Time:00:00.02 | Mem:0.00M, Peak:0.00M | Scene, ViewLayer | Synchronizing object | Geladeira_Puxador_1
Fra:1 Mem:24.91M (Peak 24.91M) | Time:00:00.02 | Mem:0.00M, Peak:0.00M | Scene, ViewLayer | Synchronizing object | Geladeira_Puxador_2
Fra:1 Mem:24.91M (Peak 24.91M) | Time:00:00.02 | Mem:0.00M, Peak:0.00M | Scene, ViewLayer | Synchronizing object | Fogao_Corpo
Fra:1 Mem:24.92M (Peak 24.92M) | Time:00:00.02 | Mem:0.00M, Peak:0.00M | Scene, ViewLayer | Synchronizing object | Fogao_Boca_0_0
Fra:1 Mem:24.92M (Peak 24.92M) | Time:00:00.02 | Mem:0.00M, Peak:0.00M | Scene, ViewLayer | Synchronizing object | Viga_Transv_Y12
Fra:1 Mem:24.93M (Peak 24.93M) | Time:00:00.02 | Mem:0.00M, Peak:0.00M | Scene, ViewLayer | Synchronizing object | Fogao_Boca_0_1
Fra:1 Mem:24.93M (Peak 24.93M) | Time:00:00.02 | Mem:0.00M, Peak:0.00M | Scene, ViewLayer | Synchronizing object | Fogao_Boca_1_0
Fra:1 Mem:24.93M (Peak 24.93M) | Time:00:00.02 | Mem:0.00M, Peak:0.00M | Scene, ViewLayer | Synchronizing object | Fogao_Boca_1_1
Fra:1 Mem:24.94M (Peak 24.94M) | Time:00:00.02 | Mem:0.00M, Peak:0.00M | Scene, ViewLayer | Synchronizing object | Fogao_Forno_Porta
Fra:1 Mem:24.94M (Peak 24.94M) | Time:00:00.02 | Mem:0.00M, Peak:0.00M | Scene, ViewLayer | Synchronizing object | TV_Suporte
Fra:1 Mem:24.95M (Peak 24.95M) | Time:00:00.02 | Mem:0.00M, Peak:0.00M | Scene, ViewLayer | Synchronizing object | TV_Tela
Fra:1 Mem:24.95M (Peak 24.95M) | Time:00:00.02 | Mem:0.00M, Peak:0.00M | Scene, ViewLayer | Synchronizing object | Montante_P2
Fra:1 Mem:24.96M (Peak 24.96M) | Time:00:00.02 | Mem:0.00M, Peak:0.00M | Scene, ViewLayer | Synchronizing object | Montante_P4
Fra:1 Mem:24.96M (Peak 24.96M) | Time:00:00.02 | Mem:0.00M, Peak:0.00M | Scene, ViewLayer | Synchronizing object | Montante_P5
Fra:1 Mem:24.97M (Peak 24.97M) | Time:00:00.02 | Mem:0.00M, Peak:0.00M | Scene, ViewLayer | Synchronizing object | Viga_Transv_Y0
Fra:1 Mem:24.97M (Peak 24.97M) | Time:00:00.02 | Mem:0.00M, Peak:0.00M | Scene, ViewLayer | Synchronizing object | Viga_Transv_P9_P4
Fra:1 Mem:25.03M (Peak 25.03M) | Time:00:00.02 | Mem:0.00M, Peak:0.00M | Scene, ViewLayer | Initializing
Fra:1 Mem:18.86M (Peak 25.03M) | Time:00:00.02 | Mem:0.00M, Peak:0.00M | Scene, ViewLayer | Waiting for render to start
Fra:1 Mem:18.87M (Peak 25.03M) | Time:00:00.02 | Mem:0.00M, Peak:0.00M | Scene, ViewLayer | Loading render kernels (may take a few minutes the first time)
Fra:1 Mem:18.87M (Peak 25.03M) | Time:00:00.02 | Mem:0.00M, Peak:0.00M | Scene, ViewLayer | Updating Scene
Fra:1 Mem:18.87M (Peak 25.03M) | Time:00:00.02 | Mem:0.00M, Peak:0.00M | Scene, ViewLayer | Updating Shaders
Fra:1 Mem:18.97M (Peak 25.03M) | Time:00:00.02 | Mem:0.02M, Peak:0.02M | Scene, ViewLayer | Updating Procedurals
Fra:1 Mem:18.97M (Peak 25.03M) | Time:00:00.02 | Mem:0.02M, Peak:0.02M | Scene, ViewLayer | Updating Background
Fra:1 Mem:18.97M (Peak 25.03M) | Time:00:00.02 | Mem:0.02M, Peak:0.02M | Scene, ViewLayer | Updating Camera
Fra:1 Mem:18.97M (Peak 25.03M) | Time:00:00.02 | Mem:0.02M, Peak:0.02M | Scene, ViewLayer | Updating Meshes Flags
Fra:1 Mem:18.97M (Peak 25.03M) | Time:00:00.02 | Mem:0.02M, Peak:0.02M | Scene, ViewLayer | Updating Objects
Fra:1 Mem:18.97M (Peak 25.03M) | Time:00:00.02 | Mem:0.02M, Peak:0.02M | Scene, ViewLayer | Updating Objects | Copying Transformations to device
Fra:1 Mem:19.00M (Peak 25.03M) | Time:00:00.02 | Mem:0.06M, Peak:0.06M | Scene, ViewLayer | Updating Objects | Applying Static Transformations
Fra:1 Mem:19.00M (Peak 25.03M) | Time:00:00.02 | Mem:0.06M, Peak:0.06M | Scene, ViewLayer | Updating Particle Systems
Fra:1 Mem:19.00M (Peak 25.03M) | Time:00:00.02 | Mem:0.06M, Peak:0.06M | Scene, ViewLayer | Updating Particle Systems | Copying Particles to device
Fra:1 Mem:19.00M (Peak 25.03M) | Time:00:00.02 | Mem:0.06M, Peak:0.06M | Scene, ViewLayer | Updating Meshes
Fra:1 Mem:19.16M (Peak 25.03M) | Time:00:00.02 | Mem:0.06M, Peak:0.06M | Scene, ViewLayer | Updating Mesh | Computing attributes
Fra:1 Mem:19.26M (Peak 25.03M) | Time:00:00.02 | Mem:0.07M, Peak:0.07M | Scene, ViewLayer | Updating Mesh | Copying Attributes to device
Fra:1 Mem:19.24M (Peak 25.03M) | Time:00:00.02 | Mem:0.13M, Peak:0.13M | Scene, ViewLayer | Updating Scene BVH | Building
Fra:1 Mem:19.24M (Peak 25.03M) | Time:00:00.02 | Mem:0.13M, Peak:0.13M | Scene, ViewLayer | Updating Scene BVH | Building BVH
Fra:1 Mem:19.24M (Peak 25.03M) | Time:00:00.02 | Mem:0.45M, Peak:0.45M | Scene, ViewLayer | Updating Scene BVH | Building BVH 0%
Fra:1 Mem:19.24M (Peak 25.03M) | Time:00:00.03 | Mem:0.87M, Peak:1.19M | Scene, ViewLayer | Updating Scene BVH | Copying BVH to device
Fra:1 Mem:19.24M (Peak 25.03M) | Time:00:00.03 | Mem:0.87M, Peak:1.19M | Scene, ViewLayer | Updating Mesh | Computing normals
Fra:1 Mem:19.61M (Peak 25.03M) | Time:00:00.03 | Mem:0.87M, Peak:1.19M | Scene, ViewLayer | Updating Mesh | Copying Mesh to device
Fra:1 Mem:19.61M (Peak 25.03M) | Time:00:00.03 | Mem:1.24M, Peak:1.24M | Scene, ViewLayer | Updating Objects Flags
Fra:1 Mem:19.61M (Peak 25.03M) | Time:00:00.03 | Mem:1.24M, Peak:1.24M | Scene, ViewLayer | Updating Primitive Offsets
Fra:1 Mem:19.61M (Peak 25.03M) | Time:00:00.03 | Mem:1.24M, Peak:1.24M | Scene, ViewLayer | Updating Images
Fra:1 Mem:19.61M (Peak 25.03M) | Time:00:00.03 | Mem:1.24M, Peak:1.24M | Scene, ViewLayer | Updating Camera Volume
Fra:1 Mem:19.61M (Peak 25.03M) | Time:00:00.03 | Mem:1.24M, Peak:1.24M | Scene, ViewLayer | Updating Lookup Tables
Fra:1 Mem:19.61M (Peak 25.03M) | Time:00:00.03 | Mem:1.32M, Peak:1.32M | Scene, ViewLayer | Updating Lights
Fra:1 Mem:19.61M (Peak 25.03M) | Time:00:00.03 | Mem:1.33M, Peak:1.33M | Scene, ViewLayer | Updating Lights | Computing distribution
Fra:1 Mem:19.61M (Peak 25.03M) | Time:00:00.03 | Mem:1.33M, Peak:1.33M | Scene, ViewLayer | Updating Lights | Computing tree
Fra:1 Mem:19.62M (Peak 25.03M) | Time:00:00.03 | Mem:1.33M, Peak:1.33M | Scene, ViewLayer | Updating Integrator
Fra:1 Mem:21.62M (Peak 25.03M) | Time:00:00.03 | Mem:3.33M, Peak:3.33M | Scene, ViewLayer | Updating Film
Fra:1 Mem:21.62M (Peak 25.03M) | Time:00:00.03 | Mem:3.25M, Peak:3.33M | Scene, ViewLayer | Updating Lookup Tables
Fra:1 Mem:21.62M (Peak 25.03M) | Time:00:00.03 | Mem:3.33M, Peak:3.33M | Scene, ViewLayer | Updating Baking
Fra:1 Mem:21.62M (Peak 25.03M) | Time:00:00.03 | Mem:3.33M, Peak:3.33M | Scene, ViewLayer | Updating Device | Writing constant memory
Fra:1 Mem:21.62M (Peak 25.03M) | Time:00:00.03 | Mem:3.33M, Peak:3.33M | Scene, ViewLayer | Sample 0/300
Fra:1 Mem:92.87M (Peak 92.87M) | Time:00:00.78 | Remaining:03:44.98 | Mem:74.52M, Peak:74.52M | Scene, ViewLayer | Sample 1/300
Fra:1 Mem:92.87M (Peak 92.87M) | Time:00:19.67 | Remaining:02:38.89 | Mem:74.52M, Peak:74.52M | Scene, ViewLayer | Sample 33/300
Fra:1 Mem:92.87M (Peak 92.87M) | Time:00:49.61 | Remaining:02:16.35 | Mem:74.52M, Peak:74.52M | Scene, ViewLayer | Sample 80/300
Fra:1 Mem:92.87M (Peak 92.87M) | Time:00:51.91 | Remaining:01:50.25 | Mem:74.52M, Peak:74.52M | Scene, ViewLayer | Sample 96/300
Fra:1 Mem:92.87M (Peak 92.87M) | Time:00:54.09 | Remaining:01:30.73 | Mem:74.52M, Peak:74.52M | Scene, ViewLayer | Sample 112/300
Fra:1 Mem:92.87M (Peak 92.87M) | Time:00:56.34 | Remaining:01:15.66 | Mem:74.52M, Peak:74.52M | Scene, ViewLayer | Sample 128/300
Fra:1 Mem:92.87M (Peak 92.87M) | Time:00:58.46 | Remaining:01:03.30 | Mem:74.52M, Peak:74.52M | Scene, ViewLayer | Sample 144/300
Fra:1 Mem:92.87M (Peak 92.87M) | Time:01:00.53 | Remaining:00:52.93 | Mem:74.52M, Peak:74.52M | Scene, ViewLayer | Sample 160/300
Fra:1 Mem:92.87M (Peak 92.87M) | Time:01:02.60 | Remaining:00:44.08 | Mem:74.52M, Peak:74.52M | Scene, ViewLayer | Sample 176/300
Fra:1 Mem:92.87M (Peak 92.87M) | Time:01:04.27 | Remaining:00:36.13 | Mem:74.52M, Peak:74.52M | Scene, ViewLayer | Sample 192/300
Fra:1 Mem:92.87M (Peak 92.87M) | Time:01:05.90 | Remaining:00:29.13 | Mem:74.52M, Peak:74.52M | Scene, ViewLayer | Sample 208/300
Fra:1 Mem:92.87M (Peak 92.87M) | Time:01:07.43 | Remaining:00:22.86 | Mem:74.52M, Peak:74.52M | Scene, ViewLayer | Sample 224/300
Fra:1 Mem:92.87M (Peak 92.87M) | Time:01:09.02 | Remaining:00:17.24 | Mem:74.52M, Peak:74.52M | Scene, ViewLayer | Sample 240/300
Fra:1 Mem:92.87M (Peak 92.87M) | Time:01:10.80 | Remaining:00:12.16 | Mem:74.52M, Peak:74.52M | Scene, ViewLayer | Sample 256/300
Fra:1 Mem:92.87M (Peak 92.87M) | Time:01:09.28 | Remaining:00:07.12 | Mem:74.52M, Peak:74.52M | Scene, ViewLayer | Sample 272/300
Fra:1 Mem:92.87M (Peak 92.87M) | Time:01:10.72 | Remaining:00:02.94 | Mem:74.52M, Peak:74.52M | Scene, ViewLayer | Sample 288/300
Fra:1 Mem:124.51M (Peak 187.79M) | Time:01:12.00 | Mem:74.52M, Peak:74.52M | Scene, ViewLayer | Sample 300/300
Fra:1 Mem:124.51M (Peak 187.79M) | Time:01:12.00 | Mem:74.52M, Peak:74.52M | Scene, ViewLayer | Finished
Saved: '/home/fac/piscina/V4/renders/projeto_render_13h.png'
Time: 01:12.34 (Saving: 00:00.32)

Fra:1 Mem:24.56M (Peak 24.56M) | Time:00:00.02 | Mem:0.00M, Peak:0.00M | Scene, ViewLayer | Synchronizing object | Pedestal_Concreto_1
Fra:1 Mem:24.56M (Peak 24.56M) | Time:00:00.02 | Mem:0.00M, Peak:0.00M | Scene, ViewLayer | Synchronizing object | Pedestal_Concreto_5
Fra:1 Mem:24.56M (Peak 24.56M) | Time:00:00.02 | Mem:0.00M, Peak:0.00M | Scene, ViewLayer | Synchronizing object | Pilar_Eucalipto_6
Fra:1 Mem:24.57M (Peak 24.57M) | Time:00:00.02 | Mem:0.00M, Peak:0.00M | Scene, ViewLayer | Synchronizing object | Pedestal_Concreto_7
Fra:1 Mem:24.58M (Peak 24.58M) | Time:00:00.02 | Mem:0.00M, Peak:0.00M | Scene, ViewLayer | Synchronizing object | Pilar_Eucalipto_9
Fra:1 Mem:24.58M (Peak 24.58M) | Time:00:00.02 | Mem:0.00M, Peak:0.00M | Scene, ViewLayer | Synchronizing object | Pedestal_Concreto_10
Fra:1 Mem:24.60M (Peak 24.60M) | Time:00:00.02 | Mem:0.00M, Peak:0.00M | Scene, ViewLayer | Synchronizing object | Pilar_Eucalipto_10
Fra:1 Mem:24.61M (Peak 24.61M) | Time:00:00.02 | Mem:0.00M, Peak:0.00M | Scene, ViewLayer | Synchronizing object | Piso_Quiosque_L
Fra:1 Mem:24.61M (Peak 24.61M) | Time:00:00.02 | Mem:0.00M, Peak:0.00M | Scene, ViewLayer | Synchronizing object | Piso_Area_Piscina
Fra:1 Mem:24.61M (Peak 24.61M) | Time:00:00.02 | Mem:0.00M, Peak:0.00M | Scene, ViewLayer | Synchronizing object | Piscina_Esmeralda_Casca
Fra:1 Mem:24.62M (Peak 24.62M) | Time:00:00.02 | Mem:0.00M, Peak:0.00M | Scene, ViewLayer | Synchronizing object | Banheiro_Parede_Oeste_1_a
Fra:1 Mem:24.63M (Peak 24.63M) | Time:00:00.02 | Mem:0.00M, Peak:0.00M | Scene, ViewLayer | Synchronizing object | Banheiro_Parede_Oeste_1_Porta
Fra:1 Mem:24.64M (Peak 24.64M) | Time:00:00.02 | Mem:0.00M, Peak:0.00M | Scene, ViewLayer | Synchronizing object | Banheiro_Parede_Oeste_2_a
Fra:1 Mem:24.64M (Peak 24.64M) | Time:00:00.02 | Mem:0.00M, Peak:0.00M | Scene, ViewLayer | Synchronizing object | Banheiro_Parede_Oeste_2_b
Fra:1 Mem:24.65M (Peak 24.65M) | Time:00:00.02 | Mem:0.00M, Peak:0.00M | Scene, ViewLayer | Synchronizing object | Banheiro_Parede_Oeste_2_Porta
Fra:1 Mem:24.66M (Peak 24.66M) | Time:00:00.02 | Mem:0.00M, Peak:0.00M | Scene, ViewLayer | Synchronizing object | Banheiro_Parede_Leste_1_b
Fra:1 Mem:24.66M (Peak 24.66M) | Time:00:00.02 | Mem:0.00M, Peak:0.00M | Scene, ViewLayer | Synchronizing object | Banheiro_Parede_Leste_1_Porta
Fra:1 Mem:24.67M (Peak 24.67M) | Time:00:00.02 | Mem:0.00M, Peak:0.00M | Scene, ViewLayer | Synchronizing object | Banheiro_Parede_Leste_2_a
Fra:1 Mem:24.68M (Peak 24.68M) | Time:00:00.02 | Mem:0.00M, Peak:0.00M | Scene, ViewLayer | Synchronizing object | Banheiro_Parede_Leste_2_Porta
Fra:1 Mem:24.68M (Peak 24.68M) | Time:00:00.02 | Mem:0.00M, Peak:0.00M | Scene, ViewLayer | Synchronizing object | Banheiro_Parede_Norte
Fra:1 Mem:24.68M (Peak 24.68M) | Time:00:00.02 | Mem:0.00M, Peak:0.00M | Scene, ViewLayer | Synchronizing object | Banheiro_Parede_Sul
Fra:1 Mem:24.68M (Peak 24.68M) | Time:00:00.02 | Mem:0.00M, Peak:0.00M | Scene, ViewLayer | Synchronizing object | Banheiro_Parede_Central
Fra:1 Mem:24.69M (Peak 24.69M) | Time:00:00.02 | Mem:0.00M, Peak:0.00M | Scene, ViewLayer | Synchronizing object | Banheiro_Particao_Ducha
Fra:1 Mem:24.69M (Peak 24.69M) | Time:00:00.02 | Mem:0.00M, Peak:0.00M | Scene, ViewLayer | Synchronizing object | Banheiro_Piso
Fra:1 Mem:24.70M (Peak 24.70M) | Time:00:00.02 | Mem:0.00M, Peak:0.00M | Scene, ViewLayer | Synchronizing object | Ducha_1_Coluna
Fra:1 Mem:24.71M (Peak 24.71M) | Time:00:00.02 | Mem:0.00M, Peak:0.00M | Scene, ViewLayer | Synchronizing object | Ducha_1_Eletrico
Fra:1 Mem:24.71M (Peak 24.71M) | Time:00:00.02 | Mem:0.00M, Peak:0.00M | Scene, ViewLayer | Synchronizing object | Ducha_2_Coluna
Fra:1 Mem:24.71M (Peak 24.71M) | Time:00:00.02 | Mem:0.00M, Peak:0.00M | Scene, ViewLayer | Synchronizing object | Terreno_V4
Fra:1 Mem:24.71M (Peak 24.71M) | Time:00:00.02 | Mem:0.00M, Peak:0.00M | Scene, ViewLayer | Synchronizing object | Ducha_2_Eletrico
Fra:1 Mem:24.71M (Peak 24.71M) | Time:00:00.02 | Mem:0.00M, Peak:0.00M | Scene, ViewLayer | Synchronizing object | Ducha_2_Registro
Fra:1 Mem:24.72M (Peak 24.72M) | Time:00:00.02 | Mem:0.00M, Peak:0.00M | Scene, ViewLayer | Synchronizing object | Lavabo_1_Caixa
Fra:1 Mem:24.72M (Peak 24.72M) | Time:00:00.02 | Mem:0.00M, Peak:0.00M | Scene, ViewLayer | Synchronizing object | Lavabo_1_Bacia
Fra:1 Mem:24.72M (Peak 24.72M) | Time:00:00.02 | Mem:0.00M, Peak:0.00M | Scene, ViewLayer | Synchronizing object | Lavabo_1_Assento
Fra:1 Mem:24.72M (Peak 24.72M) | Time:00:00.02 | Mem:0.00M, Peak:0.00M | Scene, ViewLayer | Synchronizing object | Lavabo_1_Pia
Fra:1 Mem:24.72M (Peak 24.72M) | Time:00:00.02 | Mem:0.00M, Peak:0.00M | Scene, ViewLayer | Synchronizing object | Lavabo_1_Torneira
Fra:1 Mem:24.72M (Peak 24.72M) | Time:00:00.02 | Mem:0.00M, Peak:0.00M | Scene, ViewLayer | Synchronizing object | Lavabo_2_Caixa
Fra:1 Mem:24.73M (Peak 24.73M) | Time:00:00.02 | Mem:0.00M, Peak:0.00M | Scene, ViewLayer | Synchronizing object | Lavabo_2_Assento
Fra:1 Mem:24.73M (Peak 24.73M) | Time:00:00.02 | Mem:0.00M, Peak:0.00M | Scene, ViewLayer | Synchronizing object | Lavabo_2_Pia
Fra:1 Mem:24.73M (Peak 24.73M) | Time:00:00.02 | Mem:0.00M, Peak:0.00M | Scene, ViewLayer | Synchronizing object | Lavabo_2_Torneira
Fra:1 Mem:24.73M (Peak 24.73M) | Time:00:00.02 | Mem:0.00M, Peak:0.00M | Scene, ViewLayer | Synchronizing object | Bancada_Tampo_Sul
Fra:1 Mem:24.74M (Peak 24.74M) | Time:00:00.02 | Mem:0.00M, Peak:0.00M | Scene, ViewLayer | Synchronizing object | Bancada_Tampo_Norte
Fra:1 Mem:24.74M (Peak 24.74M) | Time:00:00.02 | Mem:0.00M, Peak:0.00M | Scene, ViewLayer | Synchronizing object | Bancada_Pia_Cuba
Fra:1 Mem:24.74M (Peak 24.74M) | Time:00:00.02 | Mem:0.00M, Peak:0.00M | Scene, ViewLayer | Synchronizing object | Bancada_Pia_Coluna_Torneira
Fra:1 Mem:24.75M (Peak 24.75M) | Time:00:00.02 | Mem:0.00M, Peak:0.00M | Scene, ViewLayer | Synchronizing object | Churrasqueira_Corpo
Fra:1 Mem:24.75M (Peak 24.75M) | Time:00:00.02 | Mem:0.00M, Peak:0.00M | Scene, ViewLayer | Synchronizing object | Churrasqueira_Barra_2
Fra:1 Mem:24.75M (Peak 24.75M) | Time:00:00.02 | Mem:0.00M, Peak:0.00M | Scene, ViewLayer | Synchronizing object | Terca_Leste_X4
Fra:1 Mem:24.76M (Peak 24.76M) | Time:00:00.02 | Mem:0.00M, Peak:0.00M | Scene, ViewLayer | Synchronizing object | Terca_Central_X2
Fra:1 Mem:24.76M (Peak 24.76M) | Time:00:00.02 | Mem:0.00M, Peak:0.00M | Scene, ViewLayer | Synchronizing object | Churrasqueira_Barra_4
Fra:1 Mem:24.76M (Peak 24.76M) | Time:00:00.02 | Mem:0.00M, Peak:0.00M | Scene, ViewLayer | Synchronizing object | Churrasqueira_Barra_5
Fra:1 Mem:24.76M (Peak 24.76M) | Time:00:00.02 | Mem:0.00M, Peak:0.00M | Scene, ViewLayer | Synchronizing object | Churrasqueira_Barra_6
Fra:1 Mem:24.76M (Peak 24.76M) | Time:00:00.02 | Mem:0.00M, Peak:0.00M | Scene, ViewLayer | Synchronizing object | Churrasqueira_Brasa
Fra:1 Mem:24.77M (Peak 24.77M) | Time:00:00.02 | Mem:0.00M, Peak:0.00M | Scene, ViewLayer | Synchronizing object | Churrasqueira_Chamine
Fra:1 Mem:24.77M (Peak 24.77M) | Time:00:00.02 | Mem:0.00M, Peak:0.00M | Scene, ViewLayer | Synchronizing object | Mesa_Tampo
Fra:1 Mem:24.77M (Peak 24.77M) | Time:00:00.02 | Mem:0.00M, Peak:0.00M | Scene, ViewLayer | Synchronizing object | Mesa_Pe_-1_-1
Fra:1 Mem:24.77M (Peak 24.77M) | Time:00:00.02 | Mem:0.00M, Peak:0.00M | Scene, ViewLayer | Synchronizing object | Mesa_Pe_-1_1
Fra:1 Mem:24.77M (Peak 24.77M) | Time:00:00.02 | Mem:0.00M, Peak:0.00M | Scene, ViewLayer | Synchronizing object | Mesa_Pe_1_1
Fra:1 Mem:24.77M (Peak 24.77M) | Time:00:00.02 | Mem:0.00M, Peak:0.00M | Scene, ViewLayer | Synchronizing object | Banco_Oeste_Assento
Fra:1 Mem:24.78M (Peak 24.78M) | Time:00:00.02 | Mem:0.00M, Peak:0.00M | Scene, ViewLayer | Synchronizing object | Banco_Oeste_Pe_-1
Fra:1 Mem:24.78M (Peak 24.78M) | Time:00:00.02 | Mem:0.00M, Peak:0.00M | Scene, ViewLayer | Synchronizing object | Banco_Oeste_Pe_1
Fra:1 Mem:24.78M (Peak 24.78M) | Time:00:00.02 | Mem:0.00M, Peak:0.00M | Scene, ViewLayer | Synchronizing object | Banco_Leste_Assento
Fra:1 Mem:24.78M (Peak 24.78M) | Time:00:00.02 | Mem:0.00M, Peak:0.00M | Scene, ViewLayer | Synchronizing object | Banco_Leste_Pe_1
Fra:1 Mem:24.79M (Peak 24.79M) | Time:00:00.02 | Mem:0.00M, Peak:0.00M | Scene, ViewLayer | Synchronizing object | Parede_Leste_2_3
Fra:1 Mem:24.79M (Peak 24.79M) | Time:00:00.02 | Mem:0.00M, Peak:0.00M | Scene, ViewLayer | Synchronizing object | Parede_Leste_3_4
Fra:1 Mem:24.79M (Peak 24.79M) | Time:00:00.02 | Mem:0.00M, Peak:0.00M | Scene, ViewLayer | Synchronizing object | Parede_Leste_4_5
Fra:1 Mem:24.80M (Peak 24.80M) | Time:00:00.02 | Mem:0.00M, Peak:0.00M | Scene, ViewLayer | Synchronizing object | Sala_Tapete
Fra:1 Mem:24.80M (Peak 24.80M) | Time:00:00.02 | Mem:0.00M, Peak:0.00M | Scene, ViewLayer | Synchronizing object | Sofa_Sul_Encosto
Fra:1 Mem:24.80M (Peak 24.80M) | Time:00:00.02 | Mem:0.00M, Peak:0.00M | Scene, ViewLayer | Synchronizing object | Sofa_Sul_Braco_-1
Fra:1 Mem:24.80M (Peak 24.80M) | Time:00:00.02 | Mem:0.00M, Peak:0.00M | Scene, ViewLayer | Synchronizing object | Sofa_Sul_Braco_1
Fra:1 Mem:24.80M (Peak 24.80M) | Time:00:00.02 | Mem:0.00M, Peak:0.00M | Scene, ViewLayer | Synchronizing object | Sofa_Sul_Pe_0_-1
Fra:1 Mem:24.80M (Peak 24.80M) | Time:00:00.02 | Mem:0.00M, Peak:0.00M | Scene, ViewLayer | Synchronizing object | Sofa_Sul_Pe_0_1
Fra:1 Mem:24.81M (Peak 24.81M) | Time:00:00.02 | Mem:0.00M, Peak:0.00M | Scene, ViewLayer | Synchronizing object | Sofa_Sul_Pe_1_-1
Fra:1 Mem:24.81M (Peak 24.81M) | Time:00:00.02 | Mem:0.00M, Peak:0.00M | Scene, ViewLayer | Synchronizing object | Sofa_Sul_Pe_1_1
Fra:1 Mem:24.81M (Peak 24.81M) | Time:00:00.02 | Mem:0.00M, Peak:0.00M | Scene, ViewLayer | Synchronizing object | Sofa_Norte_Assento
Fra:1 Mem:24.81M (Peak 24.81M) | Time:00:00.02 | Mem:0.00M, Peak:0.00M | Scene, ViewLayer | Synchronizing object | Sofa_Norte_Braco_-1
Fra:1 Mem:24.81M (Peak 24.81M) | Time:00:00.02 | Mem:0.00M, Peak:0.00M | Scene, ViewLayer | Synchronizing object | Sofa_Norte_Pe_0_-1
Fra:1 Mem:24.81M (Peak 24.81M) | Time:00:00.02 | Mem:0.00M, Peak:0.00M | Scene, ViewLayer | Synchronizing object | Sofa_Norte_Pe_0_1
Fra:1 Mem:24.81M (Peak 24.81M) | Time:00:00.02 | Mem:0.00M, Peak:0.00M | Scene, ViewLayer | Synchronizing object | Sofa_Norte_Pe_1_-1
Fra:1 Mem:24.82M (Peak 24.82M) | Time:00:00.02 | Mem:0.00M, Peak:0.00M | Scene, ViewLayer | Synchronizing object | Mesa_Centro_Tampo
Fra:1 Mem:24.82M (Peak 24.82M) | Time:00:00.02 | Mem:0.00M, Peak:0.00M | Scene, ViewLayer | Synchronizing object | Mesa_Centro_Pe_-1_-1
Fra:1 Mem:24.82M (Peak 24.82M) | Time:00:00.02 | Mem:0.00M, Peak:0.00M | Scene, ViewLayer | Synchronizing object | Mesa_Centro_Pe_-1_1
Fra:1 Mem:24.82M (Peak 24.82M) | Time:00:00.02 | Mem:0.00M, Peak:0.00M | Scene, ViewLayer | Synchronizing object | Mesa_Centro_Pe_1_-1
Fra:1 Mem:24.83M (Peak 24.83M) | Time:00:00.02 | Mem:0.00M, Peak:0.00M | Scene, ViewLayer | Synchronizing object | Mesa_Centro_Pe_1_1
Fra:1 Mem:24.83M (Peak 24.83M) | Time:00:00.02 | Mem:0.00M, Peak:0.00M | Scene, ViewLayer | Synchronizing object | MesaBar_1_Tampo
Fra:1 Mem:24.83M (Peak 24.83M) | Time:00:00.02 | Mem:0.00M, Peak:0.00M | Scene, ViewLayer | Synchronizing object | MesaBar_1_Coluna
Fra:1 Mem:24.83M (Peak 24.83M) | Time:00:00.02 | Mem:0.00M, Peak:0.00M | Scene, ViewLayer | Synchronizing object | MesaBar_1_Base
Fra:1 Mem:24.84M (Peak 24.84M) | Time:00:00.02 | Mem:0.00M, Peak:0.00M | Scene, ViewLayer | Synchronizing object | MesaBar_1_Banqueta_1_Assento
Fra:1 Mem:24.84M (Peak 24.84M) | Time:00:00.02 | Mem:0.00M, Peak:0.00M | Scene, ViewLayer | Synchronizing object | MesaBar_1_Banqueta_1_Coluna
Fra:1 Mem:24.84M (Peak 24.84M) | Time:00:00.02 | Mem:0.00M, Peak:0.00M | Scene, ViewLayer | Synchronizing object | MesaBar_1_Banqueta_1_Base
Fra:1 Mem:24.84M (Peak 24.84M) | Time:00:00.02 | Mem:0.00M, Peak:0.00M | Scene, ViewLayer | Synchronizing object | MesaBar_1_Banqueta_2_Assento
Fra:1 Mem:24.84M (Peak 24.84M) | Time:00:00.02 | Mem:0.00M, Peak:0.00M | Scene, ViewLayer | Synchronizing object | MesaBar_1_Banqueta_2_Coluna
Fra:1 Mem:24.85M (Peak 24.85M) | Time:00:00.02 | Mem:0.00M, Peak:0.00M | Scene, ViewLayer | Synchronizing object | MesaBar_1_Banqueta_2_Base
Fra:1 Mem:24.85M (Peak 24.85M) | Time:00:00.02 | Mem:0.00M, Peak:0.00M | Scene, ViewLayer | Synchronizing object | MesaBar_2_Coluna
Fra:1 Mem:24.85M (Peak 24.85M) | Time:00:00.02 | Mem:0.00M, Peak:0.00M | Scene, ViewLayer | Synchronizing object | MesaBar_2_Base
Fra:1 Mem:24.86M (Peak 24.86M) | Time:00:00.02 | Mem:0.00M, Peak:0.00M | Scene, ViewLayer | Synchronizing object | MesaBar_2_Banqueta_1_Assento
Fra:1 Mem:24.86M (Peak 24.86M) | Time:00:00.02 | Mem:0.00M, Peak:0.00M | Scene, ViewLayer | Synchronizing object | Viga_Transv_Ala_Y12
Fra:1 Mem:24.87M (Peak 24.87M) | Time:00:00.02 | Mem:0.00M, Peak:0.00M | Scene, ViewLayer | Synchronizing object | MesaBar_2_Banqueta_1_Coluna
Fra:1 Mem:24.87M (Peak 24.87M) | Time:00:00.02 | Mem:0.00M, Peak:0.00M | Scene, ViewLayer | Synchronizing object | MesaBar_2_Banqueta_1_Base
Fra:1 Mem:24.88M (Peak 24.88M) | Time:00:00.02 | Mem:0.00M, Peak:0.00M | Scene, ViewLayer | Synchronizing object | MesaBar_2_Banqueta_2_Assento
Fra:1 Mem:24.88M (Peak 24.88M) | Time:00:00.02 | Mem:0.00M, Peak:0.00M | Scene, ViewLayer | Synchronizing object | MesaBar_2_Banqueta_2_Coluna
Fra:1 Mem:24.88M (Peak 24.88M) | Time:00:00.02 | Mem:0.00M, Peak:0.00M | Scene, ViewLayer | Synchronizing object | MesaBar_2_Banqueta_2_Base
Fra:1 Mem:24.89M (Peak 24.89M) | Time:00:00.02 | Mem:0.00M, Peak:0.00M | Scene, ViewLayer | Synchronizing object | Geladeira_Corpo
Fra:1 Mem:24.91M (Peak 24.91M) | Time:00:00.02 | Mem:0.00M, Peak:0.00M | Scene, ViewLayer | Synchronizing object | Geladeira_Linha_Divisoria
Fra:1 Mem:24.90M (Peak 24.91M) | Time:00:00.02 | Mem:0.00M, Peak:0.00M | Scene, ViewLayer | Synchronizing object | Geladeira_Puxador_1
Fra:1 Mem:24.91M (Peak 24.91M) | Time:00:00.02 | Mem:0.00M, Peak:0.00M | Scene, ViewLayer | Synchronizing object | Fogao_Cooktop
Fra:1 Mem:24.91M (Peak 24.91M) | Time:00:00.02 | Mem:0.00M, Peak:0.00M | Scene, ViewLayer | Synchronizing object | Fogao_Boca_0_0
Fra:1 Mem:24.91M (Peak 24.91M) | Time:00:00.02 | Mem:0.00M, Peak:0.00M | Scene, ViewLayer | Synchronizing object | Fogao_Boca_0_1
Fra:1 Mem:24.92M (Peak 24.92M) | Time:00:00.02 | Mem:0.00M, Peak:0.00M | Scene, ViewLayer | Synchronizing object | Fogao_Boca_1_0
Fra:1 Mem:24.92M (Peak 24.92M) | Time:00:00.02 | Mem:0.00M, Peak:0.00M | Scene, ViewLayer | Synchronizing object | Fogao_Boca_1_1
Fra:1 Mem:24.93M (Peak 24.93M) | Time:00:00.02 | Mem:0.00M, Peak:0.00M | Scene, ViewLayer | Synchronizing object | Fogao_Forno_Porta
Fra:1 Mem:24.93M (Peak 24.93M) | Time:00:00.02 | Mem:0.00M, Peak:0.00M | Scene, ViewLayer | Synchronizing object | TV_Suporte
Fra:1 Mem:24.94M (Peak 24.94M) | Time:00:00.02 | Mem:0.00M, Peak:0.00M | Scene, ViewLayer | Synchronizing object | TV_Moldura
Fra:1 Mem:24.94M (Peak 24.94M) | Time:00:00.02 | Mem:0.00M, Peak:0.00M | Scene, ViewLayer | Synchronizing object | TV_Tela
Fra:1 Mem:24.94M (Peak 24.94M) | Time:00:00.02 | Mem:0.00M, Peak:0.00M | Scene, ViewLayer | Synchronizing object | Montante_P2
Fra:1 Mem:24.95M (Peak 24.95M) | Time:00:00.02 | Mem:0.00M, Peak:0.00M | Scene, ViewLayer | Synchronizing object | Montante_P3
Fra:1 Mem:24.95M (Peak 24.95M) | Time:00:00.02 | Mem:0.00M, Peak:0.00M | Scene, ViewLayer | Synchronizing object | Montante_P4
Fra:1 Mem:24.95M (Peak 24.95M) | Time:00:00.02 | Mem:0.00M, Peak:0.00M | Scene, ViewLayer | Synchronizing object | Montante_P5
Fra:1 Mem:24.96M (Peak 24.96M) | Time:00:00.02 | Mem:0.00M, Peak:0.00M | Scene, ViewLayer | Synchronizing object | Viga_Transv_Y0
Fra:1 Mem:24.96M (Peak 24.96M) | Time:00:00.02 | Mem:0.00M, Peak:0.00M | Scene, ViewLayer | Synchronizing object | Viga_Transv_Y4
Fra:1 Mem:24.96M (Peak 24.96M) | Time:00:00.02 | Mem:0.00M, Peak:0.00M | Scene, ViewLayer | Synchronizing object | Viga_Transv_P9_P4
Fra:1 Mem:24.97M (Peak 24.97M) | Time:00:00.02 | Mem:0.00M, Peak:0.00M | Scene, ViewLayer | Synchronizing object | Viga_Transv_Y12
Fra:1 Mem:25.03M (Peak 25.03M) | Time:00:00.02 | Mem:0.00M, Peak:0.00M | Scene, ViewLayer | Initializing
Fra:1 Mem:18.86M (Peak 25.03M) | Time:00:00.03 | Mem:0.00M, Peak:0.00M | Scene, ViewLayer | Waiting for render to start
Fra:1 Mem:18.87M (Peak 25.03M) | Time:00:00.03 | Mem:0.00M, Peak:0.00M | Scene, ViewLayer | Loading render kernels (may take a few minutes the first time)
Fra:1 Mem:18.87M (Peak 25.03M) | Time:00:00.03 | Mem:0.00M, Peak:0.00M | Scene, ViewLayer | Updating Scene
Fra:1 Mem:18.87M (Peak 25.03M) | Time:00:00.03 | Mem:0.00M, Peak:0.00M | Scene, ViewLayer | Updating Shaders
Fra:1 Mem:18.97M (Peak 25.03M) | Time:00:00.03 | Mem:0.02M, Peak:0.02M | Scene, ViewLayer | Updating Procedurals
Fra:1 Mem:18.97M (Peak 25.03M) | Time:00:00.03 | Mem:0.02M, Peak:0.02M | Scene, ViewLayer | Updating Background
Fra:1 Mem:18.97M (Peak 25.03M) | Time:00:00.03 | Mem:0.02M, Peak:0.02M | Scene, ViewLayer | Updating Camera
Fra:1 Mem:18.97M (Peak 25.03M) | Time:00:00.03 | Mem:0.02M, Peak:0.02M | Scene, ViewLayer | Updating Meshes Flags
Fra:1 Mem:18.97M (Peak 25.03M) | Time:00:00.03 | Mem:0.02M, Peak:0.02M | Scene, ViewLayer | Updating Objects
Fra:1 Mem:18.97M (Peak 25.03M) | Time:00:00.03 | Mem:0.02M, Peak:0.02M | Scene, ViewLayer | Updating Objects | Copying Transformations to device
Fra:1 Mem:19.00M (Peak 25.03M) | Time:00:00.03 | Mem:0.06M, Peak:0.06M | Scene, ViewLayer | Updating Objects | Applying Static Transformations
Fra:1 Mem:19.00M (Peak 25.03M) | Time:00:00.03 | Mem:0.06M, Peak:0.06M | Scene, ViewLayer | Updating Particle Systems
Fra:1 Mem:19.00M (Peak 25.03M) | Time:00:00.03 | Mem:0.06M, Peak:0.06M | Scene, ViewLayer | Updating Particle Systems | Copying Particles to device
Fra:1 Mem:19.00M (Peak 25.03M) | Time:00:00.03 | Mem:0.06M, Peak:0.06M | Scene, ViewLayer | Updating Meshes
Fra:1 Mem:19.16M (Peak 25.03M) | Time:00:00.03 | Mem:0.06M, Peak:0.06M | Scene, ViewLayer | Updating Mesh | Computing attributes
Fra:1 Mem:19.26M (Peak 25.03M) | Time:00:00.03 | Mem:0.07M, Peak:0.07M | Scene, ViewLayer | Updating Mesh | Copying Attributes to device
Fra:1 Mem:19.24M (Peak 25.03M) | Time:00:00.03 | Mem:0.13M, Peak:0.13M | Scene, ViewLayer | Updating Scene BVH | Building
Fra:1 Mem:19.24M (Peak 25.03M) | Time:00:00.03 | Mem:0.13M, Peak:0.13M | Scene, ViewLayer | Updating Scene BVH | Building BVH
Fra:1 Mem:19.24M (Peak 25.03M) | Time:00:00.03 | Mem:0.45M, Peak:0.45M | Scene, ViewLayer | Updating Scene BVH | Building BVH 0%
Fra:1 Mem:19.24M (Peak 25.03M) | Time:00:00.03 | Mem:0.87M, Peak:1.19M | Scene, ViewLayer | Updating Scene BVH | Copying BVH to device
Fra:1 Mem:19.24M (Peak 25.03M) | Time:00:00.03 | Mem:0.87M, Peak:1.19M | Scene, ViewLayer | Updating Mesh | Computing normals
Fra:1 Mem:19.61M (Peak 25.03M) | Time:00:00.03 | Mem:0.87M, Peak:1.19M | Scene, ViewLayer | Updating Mesh | Copying Mesh to device
Fra:1 Mem:19.61M (Peak 25.03M) | Time:00:00.03 | Mem:1.24M, Peak:1.24M | Scene, ViewLayer | Updating Objects Flags
Fra:1 Mem:19.61M (Peak 25.03M) | Time:00:00.03 | Mem:1.24M, Peak:1.24M | Scene, ViewLayer | Updating Primitive Offsets
Fra:1 Mem:19.61M (Peak 25.03M) | Time:00:00.03 | Mem:1.24M, Peak:1.24M | Scene, ViewLayer | Updating Images
Fra:1 Mem:19.61M (Peak 25.03M) | Time:00:00.03 | Mem:1.24M, Peak:1.24M | Scene, ViewLayer | Updating Camera Volume
Fra:1 Mem:19.61M (Peak 25.03M) | Time:00:00.03 | Mem:1.24M, Peak:1.24M | Scene, ViewLayer | Updating Lookup Tables
Fra:1 Mem:19.61M (Peak 25.03M) | Time:00:00.03 | Mem:1.32M, Peak:1.32M | Scene, ViewLayer | Updating Lights
Fra:1 Mem:19.61M (Peak 25.03M) | Time:00:00.03 | Mem:1.33M, Peak:1.33M | Scene, ViewLayer | Updating Lights | Computing distribution
Fra:1 Mem:19.61M (Peak 25.03M) | Time:00:00.03 | Mem:1.33M, Peak:1.33M | Scene, ViewLayer | Updating Lights | Computing tree
Fra:1 Mem:19.62M (Peak 25.03M) | Time:00:00.04 | Mem:1.33M, Peak:1.33M | Scene, ViewLayer | Updating Integrator
Fra:1 Mem:21.62M (Peak 25.03M) | Time:00:00.04 | Mem:3.33M, Peak:3.33M | Scene, ViewLayer | Updating Film
Fra:1 Mem:21.62M (Peak 25.03M) | Time:00:00.04 | Mem:3.25M, Peak:3.33M | Scene, ViewLayer | Updating Lookup Tables
Fra:1 Mem:21.62M (Peak 25.03M) | Time:00:00.04 | Mem:3.33M, Peak:3.33M | Scene, ViewLayer | Updating Baking
Fra:1 Mem:21.62M (Peak 25.03M) | Time:00:00.04 | Mem:3.33M, Peak:3.33M | Scene, ViewLayer | Updating Device | Writing constant memory
Fra:1 Mem:21.62M (Peak 25.03M) | Time:00:00.04 | Mem:3.33M, Peak:3.33M | Scene, ViewLayer | Sample 0/300
Fra:1 Mem:92.87M (Peak 92.87M) | Time:00:00.90 | Remaining:04:17.03 | Mem:74.52M, Peak:74.52M | Scene, ViewLayer | Sample 1/300
Fra:1 Mem:92.87M (Peak 92.87M) | Time:00:23.11 | Remaining:03:06.71 | Mem:74.52M, Peak:74.52M | Scene, ViewLayer | Sample 33/300
Fra:1 Mem:92.87M (Peak 92.87M) | Time:00:42.43 | Remaining:02:33.27 | Mem:74.52M, Peak:74.52M | Scene, ViewLayer | Sample 65/300
Fra:1 Mem:92.87M (Peak 92.87M) | Time:00:53.37 | Remaining:02:26.65 | Mem:74.52M, Peak:74.52M | Scene, ViewLayer | Sample 80/300
Fra:1 Mem:92.87M (Peak 92.87M) | Time:00:55.64 | Remaining:01:58.14 | Mem:74.52M, Peak:74.52M | Scene, ViewLayer | Sample 96/300
Fra:1 Mem:92.87M (Peak 92.87M) | Time:00:54.84 | Remaining:01:31.99 | Mem:74.52M, Peak:74.52M | Scene, ViewLayer | Sample 112/300
Fra:1 Mem:92.87M (Peak 92.87M) | Time:00:56.74 | Remaining:01:16.19 | Mem:74.52M, Peak:74.52M | Scene, ViewLayer | Sample 128/300
Fra:1 Mem:92.87M (Peak 92.87M) | Time:00:58.69 | Remaining:01:03.54 | Mem:74.52M, Peak:74.52M | Scene, ViewLayer | Sample 144/300
Fra:1 Mem:92.87M (Peak 92.87M) | Time:01:00.62 | Remaining:00:53.01 | Mem:74.52M, Peak:74.52M | Scene, ViewLayer | Sample 160/300
Fra:1 Mem:92.87M (Peak 92.87M) | Time:01:02.31 | Remaining:00:43.87 | Mem:74.52M, Peak:74.52M | Scene, ViewLayer | Sample 176/300
Fra:1 Mem:92.87M (Peak 92.87M) | Time:01:03.98 | Remaining:00:35.96 | Mem:74.52M, Peak:74.52M | Scene, ViewLayer | Sample 192/300
Fra:1 Mem:92.87M (Peak 92.87M) | Time:01:05.81 | Remaining:00:29.09 | Mem:74.52M, Peak:74.52M | Scene, ViewLayer | Sample 208/300
Fra:1 Mem:92.87M (Peak 92.87M) | Time:01:07.39 | Remaining:00:22.85 | Mem:74.52M, Peak:74.52M | Scene, ViewLayer | Sample 224/300
Fra:1 Mem:92.87M (Peak 92.87M) | Time:01:09.03 | Remaining:00:17.24 | Mem:74.52M, Peak:74.52M | Scene, ViewLayer | Sample 240/300
Fra:1 Mem:92.87M (Peak 92.87M) | Time:01:10.61 | Remaining:00:12.12 | Mem:74.52M, Peak:74.52M | Scene, ViewLayer | Sample 256/300
Fra:1 Mem:92.87M (Peak 92.87M) | Time:01:12.07 | Remaining:00:07.41 | Mem:74.52M, Peak:74.52M | Scene, ViewLayer | Sample 272/300
Fra:1 Mem:92.87M (Peak 92.87M) | Time:01:13.49 | Remaining:00:03.06 | Mem:74.52M, Peak:74.52M | Scene, ViewLayer | Sample 288/300
Fra:1 Mem:124.51M (Peak 187.79M) | Time:01:14.74 | Mem:74.52M, Peak:74.52M | Scene, ViewLayer | Sample 300/300
Fra:1 Mem:124.51M (Peak 187.79M) | Time:01:14.74 | Mem:74.52M, Peak:74.52M | Scene, ViewLayer | Finished
Saved: '/home/fac/piscina/V4/renders/projeto_render_14h.png'
Time: 01:15.01 (Saving: 00:00.25)

Fra:1 Mem:24.56M (Peak 24.56M) | Time:00:00.01 | Mem:0.00M, Peak:0.00M | Scene, ViewLayer | Synchronizing object | Pedestal_Concreto_1
Fra:1 Mem:24.56M (Peak 24.56M) | Time:00:00.01 | Mem:0.00M, Peak:0.00M | Scene, ViewLayer | Synchronizing object | Pedestal_Concreto_2
Fra:1 Mem:24.56M (Peak 24.56M) | Time:00:00.01 | Mem:0.00M, Peak:0.00M | Scene, ViewLayer | Synchronizing object | Pedestal_Concreto_4
Fra:1 Mem:24.57M (Peak 24.57M) | Time:00:00.01 | Mem:0.00M, Peak:0.00M | Scene, ViewLayer | Synchronizing object | Pedestal_Concreto_6
Fra:1 Mem:24.57M (Peak 24.57M) | Time:00:00.01 | Mem:0.00M, Peak:0.00M | Scene, ViewLayer | Synchronizing object | Pedestal_Concreto_7
Fra:1 Mem:24.59M (Peak 24.59M) | Time:00:00.01 | Mem:0.00M, Peak:0.00M | Scene, ViewLayer | Synchronizing object | Pedestal_Concreto_10
Fra:1 Mem:24.59M (Peak 24.59M) | Time:00:00.01 | Mem:0.00M, Peak:0.00M | Scene, ViewLayer | Synchronizing object | Pilar_Eucalipto_10
Fra:1 Mem:24.59M (Peak 24.59M) | Time:00:00.01 | Mem:0.00M, Peak:0.00M | Scene, ViewLayer | Synchronizing object | Piso_Quiosque_L
Fra:1 Mem:24.60M (Peak 24.60M) | Time:00:00.01 | Mem:0.00M, Peak:0.00M | Scene, ViewLayer | Synchronizing object | Piso_Area_Piscina
Fra:1 Mem:24.61M (Peak 24.61M) | Time:00:00.01 | Mem:0.00M, Peak:0.00M | Scene, ViewLayer | Synchronizing object | Piscina_Esmeralda_Casca
Fra:1 Mem:24.62M (Peak 24.62M) | Time:00:00.01 | Mem:0.00M, Peak:0.00M | Scene, ViewLayer | Synchronizing object | Piscina_Esmeralda_Agua
Fra:1 Mem:24.63M (Peak 24.63M) | Time:00:00.01 | Mem:0.00M, Peak:0.00M | Scene, ViewLayer | Synchronizing object | Banheiro_Parede_Oeste_1_a
Fra:1 Mem:24.63M (Peak 24.63M) | Time:00:00.01 | Mem:0.00M, Peak:0.00M | Scene, ViewLayer | Synchronizing object | Banheiro_Parede_Oeste_1_b
Fra:1 Mem:24.64M (Peak 24.64M) | Time:00:00.01 | Mem:0.00M, Peak:0.00M | Scene, ViewLayer | Synchronizing object | Banheiro_Parede_Oeste_1_Porta
Fra:1 Mem:24.65M (Peak 24.65M) | Time:00:00.01 | Mem:0.00M, Peak:0.00M | Scene, ViewLayer | Synchronizing object | Banheiro_Parede_Oeste_2_a
Fra:1 Mem:24.66M (Peak 24.66M) | Time:00:00.01 | Mem:0.00M, Peak:0.00M | Scene, ViewLayer | Synchronizing object | Banheiro_Parede_Oeste_2_b
Fra:1 Mem:24.67M (Peak 24.67M) | Time:00:00.01 | Mem:0.00M, Peak:0.00M | Scene, ViewLayer | Synchronizing object | Banheiro_Parede_Oeste_2_Porta
Fra:1 Mem:24.68M (Peak 24.68M) | Time:00:00.01 | Mem:0.00M, Peak:0.00M | Scene, ViewLayer | Synchronizing object | Banheiro_Parede_Leste_1_a
Fra:1 Mem:24.68M (Peak 24.68M) | Time:00:00.01 | Mem:0.00M, Peak:0.00M | Scene, ViewLayer | Synchronizing object | Banheiro_Parede_Leste_1_b
Fra:1 Mem:24.69M (Peak 24.69M) | Time:00:00.01 | Mem:0.00M, Peak:0.00M | Scene, ViewLayer | Synchronizing object | Banheiro_Parede_Leste_1_Porta
Fra:1 Mem:24.70M (Peak 24.70M) | Time:00:00.01 | Mem:0.00M, Peak:0.00M | Scene, ViewLayer | Synchronizing object | Banheiro_Parede_Leste_2_a
Fra:1 Mem:24.70M (Peak 24.70M) | Time:00:00.01 | Mem:0.00M, Peak:0.00M | Scene, ViewLayer | Synchronizing object | Banheiro_Parede_Leste_2_b
Fra:1 Mem:24.70M (Peak 24.70M) | Time:00:00.01 | Mem:0.00M, Peak:0.00M | Scene, ViewLayer | Synchronizing object | Banheiro_Parede_Leste_2_Porta
Fra:1 Mem:24.70M (Peak 24.70M) | Time:00:00.01 | Mem:0.00M, Peak:0.00M | Scene, ViewLayer | Synchronizing object | Banheiro_Parede_Norte
Fra:1 Mem:24.70M (Peak 24.70M) | Time:00:00.01 | Mem:0.00M, Peak:0.00M | Scene, ViewLayer | Synchronizing object | Banheiro_Parede_Sul
Fra:1 Mem:24.70M (Peak 24.70M) | Time:00:00.01 | Mem:0.00M, Peak:0.00M | Scene, ViewLayer | Synchronizing object | Banheiro_Parede_Central
Fra:1 Mem:24.70M (Peak 24.70M) | Time:00:00.01 | Mem:0.00M, Peak:0.00M | Scene, ViewLayer | Synchronizing object | Banheiro_Particao_Ducha
Fra:1 Mem:24.71M (Peak 24.71M) | Time:00:00.01 | Mem:0.00M, Peak:0.00M | Scene, ViewLayer | Synchronizing object | Banheiro_Particao_Lavabo
Fra:1 Mem:24.71M (Peak 24.71M) | Time:00:00.01 | Mem:0.00M, Peak:0.00M | Scene, ViewLayer | Synchronizing object | Banheiro_Piso
Fra:1 Mem:24.71M (Peak 24.71M) | Time:00:00.01 | Mem:0.00M, Peak:0.00M | Scene, ViewLayer | Synchronizing object | Ducha_1_Base
Fra:1 Mem:24.71M (Peak 24.71M) | Time:00:00.01 | Mem:0.00M, Peak:0.00M | Scene, ViewLayer | Synchronizing object | Ducha_1_Coluna
Fra:1 Mem:24.71M (Peak 24.71M) | Time:00:00.01 | Mem:0.00M, Peak:0.00M | Scene, ViewLayer | Synchronizing object | Ducha_1_Registro
Fra:1 Mem:24.71M (Peak 24.71M) | Time:00:00.01 | Mem:0.00M, Peak:0.00M | Scene, ViewLayer | Synchronizing object | Ducha_2_Coluna
Fra:1 Mem:24.71M (Peak 24.71M) | Time:00:00.01 | Mem:0.00M, Peak:0.00M | Scene, ViewLayer | Synchronizing object | Ducha_2_Eletrico
Fra:1 Mem:24.71M (Peak 24.71M) | Time:00:00.01 | Mem:0.00M, Peak:0.00M | Scene, ViewLayer | Synchronizing object | Ducha_2_Registro
Fra:1 Mem:24.71M (Peak 24.71M) | Time:00:00.01 | Mem:0.00M, Peak:0.00M | Scene, ViewLayer | Synchronizing object | Terca_Ala_Xm225
Fra:1 Mem:24.72M (Peak 24.72M) | Time:00:00.01 | Mem:0.00M, Peak:0.00M | Scene, ViewLayer | Synchronizing object | Lavabo_1_Bacia
Fra:1 Mem:24.72M (Peak 24.72M) | Time:00:00.01 | Mem:0.00M, Peak:0.00M | Scene, ViewLayer | Synchronizing object | Terca_Leste_X4
Fra:1 Mem:24.73M (Peak 24.73M) | Time:00:00.01 | Mem:0.00M, Peak:0.00M | Scene, ViewLayer | Synchronizing object | Lavabo_1_Assento
Fra:1 Mem:24.73M (Peak 24.73M) | Time:00:00.01 | Mem:0.00M, Peak:0.00M | Scene, ViewLayer | Synchronizing object | Lavabo_1_Torneira
Fra:1 Mem:24.73M (Peak 24.73M) | Time:00:00.01 | Mem:0.00M, Peak:0.00M | Scene, ViewLayer | Synchronizing object | Lavabo_2_Caixa
Fra:1 Mem:24.73M (Peak 24.73M) | Time:00:00.01 | Mem:0.00M, Peak:0.00M | Scene, ViewLayer | Synchronizing object | Lavabo_2_Bacia
Fra:1 Mem:24.74M (Peak 24.74M) | Time:00:00.01 | Mem:0.00M, Peak:0.00M | Scene, ViewLayer | Synchronizing object | Lavabo_2_Assento
Fra:1 Mem:24.74M (Peak 24.74M) | Time:00:00.01 | Mem:0.00M, Peak:0.00M | Scene, ViewLayer | Synchronizing object | Lavabo_2_Pia
Fra:1 Mem:24.74M (Peak 24.74M) | Time:00:00.01 | Mem:0.00M, Peak:0.00M | Scene, ViewLayer | Synchronizing object | Lavabo_2_Torneira
Fra:1 Mem:24.74M (Peak 24.74M) | Time:00:00.01 | Mem:0.00M, Peak:0.00M | Scene, ViewLayer | Synchronizing object | Bancada_Base
Fra:1 Mem:24.75M (Peak 24.75M) | Time:00:00.01 | Mem:0.00M, Peak:0.00M | Scene, ViewLayer | Synchronizing object | Bancada_Tampo_Norte
Fra:1 Mem:24.75M (Peak 24.75M) | Time:00:00.01 | Mem:0.00M, Peak:0.00M | Scene, ViewLayer | Synchronizing object | Bancada_Pia_Cuba
Fra:1 Mem:24.75M (Peak 24.75M) | Time:00:00.01 | Mem:0.00M, Peak:0.00M | Scene, ViewLayer | Synchronizing object | Bancada_Pia_Coluna_Torneira
Fra:1 Mem:24.75M (Peak 24.75M) | Time:00:00.01 | Mem:0.00M, Peak:0.00M | Scene, ViewLayer | Synchronizing object | Churrasqueira_Corpo
Fra:1 Mem:24.76M (Peak 24.76M) | Time:00:00.01 | Mem:0.00M, Peak:0.00M | Scene, ViewLayer | Synchronizing object | Churrasqueira_Barra_1
Fra:1 Mem:24.76M (Peak 24.76M) | Time:00:00.01 | Mem:0.00M, Peak:0.00M | Scene, ViewLayer | Synchronizing object | Terca_Oeste_X0
Fra:1 Mem:24.77M (Peak 24.77M) | Time:00:00.01 | Mem:0.00M, Peak:0.00M | Scene, ViewLayer | Synchronizing object | Churrasqueira_Barra_2
Fra:1 Mem:24.77M (Peak 24.77M) | Time:00:00.01 | Mem:0.00M, Peak:0.00M | Scene, ViewLayer | Synchronizing object | Churrasqueira_Barra_3
Fra:1 Mem:24.77M (Peak 24.77M) | Time:00:00.01 | Mem:0.00M, Peak:0.00M | Scene, ViewLayer | Synchronizing object | Viga_Transv_Ala_Y12
Fra:1 Mem:24.78M (Peak 24.78M) | Time:00:00.01 | Mem:0.00M, Peak:0.00M | Scene, ViewLayer | Synchronizing object | Churrasqueira_Barra_5
Fra:1 Mem:24.78M (Peak 24.78M) | Time:00:00.01 | Mem:0.00M, Peak:0.00M | Scene, ViewLayer | Synchronizing object | Churrasqueira_Barra_6
Fra:1 Mem:24.78M (Peak 24.78M) | Time:00:00.01 | Mem:0.00M, Peak:0.00M | Scene, ViewLayer | Synchronizing object | Churrasqueira_Brasa
Fra:1 Mem:24.79M (Peak 24.79M) | Time:00:00.01 | Mem:0.00M, Peak:0.00M | Scene, ViewLayer | Synchronizing object | Mesa_Tampo
Fra:1 Mem:24.79M (Peak 24.79M) | Time:00:00.01 | Mem:0.00M, Peak:0.00M | Scene, ViewLayer | Synchronizing object | Mesa_Pe_-1_-1
Fra:1 Mem:24.79M (Peak 24.79M) | Time:00:00.01 | Mem:0.00M, Peak:0.00M | Scene, ViewLayer | Synchronizing object | Mesa_Pe_-1_1
Fra:1 Mem:24.79M (Peak 24.79M) | Time:00:00.01 | Mem:0.00M, Peak:0.00M | Scene, ViewLayer | Synchronizing object | Mesa_Pe_1_-1
Fra:1 Mem:24.79M (Peak 24.79M) | Time:00:00.01 | Mem:0.00M, Peak:0.00M | Scene, ViewLayer | Synchronizing object | Mesa_Pe_1_1
Fra:1 Mem:24.79M (Peak 24.79M) | Time:00:00.01 | Mem:0.00M, Peak:0.00M | Scene, ViewLayer | Synchronizing object | Banco_Oeste_Assento
Fra:1 Mem:24.80M (Peak 24.80M) | Time:00:00.01 | Mem:0.00M, Peak:0.00M | Scene, ViewLayer | Synchronizing object | Banco_Oeste_Pe_-1
Fra:1 Mem:24.80M (Peak 24.80M) | Time:00:00.01 | Mem:0.00M, Peak:0.00M | Scene, ViewLayer | Synchronizing object | Banco_Leste_Assento
Fra:1 Mem:24.80M (Peak 24.80M) | Time:00:00.01 | Mem:0.00M, Peak:0.00M | Scene, ViewLayer | Synchronizing object | Banco_Leste_Pe_-1
Fra:1 Mem:24.80M (Peak 24.80M) | Time:00:00.01 | Mem:0.00M, Peak:0.00M | Scene, ViewLayer | Synchronizing object | Banco_Leste_Pe_1
Fra:1 Mem:24.80M (Peak 24.80M) | Time:00:00.01 | Mem:0.00M, Peak:0.00M | Scene, ViewLayer | Synchronizing object | Parede_Leste_2_3
Fra:1 Mem:24.81M (Peak 24.81M) | Time:00:00.01 | Mem:0.00M, Peak:0.00M | Scene, ViewLayer | Synchronizing object | Parede_Leste_3_4
Fra:1 Mem:24.81M (Peak 24.81M) | Time:00:00.01 | Mem:0.00M, Peak:0.00M | Scene, ViewLayer | Synchronizing object | Viga_Transv_Ala_Y9_5
Fra:1 Mem:24.81M (Peak 24.81M) | Time:00:00.01 | Mem:0.00M, Peak:0.00M | Scene, ViewLayer | Synchronizing object | Sala_Tapete
Fra:1 Mem:24.82M (Peak 24.82M) | Time:00:00.01 | Mem:0.00M, Peak:0.00M | Scene, ViewLayer | Synchronizing object | Sofa_Sul_Encosto
Fra:1 Mem:24.82M (Peak 24.82M) | Time:00:00.01 | Mem:0.00M, Peak:0.00M | Scene, ViewLayer | Synchronizing object | Sofa_Sul_Braco_-1
Fra:1 Mem:24.82M (Peak 24.82M) | Time:00:00.01 | Mem:0.00M, Peak:0.00M | Scene, ViewLayer | Synchronizing object | Sofa_Sul_Pe_0_-1
Fra:1 Mem:24.82M (Peak 24.82M) | Time:00:00.01 | Mem:0.00M, Peak:0.00M | Scene, ViewLayer | Synchronizing object | Sofa_Sul_Pe_0_1
Fra:1 Mem:24.82M (Peak 24.82M) | Time:00:00.01 | Mem:0.00M, Peak:0.00M | Scene, ViewLayer | Synchronizing object | Sofa_Sul_Pe_1_1
Fra:1 Mem:24.82M (Peak 24.82M) | Time:00:00.01 | Mem:0.00M, Peak:0.00M | Scene, ViewLayer | Synchronizing object | Sofa_Norte_Assento
Fra:1 Mem:24.83M (Peak 24.83M) | Time:00:00.01 | Mem:0.00M, Peak:0.00M | Scene, ViewLayer | Synchronizing object | Sofa_Norte_Encosto
Fra:1 Mem:24.83M (Peak 24.83M) | Time:00:00.01 | Mem:0.00M, Peak:0.00M | Scene, ViewLayer | Synchronizing object | Sofa_Norte_Braco_1
Fra:1 Mem:24.83M (Peak 24.83M) | Time:00:00.01 | Mem:0.00M, Peak:0.00M | Scene, ViewLayer | Synchronizing object | Sofa_Norte_Pe_0_-1
Fra:1 Mem:24.83M (Peak 24.83M) | Time:00:00.01 | Mem:0.00M, Peak:0.00M | Scene, ViewLayer | Synchronizing object | Sofa_Norte_Pe_0_1
Fra:1 Mem:24.83M (Peak 24.83M) | Time:00:00.01 | Mem:0.00M, Peak:0.00M | Scene, ViewLayer | Synchronizing object | Sofa_Norte_Pe_1_1
Fra:1 Mem:24.83M (Peak 24.83M) | Time:00:00.01 | Mem:0.00M, Peak:0.00M | Scene, ViewLayer | Synchronizing object | Mesa_Centro_Tampo
Fra:1 Mem:24.83M (Peak 24.83M) | Time:00:00.01 | Mem:0.00M, Peak:0.00M | Scene, ViewLayer | Synchronizing object | Viga_Transv_Y12
Fra:1 Mem:24.83M (Peak 24.83M) | Time:00:00.01 | Mem:0.00M, Peak:0.00M | Scene, ViewLayer | Synchronizing object | Mesa_Centro_Pe_-1_-1
Fra:1 Mem:24.84M (Peak 24.84M) | Time:00:00.01 | Mem:0.00M, Peak:0.00M | Scene, ViewLayer | Synchronizing object | Mesa_Centro_Pe_-1_1
Fra:1 Mem:24.85M (Peak 24.85M) | Time:00:00.01 | Mem:0.00M, Peak:0.00M | Scene, ViewLayer | Synchronizing object | MesaBar_1_Tampo
Fra:1 Mem:24.85M (Peak 24.85M) | Time:00:00.01 | Mem:0.00M, Peak:0.00M | Scene, ViewLayer | Synchronizing object | MesaBar_1_Coluna
Fra:1 Mem:24.86M (Peak 24.86M) | Time:00:00.02 | Mem:0.00M, Peak:0.00M | Scene, ViewLayer | Synchronizing object | MesaBar_1_Base
Fra:1 Mem:24.86M (Peak 24.86M) | Time:00:00.02 | Mem:0.00M, Peak:0.00M | Scene, ViewLayer | Synchronizing object | MesaBar_1_Banqueta_1_Assento
Fra:1 Mem:24.86M (Peak 24.86M) | Time:00:00.02 | Mem:0.00M, Peak:0.00M | Scene, ViewLayer | Synchronizing object | MesaBar_1_Banqueta_1_Coluna
Fra:1 Mem:24.86M (Peak 24.86M) | Time:00:00.02 | Mem:0.00M, Peak:0.00M | Scene, ViewLayer | Synchronizing object | MesaBar_1_Banqueta_1_Base
Fra:1 Mem:24.86M (Peak 24.86M) | Time:00:00.02 | Mem:0.00M, Peak:0.00M | Scene, ViewLayer | Synchronizing object | MesaBar_1_Banqueta_2_Assento
Fra:1 Mem:24.86M (Peak 24.86M) | Time:00:00.02 | Mem:0.00M, Peak:0.00M | Scene, ViewLayer | Synchronizing object | MesaBar_1_Banqueta_2_Coluna
Fra:1 Mem:24.86M (Peak 24.86M) | Time:00:00.02 | Mem:0.00M, Peak:0.00M | Scene, ViewLayer | Synchronizing object | MesaBar_1_Banqueta_2_Base
Fra:1 Mem:24.86M (Peak 24.86M) | Time:00:00.02 | Mem:0.00M, Peak:0.00M | Scene, ViewLayer | Synchronizing object | MesaBar_2_Tampo
Fra:1 Mem:24.86M (Peak 24.86M) | Time:00:00.02 | Mem:0.00M, Peak:0.00M | Scene, ViewLayer | Synchronizing object | MesaBar_2_Coluna
Fra:1 Mem:24.87M (Peak 24.87M) | Time:00:00.02 | Mem:0.00M, Peak:0.00M | Scene, ViewLayer | Synchronizing object | Viga_Transv_P9_P4
Fra:1 Mem:24.88M (Peak 24.88M) | Time:00:00.02 | Mem:0.00M, Peak:0.00M | Scene, ViewLayer | Synchronizing object | MesaBar_2_Banqueta_1_Assento
Fra:1 Mem:24.88M (Peak 24.88M) | Time:00:00.02 | Mem:0.00M, Peak:0.00M | Scene, ViewLayer | Synchronizing object | Viga_Transv_Y4
Fra:1 Mem:24.89M (Peak 24.89M) | Time:00:00.02 | Mem:0.00M, Peak:0.00M | Scene, ViewLayer | Synchronizing object | MesaBar_2_Banqueta_1_Coluna
Fra:1 Mem:24.89M (Peak 24.89M) | Time:00:00.02 | Mem:0.00M, Peak:0.00M | Scene, ViewLayer | Synchronizing object | MesaBar_2_Banqueta_1_Base
Fra:1 Mem:24.90M (Peak 24.90M) | Time:00:00.02 | Mem:0.00M, Peak:0.00M | Scene, ViewLayer | Synchronizing object | MesaBar_2_Banqueta_2_Assento
Fra:1 Mem:24.90M (Peak 24.90M) | Time:00:00.02 | Mem:0.00M, Peak:0.00M | Scene, ViewLayer | Synchronizing object | MesaBar_2_Banqueta_2_Coluna
Fra:1 Mem:24.91M (Peak 24.91M) | Time:00:00.02 | Mem:0.00M, Peak:0.00M | Scene, ViewLayer | Synchronizing object | MesaBar_2_Banqueta_2_Base
Fra:1 Mem:24.92M (Peak 24.92M) | Time:00:00.02 | Mem:0.00M, Peak:0.00M | Scene, ViewLayer | Synchronizing object | Geladeira_Corpo
Fra:1 Mem:24.92M (Peak 24.92M) | Time:00:00.02 | Mem:0.00M, Peak:0.00M | Scene, ViewLayer | Synchronizing object | Geladeira_Linha_Divisoria
Fra:1 Mem:24.92M (Peak 24.92M) | Time:00:00.02 | Mem:0.00M, Peak:0.00M | Scene, ViewLayer | Synchronizing object | Geladeira_Puxador_1
Fra:1 Mem:24.92M (Peak 24.92M) | Time:00:00.02 | Mem:0.00M, Peak:0.00M | Scene, ViewLayer | Synchronizing object | Fogao_Corpo
Fra:1 Mem:24.93M (Peak 24.93M) | Time:00:00.02 | Mem:0.00M, Peak:0.00M | Scene, ViewLayer | Synchronizing object | Fogao_Cooktop
Fra:1 Mem:24.93M (Peak 24.93M) | Time:00:00.02 | Mem:0.00M, Peak:0.00M | Scene, ViewLayer | Synchronizing object | Fogao_Boca_0_0
Fra:1 Mem:24.94M (Peak 24.94M) | Time:00:00.02 | Mem:0.00M, Peak:0.00M | Scene, ViewLayer | Synchronizing object | Fogao_Boca_1_0
Fra:1 Mem:24.94M (Peak 24.94M) | Time:00:00.02 | Mem:0.00M, Peak:0.00M | Scene, ViewLayer | Synchronizing object | Fogao_Boca_1_1
Fra:1 Mem:24.95M (Peak 24.95M) | Time:00:00.02 | Mem:0.00M, Peak:0.00M | Scene, ViewLayer | Synchronizing object | Fogao_Forno_Porta
Fra:1 Mem:24.95M (Peak 24.95M) | Time:00:00.02 | Mem:0.00M, Peak:0.00M | Scene, ViewLayer | Synchronizing object | TV_Suporte
Fra:1 Mem:24.95M (Peak 24.95M) | Time:00:00.02 | Mem:0.00M, Peak:0.00M | Scene, ViewLayer | Synchronizing object | TV_Moldura
Fra:1 Mem:24.96M (Peak 24.96M) | Time:00:00.02 | Mem:0.00M, Peak:0.00M | Scene, ViewLayer | Synchronizing object | TV_Tela
Fra:1 Mem:24.96M (Peak 24.96M) | Time:00:00.02 | Mem:0.00M, Peak:0.00M | Scene, ViewLayer | Synchronizing object | Montante_P2
Fra:1 Mem:24.96M (Peak 24.96M) | Time:00:00.02 | Mem:0.00M, Peak:0.00M | Scene, ViewLayer | Synchronizing object | Montante_P4
Fra:1 Mem:24.96M (Peak 24.96M) | Time:00:00.02 | Mem:0.00M, Peak:0.00M | Scene, ViewLayer | Synchronizing object | Montante_P5
Fra:1 Mem:24.97M (Peak 24.97M) | Time:00:00.02 | Mem:0.00M, Peak:0.00M | Scene, ViewLayer | Synchronizing object | Viga_Transv_Y0
Fra:1 Mem:25.03M (Peak 25.03M) | Time:00:00.02 | Mem:0.00M, Peak:0.00M | Scene, ViewLayer | Initializing
Fra:1 Mem:18.86M (Peak 25.03M) | Time:00:00.02 | Mem:0.00M, Peak:0.00M | Scene, ViewLayer | Waiting for render to start
Fra:1 Mem:18.87M (Peak 25.03M) | Time:00:00.02 | Mem:0.00M, Peak:0.00M | Scene, ViewLayer | Loading render kernels (may take a few minutes the first time)
Fra:1 Mem:18.87M (Peak 25.03M) | Time:00:00.02 | Mem:0.00M, Peak:0.00M | Scene, ViewLayer | Updating Scene
Fra:1 Mem:18.87M (Peak 25.03M) | Time:00:00.02 | Mem:0.00M, Peak:0.00M | Scene, ViewLayer | Updating Shaders
Fra:1 Mem:18.97M (Peak 25.03M) | Time:00:00.02 | Mem:0.02M, Peak:0.02M | Scene, ViewLayer | Updating Procedurals
Fra:1 Mem:18.97M (Peak 25.03M) | Time:00:00.02 | Mem:0.02M, Peak:0.02M | Scene, ViewLayer | Updating Background
Fra:1 Mem:18.97M (Peak 25.03M) | Time:00:00.02 | Mem:0.02M, Peak:0.02M | Scene, ViewLayer | Updating Camera
Fra:1 Mem:18.97M (Peak 25.03M) | Time:00:00.02 | Mem:0.02M, Peak:0.02M | Scene, ViewLayer | Updating Meshes Flags
Fra:1 Mem:18.97M (Peak 25.03M) | Time:00:00.02 | Mem:0.02M, Peak:0.02M | Scene, ViewLayer | Updating Objects
Fra:1 Mem:18.97M (Peak 25.03M) | Time:00:00.02 | Mem:0.02M, Peak:0.02M | Scene, ViewLayer | Updating Objects | Copying Transformations to device
Fra:1 Mem:19.00M (Peak 25.03M) | Time:00:00.02 | Mem:0.06M, Peak:0.06M | Scene, ViewLayer | Updating Objects | Applying Static Transformations
Fra:1 Mem:19.00M (Peak 25.03M) | Time:00:00.02 | Mem:0.06M, Peak:0.06M | Scene, ViewLayer | Updating Particle Systems
Fra:1 Mem:19.00M (Peak 25.03M) | Time:00:00.02 | Mem:0.06M, Peak:0.06M | Scene, ViewLayer | Updating Particle Systems | Copying Particles to device
Fra:1 Mem:19.00M (Peak 25.03M) | Time:00:00.02 | Mem:0.06M, Peak:0.06M | Scene, ViewLayer | Updating Meshes
Fra:1 Mem:19.16M (Peak 25.03M) | Time:00:00.02 | Mem:0.06M, Peak:0.06M | Scene, ViewLayer | Updating Mesh | Computing attributes
Fra:1 Mem:19.26M (Peak 25.03M) | Time:00:00.02 | Mem:0.07M, Peak:0.07M | Scene, ViewLayer | Updating Mesh | Copying Attributes to device
Fra:1 Mem:19.24M (Peak 25.03M) | Time:00:00.02 | Mem:0.13M, Peak:0.13M | Scene, ViewLayer | Updating Scene BVH | Building
Fra:1 Mem:19.24M (Peak 25.03M) | Time:00:00.02 | Mem:0.13M, Peak:0.13M | Scene, ViewLayer | Updating Scene BVH | Building BVH
Fra:1 Mem:19.24M (Peak 25.03M) | Time:00:00.02 | Mem:0.45M, Peak:0.45M | Scene, ViewLayer | Updating Scene BVH | Building BVH 0%
Fra:1 Mem:19.24M (Peak 25.03M) | Time:00:00.03 | Mem:0.87M, Peak:1.19M | Scene, ViewLayer | Updating Scene BVH | Copying BVH to device
Fra:1 Mem:19.24M (Peak 25.03M) | Time:00:00.03 | Mem:0.87M, Peak:1.19M | Scene, ViewLayer | Updating Mesh | Computing normals
Fra:1 Mem:19.61M (Peak 25.03M) | Time:00:00.03 | Mem:0.87M, Peak:1.19M | Scene, ViewLayer | Updating Mesh | Copying Mesh to device
Fra:1 Mem:19.61M (Peak 25.03M) | Time:00:00.03 | Mem:1.24M, Peak:1.24M | Scene, ViewLayer | Updating Objects Flags
Fra:1 Mem:19.61M (Peak 25.03M) | Time:00:00.03 | Mem:1.24M, Peak:1.24M | Scene, ViewLayer | Updating Primitive Offsets
Fra:1 Mem:19.61M (Peak 25.03M) | Time:00:00.03 | Mem:1.24M, Peak:1.24M | Scene, ViewLayer | Updating Images
Fra:1 Mem:19.61M (Peak 25.03M) | Time:00:00.03 | Mem:1.24M, Peak:1.24M | Scene, ViewLayer | Updating Camera Volume
Fra:1 Mem:19.61M (Peak 25.03M) | Time:00:00.03 | Mem:1.24M, Peak:1.24M | Scene, ViewLayer | Updating Lookup Tables
Fra:1 Mem:19.61M (Peak 25.03M) | Time:00:00.03 | Mem:1.32M, Peak:1.32M | Scene, ViewLayer | Updating Lights
Fra:1 Mem:19.61M (Peak 25.03M) | Time:00:00.03 | Mem:1.33M, Peak:1.33M | Scene, ViewLayer | Updating Lights | Computing distribution
Fra:1 Mem:19.61M (Peak 25.03M) | Time:00:00.03 | Mem:1.33M, Peak:1.33M | Scene, ViewLayer | Updating Lights | Computing tree
Fra:1 Mem:19.62M (Peak 25.03M) | Time:00:00.03 | Mem:1.33M, Peak:1.33M | Scene, ViewLayer | Updating Integrator
Fra:1 Mem:21.62M (Peak 25.03M) | Time:00:00.03 | Mem:3.33M, Peak:3.33M | Scene, ViewLayer | Updating Film
Fra:1 Mem:21.62M (Peak 25.03M) | Time:00:00.03 | Mem:3.25M, Peak:3.33M | Scene, ViewLayer | Updating Lookup Tables
Fra:1 Mem:21.62M (Peak 25.03M) | Time:00:00.03 | Mem:3.33M, Peak:3.33M | Scene, ViewLayer | Updating Baking
Fra:1 Mem:21.62M (Peak 25.03M) | Time:00:00.03 | Mem:3.33M, Peak:3.33M | Scene, ViewLayer | Updating Device | Writing constant memory
Fra:1 Mem:21.62M (Peak 25.03M) | Time:00:00.03 | Mem:3.33M, Peak:3.33M | Scene, ViewLayer | Sample 0/300
Fra:1 Mem:92.87M (Peak 92.87M) | Time:00:00.82 | Remaining:03:56.21 | Mem:74.52M, Peak:74.52M | Scene, ViewLayer | Sample 1/300
Fra:1 Mem:92.87M (Peak 92.87M) | Time:00:19.56 | Remaining:02:38.00 | Mem:74.52M, Peak:74.52M | Scene, ViewLayer | Sample 33/300
Fra:1 Mem:92.87M (Peak 92.87M) | Time:00:49.78 | Remaining:02:16.82 | Mem:74.52M, Peak:74.52M | Scene, ViewLayer | Sample 80/300
Fra:1 Mem:92.87M (Peak 92.87M) | Time:00:52.04 | Remaining:01:50.53 | Mem:74.52M, Peak:74.52M | Scene, ViewLayer | Sample 96/300
Fra:1 Mem:92.87M (Peak 92.87M) | Time:00:54.12 | Remaining:01:30.79 | Mem:74.52M, Peak:74.52M | Scene, ViewLayer | Sample 112/300
Fra:1 Mem:92.87M (Peak 92.87M) | Time:00:56.17 | Remaining:01:15.43 | Mem:74.52M, Peak:74.52M | Scene, ViewLayer | Sample 128/300
Fra:1 Mem:92.87M (Peak 92.87M) | Time:00:58.26 | Remaining:01:03.08 | Mem:74.52M, Peak:74.52M | Scene, ViewLayer | Sample 144/300
Fra:1 Mem:92.87M (Peak 92.87M) | Time:01:00.05 | Remaining:00:52.52 | Mem:74.52M, Peak:74.52M | Scene, ViewLayer | Sample 160/300
Fra:1 Mem:92.87M (Peak 92.87M) | Time:01:01.96 | Remaining:00:43.63 | Mem:74.52M, Peak:74.52M | Scene, ViewLayer | Sample 176/300
Fra:1 Mem:92.87M (Peak 92.87M) | Time:01:03.72 | Remaining:00:35.82 | Mem:74.52M, Peak:74.52M | Scene, ViewLayer | Sample 192/300
Fra:1 Mem:92.87M (Peak 92.87M) | Time:01:05.31 | Remaining:00:28.87 | Mem:74.52M, Peak:74.52M | Scene, ViewLayer | Sample 208/300
Fra:1 Mem:92.87M (Peak 92.87M) | Time:01:07.10 | Remaining:00:22.75 | Mem:74.52M, Peak:74.52M | Scene, ViewLayer | Sample 224/300
Fra:1 Mem:92.87M (Peak 92.87M) | Time:01:08.76 | Remaining:00:17.18 | Mem:74.52M, Peak:74.52M | Scene, ViewLayer | Sample 240/300
Fra:1 Mem:92.87M (Peak 92.87M) | Time:01:07.44 | Remaining:00:11.58 | Mem:74.52M, Peak:74.52M | Scene, ViewLayer | Sample 256/300
Fra:1 Mem:92.87M (Peak 92.87M) | Time:01:08.94 | Remaining:00:07.09 | Mem:74.52M, Peak:74.52M | Scene, ViewLayer | Sample 272/300
Fra:1 Mem:92.87M (Peak 92.87M) | Time:01:10.33 | Remaining:00:02.92 | Mem:74.52M, Peak:74.52M | Scene, ViewLayer | Sample 288/300
Fra:1 Mem:124.51M (Peak 187.79M) | Time:01:11.48 | Mem:74.52M, Peak:74.52M | Scene, ViewLayer | Sample 300/300
Fra:1 Mem:124.51M (Peak 187.79M) | Time:01:11.48 | Mem:74.52M, Peak:74.52M | Scene, ViewLayer | Finished
Saved: '/home/fac/piscina/V4/renders/projeto_render_15h.png'
Time: 01:11.80 (Saving: 00:00.29)

Fra:1 Mem:24.56M (Peak 24.56M) | Time:00:00.02 | Mem:0.00M, Peak:0.00M | Scene, ViewLayer | Synchronizing object | Pedestal_Concreto_1
Fra:1 Mem:24.56M (Peak 24.56M) | Time:00:00.02 | Mem:0.00M, Peak:0.00M | Scene, ViewLayer | Synchronizing object | Pedestal_Concreto_2
Fra:1 Mem:24.56M (Peak 24.56M) | Time:00:00.02 | Mem:0.00M, Peak:0.00M | Scene, ViewLayer | Synchronizing object | Pedestal_Concreto_3
Fra:1 Mem:24.57M (Peak 24.57M) | Time:00:00.02 | Mem:0.00M, Peak:0.00M | Scene, ViewLayer | Synchronizing object | Pilar_Eucalipto_4
Fra:1 Mem:24.58M (Peak 24.58M) | Time:00:00.02 | Mem:0.00M, Peak:0.00M | Scene, ViewLayer | Synchronizing object | Pilar_Eucalipto_8
Fra:1 Mem:24.58M (Peak 24.58M) | Time:00:00.02 | Mem:0.00M, Peak:0.00M | Scene, ViewLayer | Synchronizing object | Pilar_Eucalipto_9
Fra:1 Mem:24.59M (Peak 24.59M) | Time:00:00.02 | Mem:0.00M, Peak:0.00M | Scene, ViewLayer | Synchronizing object | Pedestal_Concreto_10
Fra:1 Mem:24.59M (Peak 24.59M) | Time:00:00.02 | Mem:0.00M, Peak:0.00M | Scene, ViewLayer | Synchronizing object | Pilar_Eucalipto_10
Fra:1 Mem:24.60M (Peak 24.60M) | Time:00:00.02 | Mem:0.00M, Peak:0.00M | Scene, ViewLayer | Synchronizing object | Piso_Quiosque_L
Fra:1 Mem:24.60M (Peak 24.60M) | Time:00:00.02 | Mem:0.00M, Peak:0.00M | Scene, ViewLayer | Synchronizing object | Telhado_Zinco_L
Fra:1 Mem:24.61M (Peak 24.61M) | Time:00:00.02 | Mem:0.00M, Peak:0.00M | Scene, ViewLayer | Synchronizing object | Piso_Area_Piscina
Fra:1 Mem:24.61M (Peak 24.61M) | Time:00:00.02 | Mem:0.00M, Peak:0.00M | Scene, ViewLayer | Synchronizing object | Piscina_Esmeralda_Agua
Fra:1 Mem:24.62M (Peak 24.62M) | Time:00:00.02 | Mem:0.00M, Peak:0.00M | Scene, ViewLayer | Synchronizing object | Banheiro_Parede_Oeste_1_a
Fra:1 Mem:24.62M (Peak 24.62M) | Time:00:00.02 | Mem:0.00M, Peak:0.00M | Scene, ViewLayer | Synchronizing object | Banheiro_Parede_Oeste_1_Porta
Fra:1 Mem:24.63M (Peak 24.63M) | Time:00:00.02 | Mem:0.00M, Peak:0.00M | Scene, ViewLayer | Synchronizing object | Banheiro_Parede_Oeste_2_a
Fra:1 Mem:24.64M (Peak 24.64M) | Time:00:00.02 | Mem:0.00M, Peak:0.00M | Scene, ViewLayer | Synchronizing object | Banheiro_Parede_Oeste_2_Porta
Fra:1 Mem:24.64M (Peak 24.64M) | Time:00:00.02 | Mem:0.00M, Peak:0.00M | Scene, ViewLayer | Synchronizing object | Banheiro_Parede_Leste_1_a
Fra:1 Mem:24.64M (Peak 24.64M) | Time:00:00.02 | Mem:0.00M, Peak:0.00M | Scene, ViewLayer | Synchronizing object | Banheiro_Parede_Leste_1_b
Fra:1 Mem:24.64M (Peak 24.64M) | Time:00:00.02 | Mem:0.00M, Peak:0.00M | Scene, ViewLayer | Synchronizing object | Banheiro_Parede_Leste_1_Porta
Fra:1 Mem:24.64M (Peak 24.64M) | Time:00:00.02 | Mem:0.00M, Peak:0.00M | Scene, ViewLayer | Synchronizing object | Banheiro_Parede_Leste_2_a
Fra:1 Mem:24.64M (Peak 24.64M) | Time:00:00.02 | Mem:0.00M, Peak:0.00M | Scene, ViewLayer | Synchronizing object | Banheiro_Parede_Leste_2_b
Fra:1 Mem:24.64M (Peak 24.64M) | Time:00:00.02 | Mem:0.00M, Peak:0.00M | Scene, ViewLayer | Synchronizing object | Banheiro_Parede_Leste_2_Porta
Fra:1 Mem:24.65M (Peak 24.65M) | Time:00:00.02 | Mem:0.00M, Peak:0.00M | Scene, ViewLayer | Synchronizing object | Banheiro_Parede_Sul
Fra:1 Mem:24.65M (Peak 24.65M) | Time:00:00.02 | Mem:0.00M, Peak:0.00M | Scene, ViewLayer | Synchronizing object | Banheiro_Parede_Central
Fra:1 Mem:24.66M (Peak 24.66M) | Time:00:00.02 | Mem:0.00M, Peak:0.00M | Scene, ViewLayer | Synchronizing object | Banheiro_Particao_Ducha
Fra:1 Mem:24.67M (Peak 24.67M) | Time:00:00.02 | Mem:0.00M, Peak:0.00M | Scene, ViewLayer | Synchronizing object | Banheiro_Particao_Lavabo
Fra:1 Mem:24.67M (Peak 24.67M) | Time:00:00.02 | Mem:0.00M, Peak:0.00M | Scene, ViewLayer | Synchronizing object | Banheiro_Piso
Fra:1 Mem:24.68M (Peak 24.68M) | Time:00:00.02 | Mem:0.00M, Peak:0.00M | Scene, ViewLayer | Synchronizing object | Ducha_1_Base
Fra:1 Mem:24.68M (Peak 24.68M) | Time:00:00.02 | Mem:0.00M, Peak:0.00M | Scene, ViewLayer | Synchronizing object | Ducha_1_Coluna
Fra:1 Mem:24.69M (Peak 24.69M) | Time:00:00.02 | Mem:0.00M, Peak:0.00M | Scene, ViewLayer | Synchronizing object | Ducha_1_Eletrico
Fra:1 Mem:24.70M (Peak 24.70M) | Time:00:00.02 | Mem:0.00M, Peak:0.00M | Scene, ViewLayer | Synchronizing object | Ducha_1_Registro
Fra:1 Mem:24.70M (Peak 24.70M) | Time:00:00.02 | Mem:0.00M, Peak:0.00M | Scene, ViewLayer | Synchronizing object | Ducha_2_Base
Fra:1 Mem:24.70M (Peak 24.70M) | Time:00:00.02 | Mem:0.00M, Peak:0.00M | Scene, ViewLayer | Synchronizing object | Ducha_2_Coluna
Fra:1 Mem:24.71M (Peak 24.71M) | Time:00:00.02 | Mem:0.00M, Peak:0.00M | Scene, ViewLayer | Synchronizing object | Ducha_2_Eletrico
Fra:1 Mem:24.71M (Peak 24.71M) | Time:00:00.02 | Mem:0.00M, Peak:0.00M | Scene, ViewLayer | Synchronizing object | Lavabo_1_Caixa
Fra:1 Mem:24.71M (Peak 24.71M) | Time:00:00.02 | Mem:0.00M, Peak:0.00M | Scene, ViewLayer | Synchronizing object | Lavabo_1_Bacia
Fra:1 Mem:24.72M (Peak 24.72M) | Time:00:00.02 | Mem:0.00M, Peak:0.00M | Scene, ViewLayer | Synchronizing object | Lavabo_1_Assento
Fra:1 Mem:24.72M (Peak 24.72M) | Time:00:00.02 | Mem:0.00M, Peak:0.00M | Scene, ViewLayer | Synchronizing object | Lavabo_1_Torneira
Fra:1 Mem:24.72M (Peak 24.72M) | Time:00:00.02 | Mem:0.00M, Peak:0.00M | Scene, ViewLayer | Synchronizing object | Lavabo_2_Caixa
Fra:1 Mem:24.72M (Peak 24.72M) | Time:00:00.02 | Mem:0.00M, Peak:0.00M | Scene, ViewLayer | Synchronizing object | Lavabo_2_Bacia
Fra:1 Mem:24.72M (Peak 24.72M) | Time:00:00.02 | Mem:0.00M, Peak:0.00M | Scene, ViewLayer | Synchronizing object | Lavabo_2_Pia
Fra:1 Mem:24.72M (Peak 24.72M) | Time:00:00.02 | Mem:0.00M, Peak:0.00M | Scene, ViewLayer | Synchronizing object | Lavabo_2_Torneira
Fra:1 Mem:24.73M (Peak 24.73M) | Time:00:00.02 | Mem:0.00M, Peak:0.00M | Scene, ViewLayer | Synchronizing object | Bancada_Base
Fra:1 Mem:24.73M (Peak 24.73M) | Time:00:00.02 | Mem:0.00M, Peak:0.00M | Scene, ViewLayer | Synchronizing object | Bancada_Tampo_Sul
Fra:1 Mem:24.73M (Peak 24.73M) | Time:00:00.02 | Mem:0.00M, Peak:0.00M | Scene, ViewLayer | Synchronizing object | Bancada_Tampo_Norte
Fra:1 Mem:24.74M (Peak 24.74M) | Time:00:00.02 | Mem:0.00M, Peak:0.00M | Scene, ViewLayer | Synchronizing object | Terca_Ala_Xm225
Fra:1 Mem:24.74M (Peak 24.74M) | Time:00:00.02 | Mem:0.00M, Peak:0.00M | Scene, ViewLayer | Synchronizing object | Bancada_Pia_Cuba
Fra:1 Mem:24.75M (Peak 24.75M) | Time:00:00.02 | Mem:0.00M, Peak:0.00M | Scene, ViewLayer | Synchronizing object | Bancada_Pia_Coluna_Torneira
Fra:1 Mem:24.75M (Peak 24.75M) | Time:00:00.02 | Mem:0.00M, Peak:0.00M | Scene, ViewLayer | Synchronizing object | Bancada_Pia_Bico_Torneira
Fra:1 Mem:24.75M (Peak 24.75M) | Time:00:00.02 | Mem:0.00M, Peak:0.00M | Scene, ViewLayer | Synchronizing object | Churrasqueira_Barra_2
Fra:1 Mem:24.75M (Peak 24.75M) | Time:00:00.02 | Mem:0.00M, Peak:0.00M | Scene, ViewLayer | Synchronizing object | Churrasqueira_Barra_3
Fra:1 Mem:24.76M (Peak 24.76M) | Time:00:00.02 | Mem:0.00M, Peak:0.00M | Scene, ViewLayer | Synchronizing object | Churrasqueira_Barra_4
Fra:1 Mem:24.76M (Peak 24.76M) | Time:00:00.02 | Mem:0.00M, Peak:0.00M | Scene, ViewLayer | Synchronizing object | Churrasqueira_Barra_5
Fra:1 Mem:24.76M (Peak 24.76M) | Time:00:00.02 | Mem:0.00M, Peak:0.00M | Scene, ViewLayer | Synchronizing object | Churrasqueira_Barra_6
Fra:1 Mem:24.76M (Peak 24.76M) | Time:00:00.02 | Mem:0.00M, Peak:0.00M | Scene, ViewLayer | Synchronizing object | Churrasqueira_Brasa
Fra:1 Mem:24.76M (Peak 24.76M) | Time:00:00.02 | Mem:0.00M, Peak:0.00M | Scene, ViewLayer | Synchronizing object | Churrasqueira_Chamine
Fra:1 Mem:24.76M (Peak 24.76M) | Time:00:00.02 | Mem:0.00M, Peak:0.00M | Scene, ViewLayer | Synchronizing object | Mesa_Tampo
Fra:1 Mem:24.77M (Peak 24.77M) | Time:00:00.02 | Mem:0.00M, Peak:0.00M | Scene, ViewLayer | Synchronizing object | Mesa_Pe_-1_-1
Fra:1 Mem:24.77M (Peak 24.77M) | Time:00:00.02 | Mem:0.00M, Peak:0.00M | Scene, ViewLayer | Synchronizing object | Terca_Leste_X4
Fra:1 Mem:24.78M (Peak 24.78M) | Time:00:00.02 | Mem:0.00M, Peak:0.00M | Scene, ViewLayer | Synchronizing object | Mesa_Pe_-1_1
Fra:1 Mem:24.78M (Peak 24.78M) | Time:00:00.02 | Mem:0.00M, Peak:0.00M | Scene, ViewLayer | Synchronizing object | Mesa_Pe_1_-1
Fra:1 Mem:24.78M (Peak 24.78M) | Time:00:00.02 | Mem:0.00M, Peak:0.00M | Scene, ViewLayer | Synchronizing object | Mesa_Pe_1_1
Fra:1 Mem:24.79M (Peak 24.79M) | Time:00:00.02 | Mem:0.00M, Peak:0.00M | Scene, ViewLayer | Synchronizing object | Banco_Oeste_Assento
Fra:1 Mem:24.79M (Peak 24.79M) | Time:00:00.02 | Mem:0.00M, Peak:0.00M | Scene, ViewLayer | Synchronizing object | Banco_Oeste_Pe_-1
Fra:1 Mem:24.79M (Peak 24.79M) | Time:00:00.02 | Mem:0.00M, Peak:0.00M | Scene, ViewLayer | Synchronizing object | Banco_Oeste_Pe_1
Fra:1 Mem:24.79M (Peak 24.79M) | Time:00:00.02 | Mem:0.00M, Peak:0.00M | Scene, ViewLayer | Synchronizing object | Banco_Leste_Assento
Fra:1 Mem:24.80M (Peak 24.80M) | Time:00:00.02 | Mem:0.00M, Peak:0.00M | Scene, ViewLayer | Synchronizing object | Banco_Leste_Pe_-1
Fra:1 Mem:24.80M (Peak 24.80M) | Time:00:00.02 | Mem:0.00M, Peak:0.00M | Scene, ViewLayer | Synchronizing object | Parede_Sul_1_2
Fra:1 Mem:24.80M (Peak 24.80M) | Time:00:00.02 | Mem:0.00M, Peak:0.00M | Scene, ViewLayer | Synchronizing object | Parede_Leste_2_3
Fra:1 Mem:24.80M (Peak 24.80M) | Time:00:00.02 | Mem:0.00M, Peak:0.00M | Scene, ViewLayer | Synchronizing object | Parede_Leste_4_5
Fra:1 Mem:24.80M (Peak 24.80M) | Time:00:00.02 | Mem:0.00M, Peak:0.00M | Scene, ViewLayer | Synchronizing object | Sala_Tapete
Fra:1 Mem:24.81M (Peak 24.81M) | Time:00:00.02 | Mem:0.00M, Peak:0.00M | Scene, ViewLayer | Synchronizing object | Sofa_Sul_Assento
Fra:1 Mem:24.81M (Peak 24.81M) | Time:00:00.02 | Mem:0.00M, Peak:0.00M | Scene, ViewLayer | Synchronizing object | Sofa_Sul_Encosto
Fra:1 Mem:24.81M (Peak 24.81M) | Time:00:00.02 | Mem:0.00M, Peak:0.00M | Scene, ViewLayer | Synchronizing object | Sofa_Sul_Braco_-1
Fra:1 Mem:24.81M (Peak 24.81M) | Time:00:00.02 | Mem:0.00M, Peak:0.00M | Scene, ViewLayer | Synchronizing object | Sofa_Sul_Pe_0_-1
Fra:1 Mem:24.82M (Peak 24.82M) | Time:00:00.02 | Mem:0.00M, Peak:0.00M | Scene, ViewLayer | Synchronizing object | Sofa_Sul_Pe_0_1
Fra:1 Mem:24.82M (Peak 24.82M) | Time:00:00.02 | Mem:0.00M, Peak:0.00M | Scene, ViewLayer | Synchronizing object | Sofa_Sul_Pe_1_-1
Fra:1 Mem:24.82M (Peak 24.82M) | Time:00:00.02 | Mem:0.00M, Peak:0.00M | Scene, ViewLayer | Synchronizing object | Sofa_Sul_Pe_1_1
Fra:1 Mem:24.82M (Peak 24.82M) | Time:00:00.02 | Mem:0.00M, Peak:0.00M | Scene, ViewLayer | Synchronizing object | Sofa_Norte_Encosto
Fra:1 Mem:24.82M (Peak 24.82M) | Time:00:00.02 | Mem:0.00M, Peak:0.00M | Scene, ViewLayer | Synchronizing object | Sofa_Norte_Braco_-1
Fra:1 Mem:24.82M (Peak 24.82M) | Time:00:00.02 | Mem:0.00M, Peak:0.00M | Scene, ViewLayer | Synchronizing object | Sofa_Norte_Braco_1
Fra:1 Mem:24.82M (Peak 24.82M) | Time:00:00.02 | Mem:0.00M, Peak:0.00M | Scene, ViewLayer | Synchronizing object | Sofa_Norte_Pe_0_-1
Fra:1 Mem:24.82M (Peak 24.82M) | Time:00:00.02 | Mem:0.00M, Peak:0.00M | Scene, ViewLayer | Synchronizing object | Sofa_Norte_Pe_0_1
Fra:1 Mem:24.82M (Peak 24.82M) | Time:00:00.02 | Mem:0.00M, Peak:0.00M | Scene, ViewLayer | Synchronizing object | Sofa_Norte_Pe_1_-1
Fra:1 Mem:24.82M (Peak 24.82M) | Time:00:00.02 | Mem:0.00M, Peak:0.00M | Scene, ViewLayer | Synchronizing object | Sofa_Norte_Pe_1_1
Fra:1 Mem:24.82M (Peak 24.82M) | Time:00:00.02 | Mem:0.00M, Peak:0.00M | Scene, ViewLayer | Synchronizing object | Mesa_Centro_Pe_-1_-1
Fra:1 Mem:24.83M (Peak 24.83M) | Time:00:00.02 | Mem:0.00M, Peak:0.00M | Scene, ViewLayer | Synchronizing object | Mesa_Centro_Pe_1_-1
Fra:1 Mem:24.83M (Peak 24.83M) | Time:00:00.02 | Mem:0.00M, Peak:0.00M | Scene, ViewLayer | Synchronizing object | Mesa_Centro_Pe_1_1
Fra:1 Mem:24.83M (Peak 24.83M) | Time:00:00.02 | Mem:0.00M, Peak:0.00M | Scene, ViewLayer | Synchronizing object | MesaBar_1_Tampo
Fra:1 Mem:24.83M (Peak 24.83M) | Time:00:00.03 | Mem:0.00M, Peak:0.00M | Scene, ViewLayer | Synchronizing object | MesaBar_1_Coluna
Fra:1 Mem:24.84M (Peak 24.84M) | Time:00:00.03 | Mem:0.00M, Peak:0.00M | Scene, ViewLayer | Synchronizing object | MesaBar_1_Base
Fra:1 Mem:24.84M (Peak 24.84M) | Time:00:00.03 | Mem:0.00M, Peak:0.00M | Scene, ViewLayer | Synchronizing object | Terca_Oeste_X0
Fra:1 Mem:24.84M (Peak 24.84M) | Time:00:00.03 | Mem:0.00M, Peak:0.00M | Scene, ViewLayer | Synchronizing object | MesaBar_1_Banqueta_1_Assento
Fra:1 Mem:24.84M (Peak 24.84M) | Time:00:00.03 | Mem:0.00M, Peak:0.00M | Scene, ViewLayer | Synchronizing object | MesaBar_1_Banqueta_1_Coluna
Fra:1 Mem:24.84M (Peak 24.84M) | Time:00:00.03 | Mem:0.00M, Peak:0.00M | Scene, ViewLayer | Synchronizing object | MesaBar_1_Banqueta_1_Base
Fra:1 Mem:24.84M (Peak 24.84M) | Time:00:00.03 | Mem:0.00M, Peak:0.00M | Scene, ViewLayer | Synchronizing object | MesaBar_1_Banqueta_2_Assento
Fra:1 Mem:24.85M (Peak 24.85M) | Time:00:00.03 | Mem:0.00M, Peak:0.00M | Scene, ViewLayer | Synchronizing object | MesaBar_1_Banqueta_2_Base
Fra:1 Mem:24.85M (Peak 24.85M) | Time:00:00.03 | Mem:0.00M, Peak:0.00M | Scene, ViewLayer | Synchronizing object | MesaBar_2_Tampo
Fra:1 Mem:24.85M (Peak 24.85M) | Time:00:00.03 | Mem:0.00M, Peak:0.00M | Scene, ViewLayer | Synchronizing object | MesaBar_2_Coluna
Fra:1 Mem:24.86M (Peak 24.86M) | Time:00:00.03 | Mem:0.00M, Peak:0.00M | Scene, ViewLayer | Synchronizing object | MesaBar_2_Base
Fra:1 Mem:24.86M (Peak 24.86M) | Time:00:00.03 | Mem:0.00M, Peak:0.00M | Scene, ViewLayer | Synchronizing object | MesaBar_2_Banqueta_1_Assento
Fra:1 Mem:24.86M (Peak 24.86M) | Time:00:00.03 | Mem:0.00M, Peak:0.00M | Scene, ViewLayer | Synchronizing object | MesaBar_2_Banqueta_1_Coluna
Fra:1 Mem:24.87M (Peak 24.87M) | Time:00:00.03 | Mem:0.00M, Peak:0.00M | Scene, ViewLayer | Synchronizing object | MesaBar_2_Banqueta_1_Base
Fra:1 Mem:24.87M (Peak 24.87M) | Time:00:00.03 | Mem:0.00M, Peak:0.00M | Scene, ViewLayer | Synchronizing object | MesaBar_2_Banqueta_2_Coluna
Fra:1 Mem:24.88M (Peak 24.88M) | Time:00:00.03 | Mem:0.00M, Peak:0.00M | Scene, ViewLayer | Synchronizing object | Geladeira_Corpo
Fra:1 Mem:24.89M (Peak 24.89M) | Time:00:00.03 | Mem:0.00M, Peak:0.00M | Scene, ViewLayer | Synchronizing object | Geladeira_Linha_Divisoria
Fra:1 Mem:24.89M (Peak 24.89M) | Time:00:00.03 | Mem:0.00M, Peak:0.00M | Scene, ViewLayer | Synchronizing object | Geladeira_Puxador_1
Fra:1 Mem:24.89M (Peak 24.89M) | Time:00:00.03 | Mem:0.00M, Peak:0.00M | Scene, ViewLayer | Synchronizing object | Geladeira_Puxador_2
Fra:1 Mem:24.90M (Peak 24.90M) | Time:00:00.03 | Mem:0.00M, Peak:0.00M | Scene, ViewLayer | Synchronizing object | Fogao_Corpo
Fra:1 Mem:24.90M (Peak 24.90M) | Time:00:00.03 | Mem:0.00M, Peak:0.00M | Scene, ViewLayer | Synchronizing object | Fogao_Cooktop
Fra:1 Mem:24.91M (Peak 24.91M) | Time:00:00.03 | Mem:0.00M, Peak:0.00M | Scene, ViewLayer | Synchronizing object | Fogao_Boca_0_1
Fra:1 Mem:24.91M (Peak 24.91M) | Time:00:00.03 | Mem:0.00M, Peak:0.00M | Scene, ViewLayer | Synchronizing object | Fogao_Boca_1_0
Fra:1 Mem:24.92M (Peak 24.92M) | Time:00:00.03 | Mem:0.00M, Peak:0.00M | Scene, ViewLayer | Synchronizing object | Fogao_Boca_1_1
Fra:1 Mem:24.92M (Peak 24.92M) | Time:00:00.03 | Mem:0.00M, Peak:0.00M | Scene, ViewLayer | Synchronizing object | Fogao_Forno_Porta
Fra:1 Mem:24.92M (Peak 24.92M) | Time:00:00.03 | Mem:0.00M, Peak:0.00M | Scene, ViewLayer | Synchronizing object | TV_Suporte
Fra:1 Mem:24.92M (Peak 24.92M) | Time:00:00.03 | Mem:0.00M, Peak:0.00M | Scene, ViewLayer | Synchronizing object | TV_Moldura
Fra:1 Mem:24.93M (Peak 24.93M) | Time:00:00.03 | Mem:0.00M, Peak:0.00M | Scene, ViewLayer | Synchronizing object | TV_Tela
Fra:1 Mem:24.93M (Peak 24.93M) | Time:00:00.03 | Mem:0.00M, Peak:0.00M | Scene, ViewLayer | Synchronizing object | Montante_P2
Fra:1 Mem:24.94M (Peak 24.94M) | Time:00:00.03 | Mem:0.00M, Peak:0.00M | Scene, ViewLayer | Synchronizing object | Montante_P3
Fra:1 Mem:24.94M (Peak 24.94M) | Time:00:00.03 | Mem:0.00M, Peak:0.00M | Scene, ViewLayer | Synchronizing object | Montante_P4
Fra:1 Mem:24.95M (Peak 24.95M) | Time:00:00.03 | Mem:0.00M, Peak:0.00M | Scene, ViewLayer | Synchronizing object | Montante_P5
Fra:1 Mem:24.95M (Peak 24.95M) | Time:00:00.03 | Mem:0.00M, Peak:0.00M | Scene, ViewLayer | Synchronizing object | Viga_Transv_Y0
Fra:1 Mem:24.96M (Peak 24.96M) | Time:00:00.03 | Mem:0.00M, Peak:0.00M | Scene, ViewLayer | Synchronizing object | Viga_Transv_Y4
Fra:1 Mem:24.96M (Peak 24.96M) | Time:00:00.03 | Mem:0.00M, Peak:0.00M | Scene, ViewLayer | Synchronizing object | Viga_Transv_Ala_Y9_5
Fra:1 Mem:24.96M (Peak 24.96M) | Time:00:00.03 | Mem:0.00M, Peak:0.00M | Scene, ViewLayer | Synchronizing object | Viga_Transv_P9_P4
Fra:1 Mem:24.97M (Peak 24.97M) | Time:00:00.03 | Mem:0.00M, Peak:0.00M | Scene, ViewLayer | Synchronizing object | Viga_Transv_Y12
Fra:1 Mem:25.03M (Peak 25.03M) | Time:00:00.03 | Mem:0.00M, Peak:0.00M | Scene, ViewLayer | Initializing
Fra:1 Mem:18.86M (Peak 25.03M) | Time:00:00.03 | Mem:0.00M, Peak:0.00M | Scene, ViewLayer | Waiting for render to start
Fra:1 Mem:18.87M (Peak 25.03M) | Time:00:00.03 | Mem:0.00M, Peak:0.00M | Scene, ViewLayer | Loading render kernels (may take a few minutes the first time)
Fra:1 Mem:18.87M (Peak 25.03M) | Time:00:00.03 | Mem:0.00M, Peak:0.00M | Scene, ViewLayer | Updating Scene
Fra:1 Mem:18.87M (Peak 25.03M) | Time:00:00.03 | Mem:0.00M, Peak:0.00M | Scene, ViewLayer | Updating Shaders
Fra:1 Mem:18.97M (Peak 25.03M) | Time:00:00.03 | Mem:0.02M, Peak:0.02M | Scene, ViewLayer | Updating Procedurals
Fra:1 Mem:18.97M (Peak 25.03M) | Time:00:00.03 | Mem:0.02M, Peak:0.02M | Scene, ViewLayer | Updating Background
Fra:1 Mem:18.97M (Peak 25.03M) | Time:00:00.03 | Mem:0.02M, Peak:0.02M | Scene, ViewLayer | Updating Camera
Fra:1 Mem:18.97M (Peak 25.03M) | Time:00:00.03 | Mem:0.02M, Peak:0.02M | Scene, ViewLayer | Updating Meshes Flags
Fra:1 Mem:18.97M (Peak 25.03M) | Time:00:00.03 | Mem:0.02M, Peak:0.02M | Scene, ViewLayer | Updating Objects
Fra:1 Mem:18.97M (Peak 25.03M) | Time:00:00.03 | Mem:0.02M, Peak:0.02M | Scene, ViewLayer | Updating Objects | Copying Transformations to device
Fra:1 Mem:19.00M (Peak 25.03M) | Time:00:00.03 | Mem:0.06M, Peak:0.06M | Scene, ViewLayer | Updating Objects | Applying Static Transformations
Fra:1 Mem:19.00M (Peak 25.03M) | Time:00:00.03 | Mem:0.06M, Peak:0.06M | Scene, ViewLayer | Updating Particle Systems
Fra:1 Mem:19.00M (Peak 25.03M) | Time:00:00.03 | Mem:0.06M, Peak:0.06M | Scene, ViewLayer | Updating Particle Systems | Copying Particles to device
Fra:1 Mem:19.00M (Peak 25.03M) | Time:00:00.03 | Mem:0.06M, Peak:0.06M | Scene, ViewLayer | Updating Meshes
Fra:1 Mem:19.16M (Peak 25.03M) | Time:00:00.03 | Mem:0.06M, Peak:0.06M | Scene, ViewLayer | Updating Mesh | Computing attributes
Fra:1 Mem:19.26M (Peak 25.03M) | Time:00:00.03 | Mem:0.07M, Peak:0.07M | Scene, ViewLayer | Updating Mesh | Copying Attributes to device
Fra:1 Mem:19.24M (Peak 25.03M) | Time:00:00.03 | Mem:0.13M, Peak:0.13M | Scene, ViewLayer | Updating Scene BVH | Building
Fra:1 Mem:19.24M (Peak 25.03M) | Time:00:00.03 | Mem:0.13M, Peak:0.13M | Scene, ViewLayer | Updating Scene BVH | Building BVH
Fra:1 Mem:19.24M (Peak 25.03M) | Time:00:00.04 | Mem:0.45M, Peak:0.45M | Scene, ViewLayer | Updating Scene BVH | Building BVH 0%
Fra:1 Mem:19.24M (Peak 25.03M) | Time:00:00.04 | Mem:0.87M, Peak:1.19M | Scene, ViewLayer | Updating Scene BVH | Copying BVH to device
Fra:1 Mem:19.24M (Peak 25.03M) | Time:00:00.04 | Mem:0.87M, Peak:1.19M | Scene, ViewLayer | Updating Mesh | Computing normals
Fra:1 Mem:19.61M (Peak 25.03M) | Time:00:00.04 | Mem:0.87M, Peak:1.19M | Scene, ViewLayer | Updating Mesh | Copying Mesh to device
Fra:1 Mem:19.61M (Peak 25.03M) | Time:00:00.04 | Mem:1.24M, Peak:1.24M | Scene, ViewLayer | Updating Objects Flags
Fra:1 Mem:19.61M (Peak 25.03M) | Time:00:00.04 | Mem:1.24M, Peak:1.24M | Scene, ViewLayer | Updating Primitive Offsets
Fra:1 Mem:19.61M (Peak 25.03M) | Time:00:00.04 | Mem:1.24M, Peak:1.24M | Scene, ViewLayer | Updating Images
Fra:1 Mem:19.61M (Peak 25.03M) | Time:00:00.04 | Mem:1.24M, Peak:1.24M | Scene, ViewLayer | Updating Camera Volume
Fra:1 Mem:19.61M (Peak 25.03M) | Time:00:00.04 | Mem:1.24M, Peak:1.24M | Scene, ViewLayer | Updating Lookup Tables
Fra:1 Mem:19.61M (Peak 25.03M) | Time:00:00.04 | Mem:1.32M, Peak:1.32M | Scene, ViewLayer | Updating Lights
Fra:1 Mem:19.61M (Peak 25.03M) | Time:00:00.04 | Mem:1.33M, Peak:1.33M | Scene, ViewLayer | Updating Lights | Computing distribution
Fra:1 Mem:19.61M (Peak 25.03M) | Time:00:00.04 | Mem:1.33M, Peak:1.33M | Scene, ViewLayer | Updating Lights | Computing tree
Fra:1 Mem:19.62M (Peak 25.03M) | Time:00:00.04 | Mem:1.33M, Peak:1.33M | Scene, ViewLayer | Updating Integrator
Fra:1 Mem:21.62M (Peak 25.03M) | Time:00:00.04 | Mem:3.33M, Peak:3.33M | Scene, ViewLayer | Updating Film
Fra:1 Mem:21.62M (Peak 25.03M) | Time:00:00.04 | Mem:3.25M, Peak:3.33M | Scene, ViewLayer | Updating Lookup Tables
Fra:1 Mem:21.62M (Peak 25.03M) | Time:00:00.04 | Mem:3.33M, Peak:3.33M | Scene, ViewLayer | Updating Baking
Fra:1 Mem:21.62M (Peak 25.03M) | Time:00:00.04 | Mem:3.33M, Peak:3.33M | Scene, ViewLayer | Updating Device | Writing constant memory
Fra:1 Mem:21.62M (Peak 25.03M) | Time:00:00.04 | Mem:3.33M, Peak:3.33M | Scene, ViewLayer | Sample 0/300
Fra:1 Mem:92.87M (Peak 92.87M) | Time:00:00.94 | Remaining:04:28.73 | Mem:74.52M, Peak:74.52M | Scene, ViewLayer | Sample 1/300
Fra:1 Mem:92.87M (Peak 92.87M) | Time:00:24.26 | Remaining:03:15.92 | Mem:74.52M, Peak:74.52M | Scene, ViewLayer | Sample 33/300
Fra:1 Mem:92.87M (Peak 92.87M) | Time:00:43.06 | Remaining:02:35.51 | Mem:74.52M, Peak:74.52M | Scene, ViewLayer | Sample 65/300
Fra:1 Mem:92.87M (Peak 92.87M) | Time:00:53.38 | Remaining:02:26.67 | Mem:74.52M, Peak:74.52M | Scene, ViewLayer | Sample 80/300
Fra:1 Mem:92.87M (Peak 92.87M) | Time:00:55.78 | Remaining:01:58.43 | Mem:74.52M, Peak:74.52M | Scene, ViewLayer | Sample 96/300
Fra:1 Mem:92.87M (Peak 92.87M) | Time:00:55.16 | Remaining:01:32.51 | Mem:74.52M, Peak:74.52M | Scene, ViewLayer | Sample 112/300
Fra:1 Mem:92.87M (Peak 92.87M) | Time:00:57.32 | Remaining:01:16.97 | Mem:74.52M, Peak:74.52M | Scene, ViewLayer | Sample 128/300
Fra:1 Mem:92.87M (Peak 92.87M) | Time:00:59.47 | Remaining:01:04.37 | Mem:74.52M, Peak:74.52M | Scene, ViewLayer | Sample 144/300
Fra:1 Mem:92.87M (Peak 92.87M) | Time:01:01.31 | Remaining:00:53.61 | Mem:74.52M, Peak:74.52M | Scene, ViewLayer | Sample 160/300
Fra:1 Mem:92.87M (Peak 92.87M) | Time:01:03.22 | Remaining:00:44.50 | Mem:74.52M, Peak:74.52M | Scene, ViewLayer | Sample 176/300
Fra:1 Mem:92.87M (Peak 92.87M) | Time:01:05.01 | Remaining:00:36.54 | Mem:74.52M, Peak:74.52M | Scene, ViewLayer | Sample 192/300
Fra:1 Mem:92.87M (Peak 92.87M) | Time:01:06.75 | Remaining:00:29.50 | Mem:74.52M, Peak:74.52M | Scene, ViewLayer | Sample 208/300
Fra:1 Mem:92.87M (Peak 92.87M) | Time:01:08.48 | Remaining:00:23.21 | Mem:74.52M, Peak:74.52M | Scene, ViewLayer | Sample 224/300
Fra:1 Mem:92.87M (Peak 92.87M) | Time:01:09.92 | Remaining:00:17.46 | Mem:74.52M, Peak:74.52M | Scene, ViewLayer | Sample 240/300
Fra:1 Mem:92.87M (Peak 92.87M) | Time:01:11.24 | Remaining:00:12.23 | Mem:74.52M, Peak:74.52M | Scene, ViewLayer | Sample 256/300
Fra:1 Mem:92.87M (Peak 92.87M) | Time:01:12.83 | Remaining:00:07.49 | Mem:74.52M, Peak:74.52M | Scene, ViewLayer | Sample 272/300
Fra:1 Mem:92.87M (Peak 92.87M) | Time:01:14.27 | Remaining:00:03.09 | Mem:74.52M, Peak:74.52M | Scene, ViewLayer | Sample 288/300
Fra:1 Mem:124.51M (Peak 187.79M) | Time:01:15.30 | Mem:74.52M, Peak:74.52M | Scene, ViewLayer | Sample 300/300
Fra:1 Mem:124.51M (Peak 187.79M) | Time:01:15.30 | Mem:74.52M, Peak:74.52M | Scene, ViewLayer | Finished
Saved: '/home/fac/piscina/V4/renders/projeto_render_16h.png'
Time: 01:15.58 (Saving: 00:00.26)

Fra:1 Mem:24.56M (Peak 24.56M) | Time:00:00.01 | Mem:0.00M, Peak:0.00M | Scene, ViewLayer | Synchronizing object | Pedestal_Concreto_1
Fra:1 Mem:24.56M (Peak 24.56M) | Time:00:00.01 | Mem:0.00M, Peak:0.00M | Scene, ViewLayer | Synchronizing object | Pilar_Eucalipto_2
Fra:1 Mem:24.57M (Peak 24.57M) | Time:00:00.01 | Mem:0.00M, Peak:0.00M | Scene, ViewLayer | Synchronizing object | Pilar_Eucalipto_4
Fra:1 Mem:24.58M (Peak 24.58M) | Time:00:00.01 | Mem:0.00M, Peak:0.00M | Scene, ViewLayer | Synchronizing object | Pedestal_Concreto_9
Fra:1 Mem:24.58M (Peak 24.58M) | Time:00:00.01 | Mem:0.00M, Peak:0.00M | Scene, ViewLayer | Synchronizing object | Pilar_Eucalipto_9
Fra:1 Mem:24.60M (Peak 24.60M) | Time:00:00.01 | Mem:0.00M, Peak:0.00M | Scene, ViewLayer | Synchronizing object | Pedestal_Concreto_10
Fra:1 Mem:24.61M (Peak 24.61M) | Time:00:00.01 | Mem:0.00M, Peak:0.00M | Scene, ViewLayer | Synchronizing object | Piso_Quiosque_L
Fra:1 Mem:24.61M (Peak 24.61M) | Time:00:00.01 | Mem:0.00M, Peak:0.00M | Scene, ViewLayer | Synchronizing object | Telhado_Zinco_L
Fra:1 Mem:24.62M (Peak 24.62M) | Time:00:00.01 | Mem:0.00M, Peak:0.00M | Scene, ViewLayer | Synchronizing object | Piscina_Esmeralda_Casca
Fra:1 Mem:24.63M (Peak 24.63M) | Time:00:00.01 | Mem:0.00M, Peak:0.00M | Scene, ViewLayer | Synchronizing object | Piscina_Esmeralda_Agua
Fra:1 Mem:24.64M (Peak 24.64M) | Time:00:00.01 | Mem:0.00M, Peak:0.00M | Scene, ViewLayer | Synchronizing object | Banheiro_Parede_Oeste_1_a
Fra:1 Mem:24.64M (Peak 24.64M) | Time:00:00.01 | Mem:0.00M, Peak:0.00M | Scene, ViewLayer | Synchronizing object | Banheiro_Parede_Oeste_1_b
Fra:1 Mem:24.65M (Peak 24.65M) | Time:00:00.01 | Mem:0.00M, Peak:0.00M | Scene, ViewLayer | Synchronizing object | Banheiro_Parede_Oeste_1_Porta
Fra:1 Mem:24.65M (Peak 24.65M) | Time:00:00.01 | Mem:0.00M, Peak:0.00M | Scene, ViewLayer | Synchronizing object | Banheiro_Parede_Oeste_2_a
Fra:1 Mem:24.66M (Peak 24.66M) | Time:00:00.01 | Mem:0.00M, Peak:0.00M | Scene, ViewLayer | Synchronizing object | Banheiro_Parede_Oeste_2_Porta
Fra:1 Mem:24.67M (Peak 24.67M) | Time:00:00.01 | Mem:0.00M, Peak:0.00M | Scene, ViewLayer | Synchronizing object | Banheiro_Parede_Leste_1_a
Fra:1 Mem:24.67M (Peak 24.67M) | Time:00:00.01 | Mem:0.00M, Peak:0.00M | Scene, ViewLayer | Synchronizing object | Banheiro_Parede_Leste_1_b
Fra:1 Mem:24.68M (Peak 24.68M) | Time:00:00.01 | Mem:0.00M, Peak:0.00M | Scene, ViewLayer | Synchronizing object | Banheiro_Parede_Leste_1_Porta
Fra:1 Mem:24.68M (Peak 24.68M) | Time:00:00.01 | Mem:0.00M, Peak:0.00M | Scene, ViewLayer | Synchronizing object | Banheiro_Parede_Leste_2_a
Fra:1 Mem:24.68M (Peak 24.68M) | Time:00:00.01 | Mem:0.00M, Peak:0.00M | Scene, ViewLayer | Synchronizing object | Banheiro_Parede_Leste_2_b
Fra:1 Mem:24.68M (Peak 24.68M) | Time:00:00.01 | Mem:0.00M, Peak:0.00M | Scene, ViewLayer | Synchronizing object | Banheiro_Parede_Leste_2_Porta
Fra:1 Mem:24.69M (Peak 24.69M) | Time:00:00.01 | Mem:0.00M, Peak:0.00M | Scene, ViewLayer | Synchronizing object | Banheiro_Parede_Norte
Fra:1 Mem:24.69M (Peak 24.69M) | Time:00:00.01 | Mem:0.00M, Peak:0.00M | Scene, ViewLayer | Synchronizing object | Terreno_V4
Fra:1 Mem:24.69M (Peak 24.69M) | Time:00:00.01 | Mem:0.00M, Peak:0.00M | Scene, ViewLayer | Synchronizing object | Banheiro_Parede_Central
Fra:1 Mem:24.69M (Peak 24.69M) | Time:00:00.01 | Mem:0.00M, Peak:0.00M | Scene, ViewLayer | Synchronizing object | Terca_Ala_Xm225
Fra:1 Mem:24.69M (Peak 24.69M) | Time:00:00.01 | Mem:0.00M, Peak:0.00M | Scene, ViewLayer | Synchronizing object | Banheiro_Particao_Ducha
Fra:1 Mem:24.70M (Peak 24.70M) | Time:00:00.01 | Mem:0.00M, Peak:0.00M | Scene, ViewLayer | Synchronizing object | Banheiro_Piso
Fra:1 Mem:24.70M (Peak 24.70M) | Time:00:00.01 | Mem:0.00M, Peak:0.00M | Scene, ViewLayer | Synchronizing object | Ducha_1_Base
Fra:1 Mem:24.70M (Peak 24.70M) | Time:00:00.01 | Mem:0.00M, Peak:0.00M | Scene, ViewLayer | Synchronizing object | Ducha_1_Coluna
Fra:1 Mem:24.70M (Peak 24.70M) | Time:00:00.01 | Mem:0.00M, Peak:0.00M | Scene, ViewLayer | Synchronizing object | Ducha_1_Eletrico
Fra:1 Mem:24.70M (Peak 24.70M) | Time:00:00.01 | Mem:0.00M, Peak:0.00M | Scene, ViewLayer | Synchronizing object | Ducha_2_Base
Fra:1 Mem:24.70M (Peak 24.70M) | Time:00:00.01 | Mem:0.00M, Peak:0.00M | Scene, ViewLayer | Synchronizing object | Ducha_2_Coluna
Fra:1 Mem:24.71M (Peak 24.71M) | Time:00:00.01 | Mem:0.00M, Peak:0.00M | Scene, ViewLayer | Synchronizing object | Ducha_2_Eletrico
Fra:1 Mem:24.71M (Peak 24.71M) | Time:00:00.01 | Mem:0.00M, Peak:0.00M | Scene, ViewLayer | Synchronizing object | Ducha_2_Registro
Fra:1 Mem:24.71M (Peak 24.71M) | Time:00:00.01 | Mem:0.00M, Peak:0.00M | Scene, ViewLayer | Synchronizing object | Lavabo_1_Caixa
Fra:1 Mem:24.71M (Peak 24.71M) | Time:00:00.01 | Mem:0.00M, Peak:0.00M | Scene, ViewLayer | Synchronizing object | Lavabo_1_Bacia
Fra:1 Mem:24.71M (Peak 24.71M) | Time:00:00.01 | Mem:0.00M, Peak:0.00M | Scene, ViewLayer | Synchronizing object | Lavabo_1_Assento
Fra:1 Mem:24.71M (Peak 24.71M) | Time:00:00.01 | Mem:0.00M, Peak:0.00M | Scene, ViewLayer | Synchronizing object | Lavabo_1_Pia
Fra:1 Mem:24.72M (Peak 24.72M) | Time:00:00.01 | Mem:0.00M, Peak:0.00M | Scene, ViewLayer | Synchronizing object | Lavabo_1_Torneira
Fra:1 Mem:24.72M (Peak 24.72M) | Time:00:00.01 | Mem:0.00M, Peak:0.00M | Scene, ViewLayer | Synchronizing object | Terca_Leste_X4
Fra:1 Mem:24.73M (Peak 24.73M) | Time:00:00.01 | Mem:0.00M, Peak:0.00M | Scene, ViewLayer | Synchronizing object | Lavabo_2_Bacia
Fra:1 Mem:24.74M (Peak 24.74M) | Time:00:00.01 | Mem:0.00M, Peak:0.00M | Scene, ViewLayer | Synchronizing object | Terca_Central_X2
Fra:1 Mem:24.74M (Peak 24.74M) | Time:00:00.01 | Mem:0.00M, Peak:0.00M | Scene, ViewLayer | Synchronizing object | Lavabo_2_Pia
Fra:1 Mem:24.74M (Peak 24.74M) | Time:00:00.01 | Mem:0.00M, Peak:0.00M | Scene, ViewLayer | Synchronizing object | Lavabo_2_Torneira
Fra:1 Mem:24.74M (Peak 24.74M) | Time:00:00.01 | Mem:0.00M, Peak:0.00M | Scene, ViewLayer | Synchronizing object | Bancada_Base
Fra:1 Mem:24.75M (Peak 24.75M) | Time:00:00.01 | Mem:0.00M, Peak:0.00M | Scene, ViewLayer | Synchronizing object | Bancada_Tampo_Sul
Fra:1 Mem:24.75M (Peak 24.75M) | Time:00:00.01 | Mem:0.00M, Peak:0.00M | Scene, ViewLayer | Synchronizing object | Bancada_Tampo_Norte
Fra:1 Mem:24.75M (Peak 24.75M) | Time:00:00.01 | Mem:0.00M, Peak:0.00M | Scene, ViewLayer | Synchronizing object | Bancada_Pia_Cuba
Fra:1 Mem:24.75M (Peak 24.75M) | Time:00:00.01 | Mem:0.00M, Peak:0.00M | Scene, ViewLayer | Synchronizing object | Bancada_Pia_Coluna_Torneira
Fra:1 Mem:24.76M (Peak 24.76M) | Time:00:00.01 | Mem:0.00M, Peak:0.00M | Scene, ViewLayer | Synchronizing object | Bancada_Pia_Bico_Torneira
Fra:1 Mem:24.76M (Peak 24.76M) | Time:00:00.01 | Mem:0.00M, Peak:0.00M | Scene, ViewLayer | Synchronizing object | Churrasqueira_Corpo
Fra:1 Mem:24.76M (Peak 24.76M) | Time:00:00.01 | Mem:0.00M, Peak:0.00M | Scene, ViewLayer | Synchronizing object | Churrasqueira_Barra_1
Fra:1 Mem:24.76M (Peak 24.76M) | Time:00:00.01 | Mem:0.00M, Peak:0.00M | Scene, ViewLayer | Synchronizing object | Churrasqueira_Barra_2
Fra:1 Mem:24.76M (Peak 24.76M) | Time:00:00.01 | Mem:0.00M, Peak:0.00M | Scene, ViewLayer | Synchronizing object | Churrasqueira_Barra_3
Fra:1 Mem:24.76M (Peak 24.76M) | Time:00:00.01 | Mem:0.00M, Peak:0.00M | Scene, ViewLayer | Synchronizing object | Churrasqueira_Barra_4
Fra:1 Mem:24.77M (Peak 24.77M) | Time:00:00.01 | Mem:0.00M, Peak:0.00M | Scene, ViewLayer | Synchronizing object | Terca_Oeste_X0
Fra:1 Mem:24.77M (Peak 24.77M) | Time:00:00.01 | Mem:0.00M, Peak:0.00M | Scene, ViewLayer | Synchronizing object | Churrasqueira_Barra_5
Fra:1 Mem:24.77M (Peak 24.77M) | Time:00:00.01 | Mem:0.00M, Peak:0.00M | Scene, ViewLayer | Synchronizing object | Churrasqueira_Barra_6
Fra:1 Mem:24.78M (Peak 24.78M) | Time:00:00.01 | Mem:0.00M, Peak:0.00M | Scene, ViewLayer | Synchronizing object | Churrasqueira_Brasa
Fra:1 Mem:24.78M (Peak 24.78M) | Time:00:00.01 | Mem:0.00M, Peak:0.00M | Scene, ViewLayer | Synchronizing object | Mesa_Tampo
Fra:1 Mem:24.78M (Peak 24.78M) | Time:00:00.01 | Mem:0.00M, Peak:0.00M | Scene, ViewLayer | Synchronizing object | Mesa_Pe_-1_-1
Fra:1 Mem:24.79M (Peak 24.79M) | Time:00:00.01 | Mem:0.00M, Peak:0.00M | Scene, ViewLayer | Synchronizing object | Mesa_Pe_-1_1
Fra:1 Mem:24.79M (Peak 24.79M) | Time:00:00.01 | Mem:0.00M, Peak:0.00M | Scene, ViewLayer | Synchronizing object | Mesa_Pe_1_-1
Fra:1 Mem:24.79M (Peak 24.79M) | Time:00:00.01 | Mem:0.00M, Peak:0.00M | Scene, ViewLayer | Synchronizing object | Mesa_Pe_1_1
Fra:1 Mem:24.79M (Peak 24.79M) | Time:00:00.01 | Mem:0.00M, Peak:0.00M | Scene, ViewLayer | Synchronizing object | Banco_Oeste_Assento
Fra:1 Mem:24.80M (Peak 24.80M) | Time:00:00.01 | Mem:0.00M, Peak:0.00M | Scene, ViewLayer | Synchronizing object | Banco_Oeste_Pe_-1
Fra:1 Mem:24.80M (Peak 24.80M) | Time:00:00.01 | Mem:0.00M, Peak:0.00M | Scene, ViewLayer | Synchronizing object | Banco_Oeste_Pe_1
Fra:1 Mem:24.81M (Peak 24.81M) | Time:00:00.01 | Mem:0.00M, Peak:0.00M | Scene, ViewLayer | Synchronizing object | Banco_Leste_Assento
Fra:1 Mem:24.81M (Peak 24.81M) | Time:00:00.01 | Mem:0.00M, Peak:0.00M | Scene, ViewLayer | Synchronizing object | Banco_Leste_Pe_-1
Fra:1 Mem:24.82M (Peak 24.82M) | Time:00:00.01 | Mem:0.00M, Peak:0.00M | Scene, ViewLayer | Synchronizing object | Viga_Transv_Ala_Y12
Fra:1 Mem:24.82M (Peak 24.82M) | Time:00:00.01 | Mem:0.00M, Peak:0.00M | Scene, ViewLayer | Synchronizing object | Banco_Leste_Pe_1
Fra:1 Mem:24.82M (Peak 24.82M) | Time:00:00.01 | Mem:0.00M, Peak:0.00M | Scene, ViewLayer | Synchronizing object | Parede_Sul_1_2
Fra:1 Mem:24.82M (Peak 24.82M) | Time:00:00.01 | Mem:0.00M, Peak:0.00M | Scene, ViewLayer | Synchronizing object | Parede_Leste_2_3
Fra:1 Mem:24.83M (Peak 24.83M) | Time:00:00.01 | Mem:0.00M, Peak:0.00M | Scene, ViewLayer | Synchronizing object | Parede_Leste_3_4
Fra:1 Mem:24.83M (Peak 24.83M) | Time:00:00.01 | Mem:0.00M, Peak:0.00M | Scene, ViewLayer | Synchronizing object | Parede_Leste_4_5
Fra:1 Mem:24.83M (Peak 24.83M) | Time:00:00.01 | Mem:0.00M, Peak:0.00M | Scene, ViewLayer | Synchronizing object | Sala_Tapete
Fra:1 Mem:24.83M (Peak 24.83M) | Time:00:00.01 | Mem:0.00M, Peak:0.00M | Scene, ViewLayer | Synchronizing object | Sofa_Sul_Assento
Fra:1 Mem:24.83M (Peak 24.83M) | Time:00:00.01 | Mem:0.00M, Peak:0.00M | Scene, ViewLayer | Synchronizing object | Sofa_Sul_Encosto
Fra:1 Mem:24.83M (Peak 24.83M) | Time:00:00.01 | Mem:0.00M, Peak:0.00M | Scene, ViewLayer | Synchronizing object | Sofa_Sul_Braco_-1
Fra:1 Mem:24.83M (Peak 24.83M) | Time:00:00.01 | Mem:0.00M, Peak:0.00M | Scene, ViewLayer | Synchronizing object | Sofa_Sul_Braco_1
Fra:1 Mem:24.83M (Peak 24.83M) | Time:00:00.01 | Mem:0.00M, Peak:0.00M | Scene, ViewLayer | Synchronizing object | Sofa_Sul_Pe_0_-1
Fra:1 Mem:24.83M (Peak 24.83M) | Time:00:00.01 | Mem:0.00M, Peak:0.00M | Scene, ViewLayer | Synchronizing object | Sofa_Sul_Pe_0_1
Fra:1 Mem:24.83M (Peak 24.83M) | Time:00:00.01 | Mem:0.00M, Peak:0.00M | Scene, ViewLayer | Synchronizing object | Sofa_Sul_Pe_1_1
Fra:1 Mem:24.83M (Peak 24.83M) | Time:00:00.01 | Mem:0.00M, Peak:0.00M | Scene, ViewLayer | Synchronizing object | Sofa_Norte_Assento
Fra:1 Mem:24.83M (Peak 24.83M) | Time:00:00.01 | Mem:0.00M, Peak:0.00M | Scene, ViewLayer | Synchronizing object | Sofa_Norte_Encosto
Fra:1 Mem:24.84M (Peak 24.84M) | Time:00:00.01 | Mem:0.00M, Peak:0.00M | Scene, ViewLayer | Synchronizing object | Sofa_Norte_Braco_1
Fra:1 Mem:24.84M (Peak 24.84M) | Time:00:00.01 | Mem:0.00M, Peak:0.00M | Scene, ViewLayer | Synchronizing object | Viga_Transv_Ala_Y9_5
Fra:1 Mem:24.84M (Peak 24.84M) | Time:00:00.01 | Mem:0.00M, Peak:0.00M | Scene, ViewLayer | Synchronizing object | Sofa_Norte_Pe_0_-1
Fra:1 Mem:24.84M (Peak 24.84M) | Time:00:00.01 | Mem:0.00M, Peak:0.00M | Scene, ViewLayer | Synchronizing object | Sofa_Norte_Pe_1_-1
Fra:1 Mem:24.84M (Peak 24.84M) | Time:00:00.01 | Mem:0.00M, Peak:0.00M | Scene, ViewLayer | Synchronizing object | Sofa_Norte_Pe_1_1
Fra:1 Mem:24.84M (Peak 24.84M) | Time:00:00.01 | Mem:0.00M, Peak:0.00M | Scene, ViewLayer | Synchronizing object | Mesa_Centro_Tampo
Fra:1 Mem:24.84M (Peak 24.84M) | Time:00:00.01 | Mem:0.00M, Peak:0.00M | Scene, ViewLayer | Synchronizing object | Mesa_Centro_Pe_-1_-1
Fra:1 Mem:24.84M (Peak 24.84M) | Time:00:00.01 | Mem:0.00M, Peak:0.00M | Scene, ViewLayer | Synchronizing object | Mesa_Centro_Pe_-1_1
Fra:1 Mem:24.84M (Peak 24.84M) | Time:00:00.01 | Mem:0.00M, Peak:0.00M | Scene, ViewLayer | Synchronizing object | Mesa_Centro_Pe_1_-1
Fra:1 Mem:24.84M (Peak 24.84M) | Time:00:00.01 | Mem:0.00M, Peak:0.00M | Scene, ViewLayer | Synchronizing object | Mesa_Centro_Pe_1_1
Fra:1 Mem:24.85M (Peak 24.85M) | Time:00:00.01 | Mem:0.00M, Peak:0.00M | Scene, ViewLayer | Synchronizing object | MesaBar_1_Tampo
Fra:1 Mem:24.85M (Peak 24.85M) | Time:00:00.01 | Mem:0.00M, Peak:0.00M | Scene, ViewLayer | Synchronizing object | MesaBar_1_Coluna
Fra:1 Mem:24.85M (Peak 24.85M) | Time:00:00.01 | Mem:0.00M, Peak:0.00M | Scene, ViewLayer | Synchronizing object | MesaBar_1_Base
Fra:1 Mem:24.85M (Peak 24.85M) | Time:00:00.01 | Mem:0.00M, Peak:0.00M | Scene, ViewLayer | Synchronizing object | MesaBar_1_Banqueta_1_Coluna
Fra:1 Mem:24.85M (Peak 24.85M) | Time:00:00.01 | Mem:0.00M, Peak:0.00M | Scene, ViewLayer | Synchronizing object | MesaBar_1_Banqueta_1_Base
Fra:1 Mem:24.85M (Peak 24.85M) | Time:00:00.01 | Mem:0.00M, Peak:0.00M | Scene, ViewLayer | Synchronizing object | MesaBar_1_Banqueta_2_Assento
Fra:1 Mem:24.86M (Peak 24.86M) | Time:00:00.01 | Mem:0.00M, Peak:0.00M | Scene, ViewLayer | Synchronizing object | MesaBar_1_Banqueta_2_Coluna
Fra:1 Mem:24.86M (Peak 24.86M) | Time:00:00.01 | Mem:0.00M, Peak:0.00M | Scene, ViewLayer | Synchronizing object | MesaBar_1_Banqueta_2_Base
Fra:1 Mem:24.86M (Peak 24.86M) | Time:00:00.01 | Mem:0.00M, Peak:0.00M | Scene, ViewLayer | Synchronizing object | MesaBar_2_Tampo
Fra:1 Mem:24.86M (Peak 24.86M) | Time:00:00.01 | Mem:0.00M, Peak:0.00M | Scene, ViewLayer | Synchronizing object | MesaBar_2_Coluna
Fra:1 Mem:24.86M (Peak 24.86M) | Time:00:00.01 | Mem:0.00M, Peak:0.00M | Scene, ViewLayer | Synchronizing object | MesaBar_2_Base
Fra:1 Mem:24.87M (Peak 24.87M) | Time:00:00.01 | Mem:0.00M, Peak:0.00M | Scene, ViewLayer | Synchronizing object | MesaBar_2_Banqueta_1_Assento
Fra:1 Mem:24.87M (Peak 24.87M) | Time:00:00.01 | Mem:0.00M, Peak:0.00M | Scene, ViewLayer | Synchronizing object | MesaBar_2_Banqueta_1_Coluna
Fra:1 Mem:24.88M (Peak 24.88M) | Time:00:00.01 | Mem:0.00M, Peak:0.00M | Scene, ViewLayer | Synchronizing object | MesaBar_2_Banqueta_1_Base
Fra:1 Mem:24.88M (Peak 24.88M) | Time:00:00.01 | Mem:0.00M, Peak:0.00M | Scene, ViewLayer | Synchronizing object | MesaBar_2_Banqueta_2_Assento
Fra:1 Mem:24.89M (Peak 24.89M) | Time:00:00.01 | Mem:0.00M, Peak:0.00M | Scene, ViewLayer | Synchronizing object | MesaBar_2_Banqueta_2_Coluna
Fra:1 Mem:24.90M (Peak 24.90M) | Time:00:00.01 | Mem:0.00M, Peak:0.00M | Scene, ViewLayer | Synchronizing object | Geladeira_Corpo
Fra:1 Mem:24.90M (Peak 24.90M) | Time:00:00.01 | Mem:0.00M, Peak:0.00M | Scene, ViewLayer | Synchronizing object | Geladeira_Linha_Divisoria
Fra:1 Mem:24.90M (Peak 24.90M) | Time:00:00.01 | Mem:0.00M, Peak:0.00M | Scene, ViewLayer | Synchronizing object | Geladeira_Puxador_1
Fra:1 Mem:24.91M (Peak 24.91M) | Time:00:00.01 | Mem:0.00M, Peak:0.00M | Scene, ViewLayer | Synchronizing object | Geladeira_Puxador_2
Fra:1 Mem:24.91M (Peak 24.91M) | Time:00:00.01 | Mem:0.00M, Peak:0.00M | Scene, ViewLayer | Synchronizing object | Fogao_Corpo
Fra:1 Mem:24.91M (Peak 24.91M) | Time:00:00.01 | Mem:0.00M, Peak:0.00M | Scene, ViewLayer | Synchronizing object | Fogao_Boca_0_0
Fra:1 Mem:24.92M (Peak 24.92M) | Time:00:00.01 | Mem:0.00M, Peak:0.00M | Scene, ViewLayer | Synchronizing object | Fogao_Boca_1_0
Fra:1 Mem:24.93M (Peak 24.93M) | Time:00:00.01 | Mem:0.00M, Peak:0.00M | Scene, ViewLayer | Synchronizing object | Fogao_Boca_1_1
Fra:1 Mem:24.94M (Peak 24.94M) | Time:00:00.01 | Mem:0.00M, Peak:0.00M | Scene, ViewLayer | Synchronizing object | TV_Moldura
Fra:1 Mem:24.94M (Peak 24.94M) | Time:00:00.01 | Mem:0.00M, Peak:0.00M | Scene, ViewLayer | Synchronizing object | TV_Tela
Fra:1 Mem:24.94M (Peak 24.94M) | Time:00:00.01 | Mem:0.00M, Peak:0.00M | Scene, ViewLayer | Synchronizing object | Montante_P2
Fra:1 Mem:24.95M (Peak 24.95M) | Time:00:00.01 | Mem:0.00M, Peak:0.00M | Scene, ViewLayer | Synchronizing object | Montante_P3
Fra:1 Mem:24.96M (Peak 24.96M) | Time:00:00.01 | Mem:0.00M, Peak:0.00M | Scene, ViewLayer | Synchronizing object | Montante_P4
Fra:1 Mem:24.96M (Peak 24.96M) | Time:00:00.01 | Mem:0.00M, Peak:0.00M | Scene, ViewLayer | Synchronizing object | Viga_Transv_Y0
Fra:1 Mem:24.96M (Peak 24.96M) | Time:00:00.01 | Mem:0.00M, Peak:0.00M | Scene, ViewLayer | Synchronizing object | Viga_Transv_Y4
Fra:1 Mem:24.96M (Peak 24.96M) | Time:00:00.01 | Mem:0.00M, Peak:0.00M | Scene, ViewLayer | Synchronizing object | Viga_Transv_P9_P4
Fra:1 Mem:24.96M (Peak 24.96M) | Time:00:00.01 | Mem:0.00M, Peak:0.00M | Scene, ViewLayer | Synchronizing object | Viga_Transv_Y12
Fra:1 Mem:25.03M (Peak 25.03M) | Time:00:00.01 | Mem:0.00M, Peak:0.00M | Scene, ViewLayer | Initializing
Fra:1 Mem:18.86M (Peak 25.03M) | Time:00:00.02 | Mem:0.00M, Peak:0.00M | Scene, ViewLayer | Waiting for render to start
Fra:1 Mem:18.87M (Peak 25.03M) | Time:00:00.02 | Mem:0.00M, Peak:0.00M | Scene, ViewLayer | Loading render kernels (may take a few minutes the first time)
Fra:1 Mem:18.87M (Peak 25.03M) | Time:00:00.02 | Mem:0.00M, Peak:0.00M | Scene, ViewLayer | Updating Scene
Fra:1 Mem:18.87M (Peak 25.03M) | Time:00:00.02 | Mem:0.00M, Peak:0.00M | Scene, ViewLayer | Updating Shaders
Fra:1 Mem:18.97M (Peak 25.03M) | Time:00:00.02 | Mem:0.02M, Peak:0.02M | Scene, ViewLayer | Updating Procedurals
Fra:1 Mem:18.97M (Peak 25.03M) | Time:00:00.02 | Mem:0.02M, Peak:0.02M | Scene, ViewLayer | Updating Background
Fra:1 Mem:18.97M (Peak 25.03M) | Time:00:00.02 | Mem:0.02M, Peak:0.02M | Scene, ViewLayer | Updating Camera
Fra:1 Mem:18.97M (Peak 25.03M) | Time:00:00.02 | Mem:0.02M, Peak:0.02M | Scene, ViewLayer | Updating Meshes Flags
Fra:1 Mem:18.97M (Peak 25.03M) | Time:00:00.02 | Mem:0.02M, Peak:0.02M | Scene, ViewLayer | Updating Objects
Fra:1 Mem:18.97M (Peak 25.03M) | Time:00:00.02 | Mem:0.02M, Peak:0.02M | Scene, ViewLayer | Updating Objects | Copying Transformations to device
Fra:1 Mem:19.00M (Peak 25.03M) | Time:00:00.02 | Mem:0.06M, Peak:0.06M | Scene, ViewLayer | Updating Objects | Applying Static Transformations
Fra:1 Mem:19.00M (Peak 25.03M) | Time:00:00.02 | Mem:0.06M, Peak:0.06M | Scene, ViewLayer | Updating Particle Systems
Fra:1 Mem:19.00M (Peak 25.03M) | Time:00:00.02 | Mem:0.06M, Peak:0.06M | Scene, ViewLayer | Updating Particle Systems | Copying Particles to device
Fra:1 Mem:19.00M (Peak 25.03M) | Time:00:00.02 | Mem:0.06M, Peak:0.06M | Scene, ViewLayer | Updating Meshes
Fra:1 Mem:19.16M (Peak 25.03M) | Time:00:00.02 | Mem:0.06M, Peak:0.06M | Scene, ViewLayer | Updating Mesh | Computing attributes
Fra:1 Mem:19.26M (Peak 25.03M) | Time:00:00.02 | Mem:0.07M, Peak:0.07M | Scene, ViewLayer | Updating Mesh | Copying Attributes to device
Fra:1 Mem:19.24M (Peak 25.03M) | Time:00:00.02 | Mem:0.13M, Peak:0.13M | Scene, ViewLayer | Updating Scene BVH | Building
Fra:1 Mem:19.24M (Peak 25.03M) | Time:00:00.02 | Mem:0.13M, Peak:0.13M | Scene, ViewLayer | Updating Scene BVH | Building BVH
Fra:1 Mem:19.24M (Peak 25.03M) | Time:00:00.02 | Mem:0.45M, Peak:0.45M | Scene, ViewLayer | Updating Scene BVH | Building BVH 0%
Fra:1 Mem:19.24M (Peak 25.03M) | Time:00:00.02 | Mem:0.87M, Peak:1.19M | Scene, ViewLayer | Updating Scene BVH | Copying BVH to device
Fra:1 Mem:19.24M (Peak 25.03M) | Time:00:00.02 | Mem:0.87M, Peak:1.19M | Scene, ViewLayer | Updating Mesh | Computing normals
Fra:1 Mem:19.61M (Peak 25.03M) | Time:00:00.02 | Mem:0.87M, Peak:1.19M | Scene, ViewLayer | Updating Mesh | Copying Mesh to device
Fra:1 Mem:19.61M (Peak 25.03M) | Time:00:00.02 | Mem:1.24M, Peak:1.24M | Scene, ViewLayer | Updating Objects Flags
Fra:1 Mem:19.61M (Peak 25.03M) | Time:00:00.02 | Mem:1.24M, Peak:1.24M | Scene, ViewLayer | Updating Primitive Offsets
Fra:1 Mem:19.61M (Peak 25.03M) | Time:00:00.02 | Mem:1.24M, Peak:1.24M | Scene, ViewLayer | Updating Images
Fra:1 Mem:19.61M (Peak 25.03M) | Time:00:00.02 | Mem:1.24M, Peak:1.24M | Scene, ViewLayer | Updating Camera Volume
Fra:1 Mem:19.61M (Peak 25.03M) | Time:00:00.02 | Mem:1.24M, Peak:1.24M | Scene, ViewLayer | Updating Lookup Tables
Fra:1 Mem:19.61M (Peak 25.03M) | Time:00:00.02 | Mem:1.32M, Peak:1.32M | Scene, ViewLayer | Updating Lights
Fra:1 Mem:19.61M (Peak 25.03M) | Time:00:00.02 | Mem:1.33M, Peak:1.33M | Scene, ViewLayer | Updating Lights | Computing distribution
Fra:1 Mem:19.61M (Peak 25.03M) | Time:00:00.02 | Mem:1.33M, Peak:1.33M | Scene, ViewLayer | Updating Lights | Computing tree
Fra:1 Mem:19.62M (Peak 25.03M) | Time:00:00.02 | Mem:1.33M, Peak:1.33M | Scene, ViewLayer | Updating Integrator
Fra:1 Mem:21.62M (Peak 25.03M) | Time:00:00.02 | Mem:3.33M, Peak:3.33M | Scene, ViewLayer | Updating Film
Fra:1 Mem:21.62M (Peak 25.03M) | Time:00:00.02 | Mem:3.25M, Peak:3.33M | Scene, ViewLayer | Updating Lookup Tables
Fra:1 Mem:21.62M (Peak 25.03M) | Time:00:00.02 | Mem:3.33M, Peak:3.33M | Scene, ViewLayer | Updating Baking
Fra:1 Mem:21.62M (Peak 25.03M) | Time:00:00.02 | Mem:3.33M, Peak:3.33M | Scene, ViewLayer | Updating Device | Writing constant memory
Fra:1 Mem:21.62M (Peak 25.03M) | Time:00:00.02 | Mem:3.33M, Peak:3.33M | Scene, ViewLayer | Sample 0/300
Fra:1 Mem:92.87M (Peak 92.87M) | Time:00:00.80 | Remaining:03:51.04 | Mem:74.52M, Peak:74.52M | Scene, ViewLayer | Sample 1/300
Fra:1 Mem:92.87M (Peak 92.87M) | Time:00:21.07 | Remaining:02:50.26 | Mem:74.52M, Peak:74.52M | Scene, ViewLayer | Sample 33/300
Fra:1 Mem:92.87M (Peak 92.87M) | Time:00:45.60 | Remaining:02:44.78 | Mem:74.52M, Peak:74.52M | Scene, ViewLayer | Sample 65/300
Fra:1 Mem:92.87M (Peak 92.87M) | Time:00:59.76 | Remaining:02:44.28 | Mem:74.52M, Peak:74.52M | Scene, ViewLayer | Sample 80/300
Fra:1 Mem:92.87M (Peak 92.87M) | Time:01:02.85 | Remaining:02:13.50 | Mem:74.52M, Peak:74.52M | Scene, ViewLayer | Sample 96/300
Fra:1 Mem:92.87M (Peak 92.87M) | Time:01:05.61 | Remaining:01:50.09 | Mem:74.52M, Peak:74.52M | Scene, ViewLayer | Sample 112/300
Fra:1 Mem:92.87M (Peak 92.87M) | Time:01:08.37 | Remaining:01:31.84 | Mem:74.52M, Peak:74.52M | Scene, ViewLayer | Sample 128/300
Fra:1 Mem:92.87M (Peak 92.87M) | Time:01:07.70 | Remaining:01:13.31 | Mem:74.52M, Peak:74.52M | Scene, ViewLayer | Sample 144/300
Fra:1 Mem:92.87M (Peak 92.87M) | Time:01:10.06 | Remaining:01:01.28 | Mem:74.52M, Peak:74.52M | Scene, ViewLayer | Sample 160/300
Fra:1 Mem:92.87M (Peak 92.87M) | Time:01:12.39 | Remaining:00:50.98 | Mem:74.52M, Peak:74.52M | Scene, ViewLayer | Sample 176/300
Fra:1 Mem:92.87M (Peak 92.87M) | Time:01:14.63 | Remaining:00:41.96 | Mem:74.52M, Peak:74.52M | Scene, ViewLayer | Sample 192/300
Fra:1 Mem:92.87M (Peak 92.87M) | Time:01:16.39 | Remaining:00:33.77 | Mem:74.52M, Peak:74.52M | Scene, ViewLayer | Sample 208/300
Fra:1 Mem:92.87M (Peak 92.87M) | Time:01:18.29 | Remaining:00:26.55 | Mem:74.52M, Peak:74.52M | Scene, ViewLayer | Sample 224/300
Fra:1 Mem:92.87M (Peak 92.87M) | Time:01:20.04 | Remaining:00:20.00 | Mem:74.52M, Peak:74.52M | Scene, ViewLayer | Sample 240/300
Fra:1 Mem:92.87M (Peak 92.87M) | Time:01:21.54 | Remaining:00:14.01 | Mem:74.52M, Peak:74.52M | Scene, ViewLayer | Sample 256/300
Fra:1 Mem:92.87M (Peak 92.87M) | Time:01:23.15 | Remaining:00:08.55 | Mem:74.52M, Peak:74.52M | Scene, ViewLayer | Sample 272/300
Fra:1 Mem:92.87M (Peak 92.87M) | Time:01:24.66 | Remaining:00:03.52 | Mem:74.52M, Peak:74.52M | Scene, ViewLayer | Sample 288/300
Fra:1 Mem:124.51M (Peak 187.79M) | Time:01:26.01 | Mem:74.52M, Peak:74.52M | Scene, ViewLayer | Sample 300/300
Fra:1 Mem:124.51M (Peak 187.79M) | Time:01:26.01 | Mem:74.52M, Peak:74.52M | Scene, ViewLayer | Finished
Saved: '/home/fac/piscina/V4/renders/projeto_render_17h.png'
Time: 01:26.40 (Saving: 00:00.37)

Fra:1 Mem:24.56M (Peak 24.56M) | Time:00:00.02 | Mem:0.00M, Peak:0.00M | Scene, ViewLayer | Synchronizing object | Pedestal_Concreto_1
Fra:1 Mem:24.56M (Peak 24.56M) | Time:00:00.02 | Mem:0.00M, Peak:0.00M | Scene, ViewLayer | Synchronizing object | Pilar_Eucalipto_4
Fra:1 Mem:24.56M (Peak 24.56M) | Time:00:00.02 | Mem:0.00M, Peak:0.00M | Scene, ViewLayer | Synchronizing object | Pilar_Eucalipto_6
Fra:1 Mem:24.57M (Peak 24.57M) | Time:00:00.02 | Mem:0.00M, Peak:0.00M | Scene, ViewLayer | Synchronizing object | Pilar_Eucalipto_7
Fra:1 Mem:24.58M (Peak 24.58M) | Time:00:00.02 | Mem:0.00M, Peak:0.00M | Scene, ViewLayer | Synchronizing object | Pedestal_Concreto_8
Fra:1 Mem:24.58M (Peak 24.58M) | Time:00:00.02 | Mem:0.00M, Peak:0.00M | Scene, ViewLayer | Synchronizing object | Pedestal_Concreto_9
Fra:1 Mem:24.59M (Peak 24.59M) | Time:00:00.02 | Mem:0.00M, Peak:0.00M | Scene, ViewLayer | Synchronizing object | Pilar_Eucalipto_9
Fra:1 Mem:24.60M (Peak 24.60M) | Time:00:00.02 | Mem:0.00M, Peak:0.00M | Scene, ViewLayer | Synchronizing object | Pedestal_Concreto_10
Fra:1 Mem:24.60M (Peak 24.60M) | Time:00:00.02 | Mem:0.00M, Peak:0.00M | Scene, ViewLayer | Synchronizing object | Pilar_Eucalipto_10
Fra:1 Mem:24.60M (Peak 24.60M) | Time:00:00.02 | Mem:0.00M, Peak:0.00M | Scene, ViewLayer | Synchronizing object | Piso_Quiosque_L
Fra:1 Mem:24.62M (Peak 24.62M) | Time:00:00.02 | Mem:0.00M, Peak:0.00M | Scene, ViewLayer | Synchronizing object | Piso_Area_Piscina
Fra:1 Mem:24.62M (Peak 24.62M) | Time:00:00.02 | Mem:0.00M, Peak:0.00M | Scene, ViewLayer | Synchronizing object | Piscina_Esmeralda_Agua
Fra:1 Mem:24.62M (Peak 24.62M) | Time:00:00.02 | Mem:0.00M, Peak:0.00M | Scene, ViewLayer | Synchronizing object | Banheiro_Parede_Oeste_1_a
Fra:1 Mem:24.63M (Peak 24.63M) | Time:00:00.02 | Mem:0.00M, Peak:0.00M | Scene, ViewLayer | Synchronizing object | Banheiro_Parede_Oeste_1_b
Fra:1 Mem:24.64M (Peak 24.64M) | Time:00:00.02 | Mem:0.00M, Peak:0.00M | Scene, ViewLayer | Synchronizing object | Banheiro_Parede_Oeste_2_b
Fra:1 Mem:24.64M (Peak 24.64M) | Time:00:00.02 | Mem:0.00M, Peak:0.00M | Scene, ViewLayer | Synchronizing object | Banheiro_Parede_Oeste_2_Porta
Fra:1 Mem:24.65M (Peak 24.65M) | Time:00:00.02 | Mem:0.00M, Peak:0.00M | Scene, ViewLayer | Synchronizing object | Banheiro_Parede_Leste_1_a
Fra:1 Mem:24.66M (Peak 24.66M) | Time:00:00.02 | Mem:0.00M, Peak:0.00M | Scene, ViewLayer | Synchronizing object | Banheiro_Parede_Leste_1_b
Fra:1 Mem:24.66M (Peak 24.66M) | Time:00:00.02 | Mem:0.00M, Peak:0.00M | Scene, ViewLayer | Synchronizing object | Banheiro_Parede_Leste_1_Porta
Fra:1 Mem:24.67M (Peak 24.67M) | Time:00:00.02 | Mem:0.00M, Peak:0.00M | Scene, ViewLayer | Synchronizing object | Banheiro_Parede_Leste_2_a
Fra:1 Mem:24.68M (Peak 24.68M) | Time:00:00.02 | Mem:0.00M, Peak:0.00M | Scene, ViewLayer | Synchronizing object | Banheiro_Parede_Leste_2_b
Fra:1 Mem:24.68M (Peak 24.68M) | Time:00:00.02 | Mem:0.00M, Peak:0.00M | Scene, ViewLayer | Synchronizing object | Banheiro_Parede_Leste_2_Porta
Fra:1 Mem:24.68M (Peak 24.68M) | Time:00:00.02 | Mem:0.00M, Peak:0.00M | Scene, ViewLayer | Synchronizing object | Banheiro_Parede_Norte
Fra:1 Mem:24.69M (Peak 24.69M) | Time:00:00.02 | Mem:0.00M, Peak:0.00M | Scene, ViewLayer | Synchronizing object | Banheiro_Parede_Sul
Fra:1 Mem:24.69M (Peak 24.69M) | Time:00:00.02 | Mem:0.00M, Peak:0.00M | Scene, ViewLayer | Synchronizing object | Banheiro_Particao_Ducha
Fra:1 Mem:24.70M (Peak 24.70M) | Time:00:00.02 | Mem:0.00M, Peak:0.00M | Scene, ViewLayer | Synchronizing object | Banheiro_Particao_Lavabo
Fra:1 Mem:24.70M (Peak 24.70M) | Time:00:00.02 | Mem:0.00M, Peak:0.00M | Scene, ViewLayer | Synchronizing object | Banheiro_Piso
Fra:1 Mem:24.70M (Peak 24.70M) | Time:00:00.02 | Mem:0.00M, Peak:0.00M | Scene, ViewLayer | Synchronizing object | Ducha_1_Coluna
Fra:1 Mem:24.70M (Peak 24.70M) | Time:00:00.02 | Mem:0.00M, Peak:0.00M | Scene, ViewLayer | Synchronizing object | Ducha_1_Eletrico
Fra:1 Mem:24.71M (Peak 24.71M) | Time:00:00.02 | Mem:0.00M, Peak:0.00M | Scene, ViewLayer | Synchronizing object | Ducha_1_Registro
Fra:1 Mem:24.71M (Peak 24.71M) | Time:00:00.02 | Mem:0.00M, Peak:0.00M | Scene, ViewLayer | Synchronizing object | Ducha_2_Base
Fra:1 Mem:24.71M (Peak 24.71M) | Time:00:00.02 | Mem:0.00M, Peak:0.00M | Scene, ViewLayer | Synchronizing object | Terreno_V4
Fra:1 Mem:24.71M (Peak 24.71M) | Time:00:00.02 | Mem:0.00M, Peak:0.00M | Scene, ViewLayer | Synchronizing object | Ducha_2_Registro
Fra:1 Mem:24.72M (Peak 24.72M) | Time:00:00.02 | Mem:0.00M, Peak:0.00M | Scene, ViewLayer | Synchronizing object | Terca_Ala_Xm225
Fra:1 Mem:24.72M (Peak 24.72M) | Time:00:00.02 | Mem:0.00M, Peak:0.00M | Scene, ViewLayer | Synchronizing object | Lavabo_1_Bacia
Fra:1 Mem:24.73M (Peak 24.73M) | Time:00:00.02 | Mem:0.00M, Peak:0.00M | Scene, ViewLayer | Synchronizing object | Lavabo_1_Assento
Fra:1 Mem:24.73M (Peak 24.73M) | Time:00:00.02 | Mem:0.00M, Peak:0.00M | Scene, ViewLayer | Synchronizing object | Lavabo_1_Pia
Fra:1 Mem:24.73M (Peak 24.73M) | Time:00:00.02 | Mem:0.00M, Peak:0.00M | Scene, ViewLayer | Synchronizing object | Lavabo_2_Bacia
Fra:1 Mem:24.73M (Peak 24.73M) | Time:00:00.02 | Mem:0.00M, Peak:0.00M | Scene, ViewLayer | Synchronizing object | Lavabo_2_Assento
Fra:1 Mem:24.73M (Peak 24.73M) | Time:00:00.02 | Mem:0.00M, Peak:0.00M | Scene, ViewLayer | Synchronizing object | Lavabo_2_Pia
Fra:1 Mem:24.74M (Peak 24.74M) | Time:00:00.02 | Mem:0.00M, Peak:0.00M | Scene, ViewLayer | Synchronizing object | Lavabo_2_Torneira
Fra:1 Mem:24.74M (Peak 24.74M) | Time:00:00.02 | Mem:0.00M, Peak:0.00M | Scene, ViewLayer | Synchronizing object | Bancada_Base
Fra:1 Mem:24.74M (Peak 24.74M) | Time:00:00.02 | Mem:0.00M, Peak:0.00M | Scene, ViewLayer | Synchronizing object | Bancada_Tampo_Sul
Fra:1 Mem:24.74M (Peak 24.74M) | Time:00:00.02 | Mem:0.00M, Peak:0.00M | Scene, ViewLayer | Synchronizing object | Bancada_Tampo_Norte
Fra:1 Mem:24.74M (Peak 24.74M) | Time:00:00.02 | Mem:0.00M, Peak:0.00M | Scene, ViewLayer | Synchronizing object | Bancada_Pia_Cuba
Fra:1 Mem:24.75M (Peak 24.75M) | Time:00:00.02 | Mem:0.00M, Peak:0.00M | Scene, ViewLayer | Synchronizing object | Bancada_Pia_Bico_Torneira
Fra:1 Mem:24.75M (Peak 24.75M) | Time:00:00.02 | Mem:0.00M, Peak:0.00M | Scene, ViewLayer | Synchronizing object | Terca_Leste_X4
Fra:1 Mem:24.76M (Peak 24.76M) | Time:00:00.02 | Mem:0.00M, Peak:0.00M | Scene, ViewLayer | Synchronizing object | Churrasqueira_Corpo
Fra:1 Mem:24.76M (Peak 24.76M) | Time:00:00.02 | Mem:0.00M, Peak:0.00M | Scene, ViewLayer | Synchronizing object | Terca_Central_X2
Fra:1 Mem:24.76M (Peak 24.76M) | Time:00:00.02 | Mem:0.00M, Peak:0.00M | Scene, ViewLayer | Synchronizing object | Churrasqueira_Barra_1
Fra:1 Mem:24.77M (Peak 24.77M) | Time:00:00.02 | Mem:0.00M, Peak:0.00M | Scene, ViewLayer | Synchronizing object | Terca_Oeste_X0
Fra:1 Mem:24.77M (Peak 24.77M) | Time:00:00.02 | Mem:0.00M, Peak:0.00M | Scene, ViewLayer | Synchronizing object | Churrasqueira_Barra_3
Fra:1 Mem:24.77M (Peak 24.77M) | Time:00:00.02 | Mem:0.00M, Peak:0.00M | Scene, ViewLayer | Synchronizing object | Churrasqueira_Barra_4
Fra:1 Mem:24.77M (Peak 24.77M) | Time:00:00.02 | Mem:0.00M, Peak:0.00M | Scene, ViewLayer | Synchronizing object | Churrasqueira_Barra_5
Fra:1 Mem:24.78M (Peak 24.78M) | Time:00:00.02 | Mem:0.00M, Peak:0.00M | Scene, ViewLayer | Synchronizing object | Churrasqueira_Barra_6
Fra:1 Mem:24.79M (Peak 24.79M) | Time:00:00.02 | Mem:0.00M, Peak:0.00M | Scene, ViewLayer | Synchronizing object | Churrasqueira_Brasa
Fra:1 Mem:24.79M (Peak 24.79M) | Time:00:00.02 | Mem:0.00M, Peak:0.00M | Scene, ViewLayer | Synchronizing object | Churrasqueira_Chamine
Fra:1 Mem:24.79M (Peak 24.79M) | Time:00:00.02 | Mem:0.00M, Peak:0.00M | Scene, ViewLayer | Synchronizing object | Mesa_Pe_-1_-1
Fra:1 Mem:24.79M (Peak 24.79M) | Time:00:00.02 | Mem:0.00M, Peak:0.00M | Scene, ViewLayer | Synchronizing object | Mesa_Pe_-1_1
Fra:1 Mem:24.79M (Peak 24.79M) | Time:00:00.02 | Mem:0.00M, Peak:0.00M | Scene, ViewLayer | Synchronizing object | Mesa_Pe_1_-1
Fra:1 Mem:24.80M (Peak 24.80M) | Time:00:00.02 | Mem:0.00M, Peak:0.00M | Scene, ViewLayer | Synchronizing object | Banco_Oeste_Assento
Fra:1 Mem:24.80M (Peak 24.80M) | Time:00:00.02 | Mem:0.00M, Peak:0.00M | Scene, ViewLayer | Synchronizing object | Banco_Oeste_Pe_1
Fra:1 Mem:24.81M (Peak 24.81M) | Time:00:00.02 | Mem:0.00M, Peak:0.00M | Scene, ViewLayer | Synchronizing object | Banco_Leste_Pe_-1
Fra:1 Mem:24.81M (Peak 24.81M) | Time:00:00.02 | Mem:0.00M, Peak:0.00M | Scene, ViewLayer | Synchronizing object | Banco_Leste_Pe_1
Fra:1 Mem:24.81M (Peak 24.81M) | Time:00:00.02 | Mem:0.00M, Peak:0.00M | Scene, ViewLayer | Synchronizing object | Parede_Sul_1_2
Fra:1 Mem:24.81M (Peak 24.81M) | Time:00:00.02 | Mem:0.00M, Peak:0.00M | Scene, ViewLayer | Synchronizing object | Parede_Leste_3_4
Fra:1 Mem:24.81M (Peak 24.81M) | Time:00:00.02 | Mem:0.00M, Peak:0.00M | Scene, ViewLayer | Synchronizing object | Parede_Leste_4_5
Fra:1 Mem:24.81M (Peak 24.81M) | Time:00:00.02 | Mem:0.00M, Peak:0.00M | Scene, ViewLayer | Synchronizing object | Sala_Tapete
Fra:1 Mem:24.82M (Peak 24.82M) | Time:00:00.02 | Mem:0.00M, Peak:0.00M | Scene, ViewLayer | Synchronizing object | Sofa_Sul_Assento
Fra:1 Mem:24.82M (Peak 24.82M) | Time:00:00.02 | Mem:0.00M, Peak:0.00M | Scene, ViewLayer | Synchronizing object | Sofa_Sul_Encosto
Fra:1 Mem:24.82M (Peak 24.82M) | Time:00:00.02 | Mem:0.00M, Peak:0.00M | Scene, ViewLayer | Synchronizing object | Sofa_Sul_Braco_1
Fra:1 Mem:24.82M (Peak 24.82M) | Time:00:00.02 | Mem:0.00M, Peak:0.00M | Scene, ViewLayer | Synchronizing object | Sofa_Sul_Pe_0_1
Fra:1 Mem:24.82M (Peak 24.82M) | Time:00:00.02 | Mem:0.00M, Peak:0.00M | Scene, ViewLayer | Synchronizing object | Sofa_Sul_Pe_1_-1
Fra:1 Mem:24.83M (Peak 24.83M) | Time:00:00.02 | Mem:0.00M, Peak:0.00M | Scene, ViewLayer | Synchronizing object | Sofa_Sul_Pe_1_1
Fra:1 Mem:24.83M (Peak 24.83M) | Time:00:00.02 | Mem:0.00M, Peak:0.00M | Scene, ViewLayer | Synchronizing object | Sofa_Norte_Assento
Fra:1 Mem:24.83M (Peak 24.83M) | Time:00:00.02 | Mem:0.00M, Peak:0.00M | Scene, ViewLayer | Synchronizing object | Sofa_Norte_Encosto
Fra:1 Mem:24.83M (Peak 24.83M) | Time:00:00.02 | Mem:0.00M, Peak:0.00M | Scene, ViewLayer | Synchronizing object | Sofa_Norte_Braco_-1
Fra:1 Mem:24.84M (Peak 24.84M) | Time:00:00.02 | Mem:0.00M, Peak:0.00M | Scene, ViewLayer | Synchronizing object | Sofa_Norte_Pe_0_-1
Fra:1 Mem:24.84M (Peak 24.84M) | Time:00:00.02 | Mem:0.00M, Peak:0.00M | Scene, ViewLayer | Synchronizing object | Sofa_Norte_Pe_0_1
Fra:1 Mem:24.84M (Peak 24.84M) | Time:00:00.02 | Mem:0.00M, Peak:0.00M | Scene, ViewLayer | Synchronizing object | Sofa_Norte_Pe_1_-1
Fra:1 Mem:24.84M (Peak 24.84M) | Time:00:00.02 | Mem:0.00M, Peak:0.00M | Scene, ViewLayer | Synchronizing object | Mesa_Centro_Tampo
Fra:1 Mem:24.84M (Peak 24.84M) | Time:00:00.02 | Mem:0.00M, Peak:0.00M | Scene, ViewLayer | Synchronizing object | Mesa_Centro_Pe_-1_-1
Fra:1 Mem:24.84M (Peak 24.84M) | Time:00:00.02 | Mem:0.00M, Peak:0.00M | Scene, ViewLayer | Synchronizing object | Mesa_Centro_Pe_1_-1
Fra:1 Mem:24.85M (Peak 24.85M) | Time:00:00.02 | Mem:0.00M, Peak:0.00M | Scene, ViewLayer | Synchronizing object | Mesa_Centro_Pe_1_1
Fra:1 Mem:24.85M (Peak 24.85M) | Time:00:00.02 | Mem:0.00M, Peak:0.00M | Scene, ViewLayer | Synchronizing object | MesaBar_1_Coluna
Fra:1 Mem:24.85M (Peak 24.85M) | Time:00:00.02 | Mem:0.00M, Peak:0.00M | Scene, ViewLayer | Synchronizing object | MesaBar_1_Banqueta_1_Assento
Fra:1 Mem:24.86M (Peak 24.86M) | Time:00:00.02 | Mem:0.00M, Peak:0.00M | Scene, ViewLayer | Synchronizing object | MesaBar_1_Banqueta_1_Coluna
Fra:1 Mem:24.86M (Peak 24.86M) | Time:00:00.02 | Mem:0.00M, Peak:0.00M | Scene, ViewLayer | Synchronizing object | MesaBar_1_Banqueta_1_Base
Fra:1 Mem:24.87M (Peak 24.87M) | Time:00:00.02 | Mem:0.00M, Peak:0.00M | Scene, ViewLayer | Synchronizing object | MesaBar_1_Banqueta_2_Assento
Fra:1 Mem:24.87M (Peak 24.87M) | Time:00:00.02 | Mem:0.00M, Peak:0.00M | Scene, ViewLayer | Synchronizing object | MesaBar_1_Banqueta_2_Coluna
Fra:1 Mem:24.88M (Peak 24.88M) | Time:00:00.02 | Mem:0.00M, Peak:0.00M | Scene, ViewLayer | Synchronizing object | MesaBar_2_Tampo
Fra:1 Mem:24.88M (Peak 24.88M) | Time:00:00.02 | Mem:0.00M, Peak:0.00M | Scene, ViewLayer | Synchronizing object | MesaBar_2_Coluna
Fra:1 Mem:24.88M (Peak 24.88M) | Time:00:00.02 | Mem:0.00M, Peak:0.00M | Scene, ViewLayer | Synchronizing object | MesaBar_2_Base
Fra:1 Mem:24.88M (Peak 24.88M) | Time:00:00.02 | Mem:0.00M, Peak:0.00M | Scene, ViewLayer | Synchronizing object | MesaBar_2_Banqueta_1_Assento
Fra:1 Mem:24.88M (Peak 24.88M) | Time:00:00.02 | Mem:0.00M, Peak:0.00M | Scene, ViewLayer | Synchronizing object | MesaBar_2_Banqueta_1_Coluna
Fra:1 Mem:24.88M (Peak 24.88M) | Time:00:00.02 | Mem:0.00M, Peak:0.00M | Scene, ViewLayer | Synchronizing object | MesaBar_2_Banqueta_1_Base
Fra:1 Mem:24.88M (Peak 24.88M) | Time:00:00.02 | Mem:0.00M, Peak:0.00M | Scene, ViewLayer | Synchronizing object | MesaBar_2_Banqueta_2_Assento
Fra:1 Mem:24.89M (Peak 24.89M) | Time:00:00.02 | Mem:0.00M, Peak:0.00M | Scene, ViewLayer | Synchronizing object | MesaBar_2_Banqueta_2_Coluna
Fra:1 Mem:24.89M (Peak 24.89M) | Time:00:00.02 | Mem:0.00M, Peak:0.00M | Scene, ViewLayer | Synchronizing object | MesaBar_2_Banqueta_2_Base
Fra:1 Mem:24.91M (Peak 24.91M) | Time:00:00.02 | Mem:0.00M, Peak:0.00M | Scene, ViewLayer | Synchronizing object | Geladeira_Linha_Divisoria
Fra:1 Mem:24.91M (Peak 24.91M) | Time:00:00.02 | Mem:0.00M, Peak:0.00M | Scene, ViewLayer | Synchronizing object | Geladeira_Puxador_1
Fra:1 Mem:24.91M (Peak 24.91M) | Time:00:00.02 | Mem:0.00M, Peak:0.00M | Scene, ViewLayer | Synchronizing object | Geladeira_Puxador_2
Fra:1 Mem:24.91M (Peak 24.91M) | Time:00:00.02 | Mem:0.00M, Peak:0.00M | Scene, ViewLayer | Synchronizing object | Fogao_Corpo
Fra:1 Mem:24.92M (Peak 24.92M) | Time:00:00.03 | Mem:0.00M, Peak:0.00M | Scene, ViewLayer | Synchronizing object | Fogao_Cooktop
Fra:1 Mem:24.92M (Peak 24.92M) | Time:00:00.03 | Mem:0.00M, Peak:0.00M | Scene, ViewLayer | Synchronizing object | Viga_Transv_Ala_Y9_5
Fra:1 Mem:24.92M (Peak 24.92M) | Time:00:00.03 | Mem:0.00M, Peak:0.00M | Scene, ViewLayer | Synchronizing object | Fogao_Boca_0_0
Fra:1 Mem:24.93M (Peak 24.93M) | Time:00:00.03 | Mem:0.00M, Peak:0.00M | Scene, ViewLayer | Synchronizing object | Fogao_Boca_0_1
Fra:1 Mem:24.94M (Peak 24.94M) | Time:00:00.03 | Mem:0.00M, Peak:0.00M | Scene, ViewLayer | Synchronizing object | Fogao_Boca_1_0
Fra:1 Mem:24.94M (Peak 24.94M) | Time:00:00.03 | Mem:0.00M, Peak:0.00M | Scene, ViewLayer | Synchronizing object | Fogao_Boca_1_1
Fra:1 Mem:24.95M (Peak 24.95M) | Time:00:00.03 | Mem:0.00M, Peak:0.00M | Scene, ViewLayer | Synchronizing object | TV_Suporte
Fra:1 Mem:24.96M (Peak 24.96M) | Time:00:00.03 | Mem:0.00M, Peak:0.00M | Scene, ViewLayer | Synchronizing object | TV_Moldura
Fra:1 Mem:24.96M (Peak 24.96M) | Time:00:00.03 | Mem:0.00M, Peak:0.00M | Scene, ViewLayer | Synchronizing object | TV_Tela
Fra:1 Mem:24.96M (Peak 24.96M) | Time:00:00.03 | Mem:0.00M, Peak:0.00M | Scene, ViewLayer | Synchronizing object | Montante_P2
Fra:1 Mem:24.97M (Peak 24.97M) | Time:00:00.03 | Mem:0.00M, Peak:0.00M | Scene, ViewLayer | Synchronizing object | Montante_P4
Fra:1 Mem:24.97M (Peak 24.97M) | Time:00:00.03 | Mem:0.00M, Peak:0.00M | Scene, ViewLayer | Synchronizing object | Montante_P5
Fra:1 Mem:24.97M (Peak 24.97M) | Time:00:00.03 | Mem:0.00M, Peak:0.00M | Scene, ViewLayer | Synchronizing object | Viga_Transv_Y0
Fra:1 Mem:24.98M (Peak 24.98M) | Time:00:00.03 | Mem:0.00M, Peak:0.00M | Scene, ViewLayer | Synchronizing object | Viga_Transv_Y4
Fra:1 Mem:24.98M (Peak 24.98M) | Time:00:00.03 | Mem:0.00M, Peak:0.00M | Scene, ViewLayer | Synchronizing object | Viga_Transv_P9_P4
Fra:1 Mem:24.99M (Peak 24.99M) | Time:00:00.03 | Mem:0.00M, Peak:0.00M | Scene, ViewLayer | Synchronizing object | Viga_Transv_Y12
Fra:1 Mem:25.03M (Peak 25.03M) | Time:00:00.03 | Mem:0.00M, Peak:0.00M | Scene, ViewLayer | Initializing
Fra:1 Mem:18.86M (Peak 25.03M) | Time:00:00.03 | Mem:0.00M, Peak:0.00M | Scene, ViewLayer | Waiting for render to start
Fra:1 Mem:18.87M (Peak 25.03M) | Time:00:00.03 | Mem:0.00M, Peak:0.00M | Scene, ViewLayer | Loading render kernels (may take a few minutes the first time)
Fra:1 Mem:18.87M (Peak 25.03M) | Time:00:00.03 | Mem:0.00M, Peak:0.00M | Scene, ViewLayer | Updating Scene
Fra:1 Mem:18.87M (Peak 25.03M) | Time:00:00.03 | Mem:0.00M, Peak:0.00M | Scene, ViewLayer | Updating Shaders
Fra:1 Mem:18.97M (Peak 25.03M) | Time:00:00.03 | Mem:0.02M, Peak:0.02M | Scene, ViewLayer | Updating Procedurals
Fra:1 Mem:18.97M (Peak 25.03M) | Time:00:00.03 | Mem:0.02M, Peak:0.02M | Scene, ViewLayer | Updating Background
Fra:1 Mem:18.97M (Peak 25.03M) | Time:00:00.03 | Mem:0.02M, Peak:0.02M | Scene, ViewLayer | Updating Camera
Fra:1 Mem:18.97M (Peak 25.03M) | Time:00:00.03 | Mem:0.02M, Peak:0.02M | Scene, ViewLayer | Updating Meshes Flags
Fra:1 Mem:18.97M (Peak 25.03M) | Time:00:00.03 | Mem:0.02M, Peak:0.02M | Scene, ViewLayer | Updating Objects
Fra:1 Mem:18.97M (Peak 25.03M) | Time:00:00.03 | Mem:0.02M, Peak:0.02M | Scene, ViewLayer | Updating Objects | Copying Transformations to device
Fra:1 Mem:19.00M (Peak 25.03M) | Time:00:00.03 | Mem:0.06M, Peak:0.06M | Scene, ViewLayer | Updating Objects | Applying Static Transformations
Fra:1 Mem:19.00M (Peak 25.03M) | Time:00:00.03 | Mem:0.06M, Peak:0.06M | Scene, ViewLayer | Updating Particle Systems
Fra:1 Mem:19.00M (Peak 25.03M) | Time:00:00.03 | Mem:0.06M, Peak:0.06M | Scene, ViewLayer | Updating Particle Systems | Copying Particles to device
Fra:1 Mem:19.00M (Peak 25.03M) | Time:00:00.03 | Mem:0.06M, Peak:0.06M | Scene, ViewLayer | Updating Meshes
Fra:1 Mem:19.16M (Peak 25.03M) | Time:00:00.03 | Mem:0.06M, Peak:0.06M | Scene, ViewLayer | Updating Mesh | Computing attributes
Fra:1 Mem:19.26M (Peak 25.03M) | Time:00:00.03 | Mem:0.07M, Peak:0.07M | Scene, ViewLayer | Updating Mesh | Copying Attributes to device
Fra:1 Mem:19.24M (Peak 25.03M) | Time:00:00.03 | Mem:0.13M, Peak:0.13M | Scene, ViewLayer | Updating Scene BVH | Building
Fra:1 Mem:19.24M (Peak 25.03M) | Time:00:00.04 | Mem:0.13M, Peak:0.13M | Scene, ViewLayer | Updating Scene BVH | Building BVH
Fra:1 Mem:19.24M (Peak 25.03M) | Time:00:00.04 | Mem:0.45M, Peak:0.45M | Scene, ViewLayer | Updating Scene BVH | Building BVH 0%
Fra:1 Mem:19.24M (Peak 25.03M) | Time:00:00.04 | Mem:0.87M, Peak:1.19M | Scene, ViewLayer | Updating Scene BVH | Copying BVH to device
Fra:1 Mem:19.24M (Peak 25.03M) | Time:00:00.04 | Mem:0.87M, Peak:1.19M | Scene, ViewLayer | Updating Mesh | Computing normals
Fra:1 Mem:19.61M (Peak 25.03M) | Time:00:00.04 | Mem:0.87M, Peak:1.19M | Scene, ViewLayer | Updating Mesh | Copying Mesh to device
Fra:1 Mem:19.61M (Peak 25.03M) | Time:00:00.04 | Mem:1.24M, Peak:1.24M | Scene, ViewLayer | Updating Objects Flags
Fra:1 Mem:19.61M (Peak 25.03M) | Time:00:00.04 | Mem:1.24M, Peak:1.24M | Scene, ViewLayer | Updating Primitive Offsets
Fra:1 Mem:19.61M (Peak 25.03M) | Time:00:00.04 | Mem:1.24M, Peak:1.24M | Scene, ViewLayer | Updating Images
Fra:1 Mem:19.61M (Peak 25.03M) | Time:00:00.04 | Mem:1.24M, Peak:1.24M | Scene, ViewLayer | Updating Camera Volume
Fra:1 Mem:19.61M (Peak 25.03M) | Time:00:00.04 | Mem:1.24M, Peak:1.24M | Scene, ViewLayer | Updating Lookup Tables
Fra:1 Mem:19.61M (Peak 25.03M) | Time:00:00.04 | Mem:1.32M, Peak:1.32M | Scene, ViewLayer | Updating Lights
Fra:1 Mem:19.61M (Peak 25.03M) | Time:00:00.04 | Mem:1.32M, Peak:1.32M | Scene, ViewLayer | Updating Lights | Computing distribution
Fra:1 Mem:19.61M (Peak 25.03M) | Time:00:00.04 | Mem:1.32M, Peak:1.32M | Scene, ViewLayer | Updating Lights | Computing tree
Fra:1 Mem:19.62M (Peak 25.03M) | Time:00:00.04 | Mem:1.33M, Peak:1.33M | Scene, ViewLayer | Updating Integrator
Fra:1 Mem:21.62M (Peak 25.03M) | Time:00:00.04 | Mem:3.33M, Peak:3.33M | Scene, ViewLayer | Updating Film
Fra:1 Mem:21.62M (Peak 25.03M) | Time:00:00.04 | Mem:3.25M, Peak:3.33M | Scene, ViewLayer | Updating Lookup Tables
Fra:1 Mem:21.62M (Peak 25.03M) | Time:00:00.04 | Mem:3.33M, Peak:3.33M | Scene, ViewLayer | Updating Baking
Fra:1 Mem:21.62M (Peak 25.03M) | Time:00:00.04 | Mem:3.33M, Peak:3.33M | Scene, ViewLayer | Updating Device | Writing constant memory
Fra:1 Mem:21.62M (Peak 25.03M) | Time:00:00.04 | Mem:3.33M, Peak:3.33M | Scene, ViewLayer | Sample 0/300
Fra:1 Mem:92.87M (Peak 92.87M) | Time:00:01.64 | Remaining:07:59.04 | Mem:74.52M, Peak:74.52M | Scene, ViewLayer | Sample 1/300
Fra:1 Mem:92.87M (Peak 92.87M) | Time:00:18.72 | Remaining:05:10.84 | Mem:74.52M, Peak:74.52M | Scene, ViewLayer | Sample 17/300
Fra:1 Mem:92.87M (Peak 92.87M) | Time:00:58.67 | Remaining:05:00.30 | Mem:74.52M, Peak:74.52M | Scene, ViewLayer | Sample 49/300
Fra:1 Mem:92.87M (Peak 92.87M) | Time:01:35.02 | Remaining:04:21.19 | Mem:74.52M, Peak:74.52M | Scene, ViewLayer | Sample 80/300
Fra:1 Mem:92.87M (Peak 92.87M) | Time:01:35.33 | Remaining:03:22.49 | Mem:74.52M, Peak:74.52M | Scene, ViewLayer | Sample 96/300
Fra:1 Mem:92.87M (Peak 92.87M) | Time:01:35.53 | Remaining:02:40.27 | Mem:74.52M, Peak:74.52M | Scene, ViewLayer | Sample 112/300
Fra:1 Mem:92.87M (Peak 92.87M) | Time:01:35.66 | Remaining:02:08.48 | Mem:74.52M, Peak:74.52M | Scene, ViewLayer | Sample 128/300
Fra:1 Mem:92.87M (Peak 92.87M) | Time:01:35.77 | Remaining:01:43.70 | Mem:74.52M, Peak:74.52M | Scene, ViewLayer | Sample 144/300
Fra:1 Mem:92.87M (Peak 92.87M) | Time:01:35.86 | Remaining:01:23.83 | Mem:74.52M, Peak:74.52M | Scene, ViewLayer | Sample 160/300
Fra:1 Mem:92.87M (Peak 92.87M) | Time:01:35.95 | Remaining:01:07.56 | Mem:74.52M, Peak:74.52M | Scene, ViewLayer | Sample 176/300
Fra:1 Mem:92.87M (Peak 92.87M) | Time:01:36.04 | Remaining:00:53.99 | Mem:74.52M, Peak:74.52M | Scene, ViewLayer | Sample 192/300
Fra:1 Mem:92.87M (Peak 92.87M) | Time:01:36.12 | Remaining:00:42.49 | Mem:74.52M, Peak:74.52M | Scene, ViewLayer | Sample 208/300
Fra:1 Mem:92.87M (Peak 92.87M) | Time:01:36.20 | Remaining:00:32.62 | Mem:74.52M, Peak:74.52M | Scene, ViewLayer | Sample 224/300
Fra:1 Mem:124.51M (Peak 187.79M) | Time:01:36.37 | Remaining:00:32.68 | Mem:74.52M, Peak:74.52M | Scene, ViewLayer | Sample 0/300
Fra:1 Mem:124.51M (Peak 187.79M) | Time:01:36.37 | Remaining:00:32.68 | Mem:74.52M, Peak:74.52M | Scene, ViewLayer | Finished
Saved: '/home/fac/piscina/V4/renders/projeto_render_18h.png'
Time: 01:36.71 (Saving: 00:00.31)

✅ SCRIPT EXECUTADO COM SUCESSO! CENA 3D COMPLETA E ALINHADA.
V3 | Estudo solar 2026-08-31 | lat -23.55 lon -46.63 tz -3.0
  07h -> elev   8.3 deg  azim  76.4 deg  -> projeto_render_7h.png
  08h -> elev  21.4 deg  azim  69.3 deg  -> projeto_render_8h.png
  09h -> elev  33.9 deg  azim  60.2 deg  -> projeto_render_9h.png
  10h -> elev  45.0 deg  azim  47.4 deg  -> projeto_render_10h.png
  11h -> elev  53.6 deg  azim  28.8 deg  -> projeto_render_11h.png
  12h -> elev  57.5 deg  azim   3.3 deg  -> projeto_render_12h.png
  13h -> elev  55.1 deg  azim 336.8 deg  -> projeto_render_13h.png
  14h -> elev  47.4 deg  azim 316.4 deg  -> projeto_render_14h.png
  15h -> elev  36.8 deg  azim 302.4 deg  -> projeto_render_15h.png
  16h -> elev  24.6 deg  azim 292.6 deg  -> projeto_render_16h.png
  17h -> elev  11.5 deg  azim 285.1 deg  -> projeto_render_17h.png
  18h -> elev  -1.9 deg  azim 278.8 deg  -> projeto_render_18h.png
RENDER_V3_OK

Blender quit
